{
    "total_costs": {
        "total_fidelity_loss": 6.211482411479049,
        "epairs": 54,
        "execution_time": 0.18137383460998535,
        "num_comms": 54,
        "rgeo_mean_fid": 0.9,
        "total_fidelity_log_sum": -6.501696384901808,
        "total_fidelity": 0.0015008909434469234,
        "remote_hops": 54,
        "remote_swaps": 0,
        "cat_ents": 38,
        "local_fidelity_loss": 0.8114824114790513,
        "remote_fidelity_loss": 5.399999999999998,
        "local_fidelity_log_sum": -0.8122285393791925,
        "remote_fidelity_log_sum": -5.689467845522616,
        "local_fidelity": 0.44386778635289775,
        "remote_fidelity": 0.00338139191352273,
        "local_gate_num": 1059
    },
    "num_records": 1,
    "records": [
        {
            "layer_start": 0,
            "layer_end": 72,
            "partition": [
                [
                    0,
                    1,
                    2,
                    3,
                    4,
                    5,
                    6,
                    7,
                    8,
                    9
                ],
                [
                    10,
                    11,
                    12,
                    13,
                    14,
                    15,
                    16,
                    17,
                    18,
                    19
                ]
            ],
            "mapping_type": "cat",
            "costs": {
                "total_fidelity_loss": 6.211482411479049,
                "epairs": 54,
                "execution_time": 0.0,
                "num_comms": 54,
                "rgeo_mean_fid": 0.9,
                "total_fidelity_log_sum": -6.501696384901808,
                "total_fidelity": 0.0015008909434469234,
                "remote_hops": 54,
                "remote_swaps": 0,
                "cat_ents": 38,
                "local_fidelity_loss": 0.8114824114790513,
                "remote_fidelity_loss": 5.399999999999998,
                "local_fidelity_log_sum": -0.8122285393791925,
                "remote_fidelity_log_sum": -5.689467845522616,
                "local_fidelity": 0.44386778635289775,
                "remote_fidelity": 0.00338139191352273,
                "local_gate_num": 1059
            },
            "logical_phy_map": {
                "0": [
                    0,
                    6
                ],
                "1": [
                    0,
                    4
                ],
                "2": [
                    0,
                    3
                ],
                "3": [
                    0,
                    7
                ],
                "4": [
                    0,
                    8
                ],
                "5": [
                    0,
                    5
                ],
                "6": [
                    0,
                    2
                ],
                "7": [
                    0,
                    1
                ],
                "8": [
                    0,
                    0
                ],
                "9": [
                    0,
                    9
                ],
                "10": [
                    1,
                    4
                ],
                "11": [
                    1,
                    5
                ],
                "12": [
                    1,
                    2
                ],
                "13": [
                    1,
                    1
                ],
                "14": [
                    1,
                    0
                ],
                "15": [
                    1,
                    3
                ],
                "16": [
                    1,
                    6
                ],
                "17": [
                    1,
                    7
                ],
                "18": [
                    1,
                    9
                ],
                "19": [
                    1,
                    8
                ]
            },
            "extra_info": {
                "autocomm_latency": 805.600000000002,
                "autocomm_assigned_block_count": 408,
                "comm_only_costs": false
            }
        }
    ]
}