{
    "total_costs": {
        "total_fidelity_loss": 2324.7752088139414,
        "epairs": 24180,
        "execution_time": 69.64834594726562,
        "num_comms": 24180,
        "rgeo_mean_fid": 0.9091167968151177,
        "total_fidelity_log_sum": -2432.350225840805,
        "total_fidelity": 0.0,
        "remote_hops": 24180,
        "remote_swaps": 0,
        "cat_ents": 0,
        "local_fidelity_loss": 128.3116657598254,
        "remote_fidelity_loss": 2196.463543054116,
        "local_fidelity_log_sum": -128.43863005700558,
        "remote_fidelity_log_sum": -2303.9115957837994,
        "local_fidelity": 1.6588675166597341e-56,
        "remote_fidelity": 1e-323,
        "local_gate_num": 156143
    },
    "num_records": 1,
    "records": [
        {
            "layer_start": 0,
            "layer_end": 1202,
            "partition": [
                [
                    13,
                    17,
                    21,
                    22,
                    24,
                    28,
                    29,
                    72,
                    111,
                    71,
                    43,
                    60,
                    109,
                    65,
                    41,
                    59,
                    76,
                    52,
                    49,
                    2,
                    68,
                    108,
                    11,
                    48,
                    75,
                    12,
                    96,
                    107,
                    37,
                    86
                ],
                [
                    31,
                    36,
                    40,
                    55,
                    112,
                    7,
                    5,
                    4,
                    95,
                    80,
                    93,
                    103,
                    46,
                    18,
                    51,
                    45,
                    106,
                    58,
                    66,
                    85,
                    35,
                    94,
                    98,
                    97,
                    26,
                    119,
                    77,
                    3,
                    79,
                    83
                ],
                [
                    69,
                    70,
                    73,
                    82,
                    88,
                    89,
                    14,
                    15,
                    50,
                    114,
                    90,
                    1,
                    104,
                    47,
                    10,
                    44,
                    74,
                    8,
                    39,
                    34,
                    25,
                    0,
                    53,
                    23,
                    33,
                    27,
                    61,
                    118,
                    42,
                    102
                ],
                [
                    92,
                    101,
                    105,
                    110,
                    116,
                    117,
                    54,
                    63,
                    30,
                    19,
                    20,
                    57,
                    78,
                    64,
                    87,
                    100,
                    38,
                    62,
                    81,
                    6,
                    91,
                    67,
                    113,
                    56,
                    115,
                    84,
                    16,
                    32,
                    99,
                    9
                ]
            ],
            "mapping_type": "telegate",
            "costs": {
                "total_fidelity_loss": 2324.7752088139414,
                "epairs": 24180,
                "execution_time": 0.0,
                "num_comms": 24180,
                "rgeo_mean_fid": 0.9091167968151177,
                "total_fidelity_log_sum": -2432.350225840805,
                "total_fidelity": 0.0,
                "remote_hops": 24180,
                "remote_swaps": 0,
                "cat_ents": 0,
                "local_fidelity_loss": 128.3116657598254,
                "remote_fidelity_loss": 2196.463543054116,
                "local_fidelity_log_sum": -128.43863005700558,
                "remote_fidelity_log_sum": -2303.9115957837994,
                "local_fidelity": 1.6588675166597341e-56,
                "remote_fidelity": 1e-323,
                "local_gate_num": 156143
            },
            "logical_phy_map": {
                "13": [
                    0,
                    14
                ],
                "17": [
                    0,
                    16
                ],
                "21": [
                    0,
                    26
                ],
                "22": [
                    0,
                    0
                ],
                "24": [
                    0,
                    12
                ],
                "28": [
                    0,
                    2
                ],
                "29": [
                    0,
                    1
                ],
                "72": [
                    0,
                    25
                ],
                "111": [
                    0,
                    24
                ],
                "71": [
                    0,
                    23
                ],
                "43": [
                    0,
                    22
                ],
                "60": [
                    0,
                    8
                ],
                "109": [
                    0,
                    21
                ],
                "65": [
                    0,
                    7
                ],
                "41": [
                    0,
                    4
                ],
                "59": [
                    0,
                    17
                ],
                "76": [
                    0,
                    3
                ],
                "52": [
                    0,
                    28
                ],
                "49": [
                    0,
                    10
                ],
                "2": [
                    0,
                    9
                ],
                "68": [
                    0,
                    19
                ],
                "108": [
                    0,
                    20
                ],
                "11": [
                    0,
                    5
                ],
                "48": [
                    0,
                    29
                ],
                "75": [
                    0,
                    11
                ],
                "12": [
                    0,
                    15
                ],
                "96": [
                    0,
                    13
                ],
                "107": [
                    0,
                    6
                ],
                "37": [
                    0,
                    27
                ],
                "86": [
                    0,
                    18
                ],
                "31": [
                    1,
                    10
                ],
                "36": [
                    1,
                    22
                ],
                "40": [
                    1,
                    23
                ],
                "55": [
                    1,
                    11
                ],
                "112": [
                    1,
                    16
                ],