{
    "total_costs": {
        "total_fidelity_loss": 5.541700674949005,
        "epairs": 60,
        "execution_time": 0.49747443199157715,
        "num_comms": 60,
        "rgeo_mean_fid": 0.9096059769075373,
        "total_fidelity_log_sum": -5.803411678400917,
        "total_fidelity": 0.003017243301909609,
        "remote_hops": 60,
        "remote_swaps": 0,
        "cat_ents": 0,
        "local_fidelity_loss": 0.11871919906356104,
        "remote_fidelity_loss": 5.422981475885444,
        "local_fidelity_log_sum": -0.11878573947156601,
        "remote_fidelity_log_sum": -5.684625938929352,
        "local_fidelity": 0.8879980433104958,
        "remote_fidelity": 0.003397803998149808,
        "local_gate_num": 268
    },
    "num_records": 1,
    "records": [
        {
            "layer_start": 0,
            "layer_end": 82,
            "partition": [
                [
                    4,
                    3,
                    5
                ],
                [
                    1,
                    6,
                    7
                ],
                [
                    0,
                    2
                ],
                []
            ],
            "mapping_type": "telegate",
            "costs": {
                "total_fidelity_loss": 5.541700674949005,
                "epairs": 60,
                "execution_time": 0.0,
                "num_comms": 60,
                "rgeo_mean_fid": 0.9096059769075373,
                "total_fidelity_log_sum": -5.803411678400917,
                "total_fidelity": 0.003017243301909609,
                "remote_hops": 60,
                "remote_swaps": 0,
                "cat_ents": 0,
                "local_fidelity_loss": 0.11871919906356104,
                "remote_fidelity_loss": 5.422981475885444,
                "local_fidelity_log_sum": -0.11878573947156601,
                "remote_fidelity_log_sum": -5.684625938929352,
                "local_fidelity": 0.8879980433104958,
                "remote_fidelity": 0.003397803998149808,
                "local_gate_num": 268
            },
            "logical_phy_map": {
                "4": [
                    0,
                    0
                ],
                "3": [
                    0,
                    1
                ],
                "5": [
                    0,
                    2
                ],
                "1": [
                    1,
                    0
                ],
                "6": [
                    1,
                    1
                ],
                "7": [
                    1,
                    2
                ],
                "0": [
                    2,
                    0
                ],
                "2": [
                    2,
                    1
                ]
            },
            "extra_info": null
        }
    ]
}