{
    "total_costs": {
        "total_fidelity_loss": 3.817536252157133,
        "epairs": 42,
        "execution_time": 2.5646533966064453,
        "num_comms": 36,
        "rgeo_mean_fid": 0.9009132558751536,
        "total_fidelity_log_sum": -3.9818408858334178,
        "total_fidelity": 0.01865127285108204,
        "remote_hops": 30,
        "remote_swaps": 6,
        "cat_ents": 0,
        "local_fidelity_loss": 0.22522394263847648,
        "remote_fidelity_loss": 3.5923123095186567,
        "local_fidelity_log_sum": -0.22537403554650706,
        "remote_fidelity_log_sum": -3.7564668502869107,
        "local_fidelity": 0.7982176011593781,
        "remote_fidelity": 0.023366150814003398,
        "local_gate_num": 384
    },
    "num_records": 3,
    "records": [
        {
            "layer_start": 0,
            "layer_end": 9,
            "partition": [
                [
                    0,
                    2
                ],
                [
                    1,
                    3
                ],
                [
                    6,
                    7
                ],
                [
                    4,
                    5
                ]
            ],
            "mapping_type": "teledata",
            "costs": {
                "total_fidelity_loss": 0.03358666909380262,
                "epairs": 0,
                "execution_time": 0.0,
                "num_comms": 0,
                "rgeo_mean_fid": 1.0,
                "total_fidelity_log_sum": -0.03361098742932509,
                "total_fidelity": 0.966947586248761,
                "remote_hops": 0,
                "remote_swaps": 0,
                "cat_ents": 0,
                "local_fidelity_loss": 0.03358666909380262,
                "remote_fidelity_loss": 0.0,
                "local_fidelity_log_sum": -0.03361098742932509,
                "remote_fidelity_log_sum": 0.0,
                "local_fidelity": 0.966947586248761,
                "remote_fidelity": 1.0,
                "local_gate_num": 60
            },
            "logical_phy_map": {
                "0": [
                    0,
                    0
                ],
                "2": [
                    0,
                    1
                ],
                "1": [
                    1,
                    0
                ],
                "3": [
                    1,
                    1
                ],
                "6": [
                    2,
                    0
                ],
                "7": [
                    2,
                    1
                ],
                "4": [
                    3,
                    0
                ],
                "5": [
                    3,
                    1
                ]
            },
            "extra_info": null
        },
        {
            "layer_start": 13,
            "layer_end": 59,
            "partition": [
                [
                    0,
                    2
                ],
                [
                    3,
                    4
                ],
                [
                    6,
                    5
                ],
                [
                    1,
                    7
                ]
            ],
            "mapping_type": "cat",
            "costs": {
                "total_fidelity_loss": 2.524513998015331,
                "epairs": 28,
                "execution_time": 0.0,
                "num_comms": 24,
                "rgeo_mean_fid": 0.9007067426605008,
                "total_fidelity_log_sum": -2.6344690379474747,
                "total_fidelity": 0.07175705957111352,
                "remote_hops": 20,
                "remote_swaps": 4,
                "cat_ents": 0,
                "local_fidelity_loss": 0.12457468379554666,
                "remote_fidelity_loss": 2.3999393142197842,
                "local_fidelity_log_sum": -0.12465573719736718,
                "remote_fidelity_log_sum": -2.5098133007501073,
                "local_fidelity": 0.8828007657429838,
                "remote_fidelity": 0.08128341337665385,
                "local_gate_num": 209
            },
            "logical_phy_map": {
                "0": [
                    0,
                    0
                ],
                "2": [
                    0,
                    1
                ],
                "1": [
                    3,
                    0
                ],
                "3": [
                    1,
                    1
                ],
                "6": [
                    2,
                    0
                ],
                "7": [
                    3,
                    1
                ],
                "4": [
                    1,
                    0
                ],
                "5": [
                    2,
                    1
                ]
            },
            "extra_info": {
                "autocomm_latency": 198.19999999999993,
                "autocomm_assigned_block_count": 117,
                "comm_only_costs": true
            }
        },
        {
            "layer_start": 62,
            "layer_end": 82,
            "partition": [
                [
                    2,
                    3
                ],
                [
                    4,
                    0
                ],
                [
                    5,
                    1
                ],
                [
                    7,
                    6
                ]
            ],
            "mapping_type": "cat",
            "costs": {
                "total_fidelity_loss": 1.2594355850479995,
                "epairs": 14,
                "execution_time": 0.0,
                "num_comms": 12,
                "rgeo_mean_fid": 0.9013264243627959,
                "total_fidelity_log_sum": -1.3137608604566182,
                "total_fidelity": 0.26880720659141316,
                "remote_hops": 10,
                "remote_swaps": 2,
                "cat_ents": 0,
                "local_fidelity_loss": 0.06706258974912718,
                "remote_fidelity_loss": 1.1923729952988722,
                "local_fidelity_log_sum": -0.06710731091981478,
                "remote_fidelity_log_sum": -1.2466535495368034,
                "local_fidelity": 0.9350948500640046,
                "remote_fidelity": 0.2874651770063904,
                "local_gate_num": 115
            },
            "logical_phy_map": {
                "0": [
                    1,
                    1
                ],
                "2": [
                    0,
                    1
                ],
                "1": [
                    2,
                    0
                ],
                "3": [
                    0,
                    0
                ],
                "6": [
                    3,
                    0
                ],
                "7": [
                    3,
                    1
                ],
                "4": [
                    1,
                    0
                ],
                "5": [
                    2,
                    1
                ]
            },
            "extra_info": {
                "autocomm_latency": 113.19999999999993,
                "autocomm_assigned_block_count": 79,
                "comm_only_costs": true
            }
        }
    ]
}