{
    "total_costs": {
        "total_fidelity_loss": 3.938705533253886,
        "epairs": 44,
        "execution_time": 3.255729913711548,
        "num_comms": 38,
        "rgeo_mean_fid": 0.9030066860800137,
        "total_fidelity_log_sum": -4.1059570095337135,
        "total_fidelity": 0.01647424528204838,
        "remote_hops": 32,
        "remote_swaps": 6,
        "cat_ents": 0,
        "local_fidelity_loss": 0.22882256572336346,
        "remote_fidelity_loss": 3.7098829675305227,
        "local_fidelity_log_sum": -0.22899480029484603,
        "remote_fidelity_log_sum": -3.8769622092388674,
        "local_fidelity": 0.795332668989721,
        "remote_fidelity": 0.0207136534489083,
        "local_gate_num": 339
    },
    "num_records": 8,
    "records": [
        {
            "layer_start": 0,
            "layer_end": 9,
            "partition": [
                [
                    0,
                    2
                ],
                [
                    1,
                    3
                ],
                [
                    4,
                    5
                ],
                [
                    6,
                    7
                ]
            ],
            "mapping_type": "teledata",
            "costs": {
                "total_fidelity_loss": 0.03358666909380262,
                "epairs": 0,
                "execution_time": 0.0,
                "num_comms": 0,
                "rgeo_mean_fid": 1.0,
                "total_fidelity_log_sum": -0.03361098742932509,
                "total_fidelity": 0.966947586248761,
                "remote_hops": 0,
                "remote_swaps": 0,
                "cat_ents": 0,
                "local_fidelity_loss": 0.03358666909380262,
                "remote_fidelity_loss": 0.0,
                "local_fidelity_log_sum": -0.03361098742932509,
                "remote_fidelity_log_sum": 0.0,
                "local_fidelity": 0.966947586248761,
                "remote_fidelity": 1.0,
                "local_gate_num": 60
            },
            "logical_phy_map": {
                "0": [
                    0,
                    0
                ],
                "2": [
                    0,
                    1
                ],
                "1": [
                    1,
                    0
                ],
                "3": [
                    1,
                    1
                ],
                "4": [
                    2,
                    0
                ],
                "5": [
                    2,
                    1
                ],
                "6": [
                    3,
                    0
                ],
                "7": [
                    3,
                    1
                ]
            },
            "extra_info": null
        },
        {
            "layer_start": 13,
            "layer_end": 19,
            "partition": [
                [
                    0,
                    2
                ],
                [
                    1,
                    7
                ],
                [
                    3,
                    4
                ],
                [
                    5,
                    6
                ]
            ],
            "mapping_type": "teledata",
            "costs": {
                "total_fidelity_loss": 0.37446951683138574,
                "epairs": 4,
                "execution_time": 0.0,
                "num_comms": 4,
                "rgeo_mean_fid": 0.9119799695067798,
                "total_fidelity_log_sum": -0.39100383922698406,
                "total_fidelity": 0.6763775592673276,
                "remote_hops": 4,
                "remote_swaps": 0,
                "cat_ents": 0,
                "local_fidelity_loss": 0.02243735459409467,
                "remote_fidelity_loss": 0.35203216223729106,
                "local_fidelity_log_sum": -0.022454829590538652,
                "remote_fidelity_log_sum": -0.36854900963644543,
                "local_fidelity": 0.9777954036145721,
                "remote_fidelity": 0.6917373069734151,
                "local_gate_num": 27
            },
            "logical_phy_map": {
                "0": [
                    0,
                    0
                ],
                "2": [
                    0,
                    1
                ],
                "1": [
                    1,
                    0
                ],
                "3": [
                    2,
                    1
                ],
                "4": [
                    2,
                    0
                ],
                "5": [
                    3,
                    1
                ],
                "6": [
                    3,
                    0
                ],
                "7": [
                    1,
                    1
                ]
            },
            "extra_info": null
        },
        {
            "layer_start": 22,
            "layer_end": 29,
            "partition": [
                [
                    1,
                    7
                ],
                [
                    0,
                    6
                ],
                [
                    3,
                    5
                ],
                [
                    2,
                    4
                ]
            ],
            "mapping_type": "teledata",
            "costs": {
                "total_fidelity_loss": 0.8630271856758039,
                "epairs": 10,
                "execution_time": 0.0,
                "num_comms": 8,
                "rgeo_mean_fid": 0.8960464126756605,
                "total_fidelity_log_sum": -0.9008083985161787,
                "total_fidelity": 0.4062411222434461,
                "remote_hops": 6,
                "remote_swaps": 2,
                "cat_ents": 0,
                "local_fidelity_loss": 0.022686352614222763,
                "remote_fidelity_loss": 0.8403408330615811,
                "local_fidelity_log_sum": -0.022703858615820707,
                "remote_fidelity_log_sum": -0.878104539900358,
                "local_fidelity": 0.9775519344949818,
                "remote_fidelity": 0.4155698617212767,
                "local_gate_num": 32
            },
            "logical_phy_map": {
                "0": [
                    1,
                    0
                ],
                "2": [
                    3,
                    0
                ],
                "1": [
                    0,
                    0
                ],
                "3": [
                    2,
                    1
                ],
                "4": [
                    3,
                    1
                ],
                "5": [
                    2,
                    0
                ],
                "6": [
                    1,
                    1
                ],
                "7": [
                    0,
                    1
                ]
            },
            "extra_info": null
        },
        {
            "layer_start": 32,
            "layer_end": 39,
            "partition": [
                [
                    1,
                    6
                ],
                [
                    0,
                    5
                ],
                [
                    2,
                    7
                ],
                [
                    3,
                    4
                ]
            ],
            "mapping_type": "teledata",
            "costs": {
                "total_fidelity_loss": 0.5343360163138755,
                "epairs": 6,
                "execution_time": 0.0,
                "num_comms": 5,
                "rgeo_mean_fid": 0.900133362222617,
                "total_fidelity_log_sum": -0.5569193083882829,
                "total_fidelity": 0.5729714961817157,
                "remote_hops": 4,
                "remote_swaps": 1,