{
    "total_costs": {
        "total_fidelity_loss": 7.875448282774928,
        "epairs": 93,
        "execution_time": 0.2314901351928711,
        "num_comms": 93,
        "rgeo_mean_fid": 0.9157734699242625,
        "total_fidelity_log_sum": -8.227609937760105,
        "total_fidelity": 0.0002671741305587151,
        "remote_hops": 93,
        "remote_swaps": 0,
        "cat_ents": 0,
        "local_fidelity_loss": 0.04486485647065956,
        "remote_fidelity_loss": 7.830583426304269,
        "local_fidelity_log_sum": -0.04488883016994522,
        "remote_fidelity_log_sum": -8.18272110759016,
        "local_fidelity": 0.9561037658183649,
        "remote_fidelity": 0.0002794405169296983,
        "local_gate_num": 96
    },
    "num_records": 1,
    "records": [
        {
            "layer_start": 0,
            "layer_end": 82,
            "partition": [
                [
                    3,
                    4
                ],
                [
                    2,
                    0
                ],
                [
                    5,
                    1
                ],
                [
                    6,
                    7
                ]
            ],
            "mapping_type": "telegate",
            "costs": {
                "total_fidelity_loss": 7.875448282774928,
                "epairs": 93,
                "execution_time": 0.0,
                "num_comms": 93,
                "rgeo_mean_fid": 0.9157734699242625,
                "total_fidelity_log_sum": -8.227609937760105,
                "total_fidelity": 0.0002671741305587151,
                "remote_hops": 93,
                "remote_swaps": 0,
                "cat_ents": 0,
                "local_fidelity_loss": 0.04486485647065956,
                "remote_fidelity_loss": 7.830583426304269,
                "local_fidelity_log_sum": -0.04488883016994522,
                "remote_fidelity_log_sum": -8.18272110759016,
                "local_fidelity": 0.9561037658183649,
                "remote_fidelity": 0.0002794405169296983,
                "local_gate_num": 96
            },
            "logical_phy_map": {
                "3": [
                    0,
                    0
                ],
                "4": [
                    0,
                    1
                ],
                "2": [
                    1,
                    0
                ],
                "0": [
                    1,
                    1
                ],
                "5": [
                    2,
                    0
                ],
                "1": [
                    2,
                    1
                ],
                "6": [
                    3,
                    0
                ],
                "7": [
                    3,
                    1
                ]
            },
            "extra_info": null
        }
    ]
}