{
    "total_costs": {
        "total_fidelity_loss": 7.537664245263023,
        "epairs": 93,
        "execution_time": 0.2533266544342041,
        "num_comms": 93,
        "rgeo_mean_fid": 0.9193365434530562,
        "total_fidelity_log_sum": -7.859127029524798,
        "total_fidelity": 0.00038621087494459367,
        "remote_hops": 93,
        "remote_swaps": 0,
        "cat_ents": 0,
        "local_fidelity_loss": 0.037524463867306776,
        "remote_fidelity_loss": 7.500139781395716,
        "local_fidelity_log_sum": -0.03754640088606478,
        "remote_fidelity_log_sum": -7.821580628638733,
        "local_fidelity": 0.9631497256832698,
        "remote_fidelity": 0.0004009873695085269,
        "local_gate_num": 96
    },
    "num_records": 1,
    "records": [
        {
            "layer_start": 0,
            "layer_end": 82,
            "partition": [
                [
                    3,
                    4
                ],
                [
                    2,
                    0
                ],
                [
                    5,
                    1
                ],
                [
                    6,
                    7
                ]
            ],
            "mapping_type": "telegate",
            "costs": {
                "total_fidelity_loss": 7.537664245263023,
                "epairs": 93,
                "execution_time": 0.0,
                "num_comms": 93,
                "rgeo_mean_fid": 0.9193365434530562,
                "total_fidelity_log_sum": -7.859127029524798,
                "total_fidelity": 0.00038621087494459367,
                "remote_hops": 93,
                "remote_swaps": 0,
                "cat_ents": 0,
                "local_fidelity_loss": 0.037524463867306776,
                "remote_fidelity_loss": 7.500139781395716,
                "local_fidelity_log_sum": -0.03754640088606478,
                "remote_fidelity_log_sum": -7.821580628638733,
                "local_fidelity": 0.9631497256832698,
                "remote_fidelity": 0.0004009873695085269,
                "local_gate_num": 96
            },
            "logical_phy_map": {
                "3": [
                    0,
                    0
                ],
                "4": [
                    0,
                    1
                ],
                "2": [
                    1,
                    0
                ],
                "0": [
                    1,
                    1
                ],
                "5": [
                    2,
                    0
                ],
                "1": [
                    2,
                    1
                ],
                "6": [
                    3,
                    0
                ],
                "7": [
                    3,
                    1
                ]
            },
            "extra_info": null
        }
    ]
}