{
    "total_costs": {
        "total_fidelity_loss": 8.022765667604352,
        "epairs": 93,
        "execution_time": 0.24552106857299805,
        "num_comms": 93,
        "rgeo_mean_fid": 0.9140930133107332,
        "total_fidelity_log_sum": -8.390816328452134,
        "total_fidelity": 0.0002269419435563634,
        "remote_hops": 93,
        "remote_swaps": 0,
        "cat_ents": 0,
        "local_fidelity_loss": 0.03725686539547902,
        "remote_fidelity_loss": 7.985508802208873,
        "local_fidelity_log_sum": -0.037282202071265313,
        "remote_fidelity_log_sum": -8.353534126380868,
        "local_fidelity": 0.963404222316644,
        "remote_fidelity": 0.00023556253782098738,
        "local_gate_num": 80
    },
    "num_records": 1,
    "records": [
        {
            "layer_start": 0,
            "layer_end": 82,
            "partition": [
                [
                    3,
                    4
                ],
                [
                    2,
                    0
                ],
                [
                    5,
                    1
                ],
                [
                    6,
                    7
                ]
            ],
            "mapping_type": "telegate",
            "costs": {
                "total_fidelity_loss": 8.022765667604352,
                "epairs": 93,
                "execution_time": 0.0,
                "num_comms": 93,
                "rgeo_mean_fid": 0.9140930133107332,
                "total_fidelity_log_sum": -8.390816328452134,
                "total_fidelity": 0.0002269419435563634,
                "remote_hops": 93,
                "remote_swaps": 0,
                "cat_ents": 0,
                "local_fidelity_loss": 0.03725686539547902,
                "remote_fidelity_loss": 7.985508802208873,
                "local_fidelity_log_sum": -0.037282202071265313,
                "remote_fidelity_log_sum": -8.353534126380868,
                "local_fidelity": 0.963404222316644,
                "remote_fidelity": 0.00023556253782098738,
                "local_gate_num": 80
            },
            "logical_phy_map": {
                "3": [
                    0,
                    0
                ],
                "4": [
                    0,
                    1
                ],
                "2": [
                    1,
                    0
                ],
                "0": [
                    1,
                    1
                ],
                "5": [
                    2,
                    0
                ],
                "1": [
                    2,
                    1
                ],
                "6": [
                    3,
                    0
                ],
                "7": [
                    3,
                    1
                ]
            },
            "extra_info": null
        }
    ]
}