{
    "total_costs": {
        "total_fidelity_loss": 6.286901917101574,
        "epairs": 72,
        "execution_time": 0.3099040985107422,
        "num_comms": 72,
        "rgeo_mean_fid": 0.9160027086421145,
        "total_fidelity_log_sum": -6.557937003613227,
        "total_fidelity": 0.0014188096924966107,
        "remote_hops": 72,
        "remote_swaps": 0,
        "cat_ents": 2,
        "local_fidelity_loss": 0.24079384888768346,
        "remote_fidelity_loss": 6.04610806821389,
        "local_fidelity_log_sum": -0.24094807948903166,
        "remote_fidelity_log_sum": -6.316988924124195,
        "local_fidelity": 0.785882428746359,
        "remote_fidelity": 0.0018053714405600063,
        "local_gate_num": 444
    },
    "num_records": 1,
    "records": [
        {
            "layer_start": 0,
            "layer_end": 82,
            "partition": [
                [
                    0,
                    1
                ],
                [
                    2,
                    3
                ],
                [
                    4,
                    5
                ],
                [
                    6,
                    7
                ]
            ],
            "mapping_type": "cat",
            "costs": {
                "total_fidelity_loss": 6.286901917101574,
                "epairs": 72,
                "execution_time": 0.0,
                "num_comms": 72,
                "rgeo_mean_fid": 0.9160027086421145,
                "total_fidelity_log_sum": -6.557937003613227,
                "total_fidelity": 0.0014188096924966107,
                "remote_hops": 72,
                "remote_swaps": 0,
                "cat_ents": 2,
                "local_fidelity_loss": 0.24079384888768346,
                "remote_fidelity_loss": 6.04610806821389,
                "local_fidelity_log_sum": -0.24094807948903166,
                "remote_fidelity_log_sum": -6.316988924124195,
                "local_fidelity": 0.785882428746359,
                "remote_fidelity": 0.0018053714405600063,
                "local_gate_num": 444
            },
            "logical_phy_map": {
                "0": [
                    0,
                    0
                ],
                "1": [
                    0,
                    1
                ],
                "2": [
                    1,
                    0
                ],
                "3": [
                    1,
                    1
                ],
                "4": [
                    2,
                    0
                ],
                "5": [
                    2,
                    1
                ],
                "6": [
                    3,
                    0
                ],
                "7": [
                    3,
                    1
                ]
            },
            "extra_info": {
                "autocomm_latency": 534.7000000000004,
                "autocomm_assigned_block_count": 216,
                "comm_only_costs": false
            }
        }
    ]
}