{
    "total_costs": {
        "total_fidelity_loss": 3.9948469050500894,
        "epairs": 44,
        "execution_time": 3.279942274093628,
        "num_comms": 36,
        "rgeo_mean_fid": 0.896367603568395,
        "total_fidelity_log_sum": -4.16756321930937,
        "total_fidelity": 0.01548995980728157,
        "remote_hops": 28,
        "remote_swaps": 8,
        "cat_ents": 0,
        "local_fidelity_loss": 0.22882256572336346,
        "remote_fidelity_loss": 3.766024339326726,
        "local_fidelity_log_sum": -0.22899480029484603,
        "remote_fidelity_log_sum": -3.938568419014524,
        "local_fidelity": 0.795332668989721,
        "remote_fidelity": 0.01947607637814984,
        "local_gate_num": 339
    },
    "num_records": 8,
    "records": [
        {
            "layer_start": 0,
            "layer_end": 9,
            "partition": [
                [
                    1,
                    3
                ],
                [
                    0,
                    2
                ],
                [
                    4,
                    5
                ],
                [
                    6,
                    7
                ]
            ],
            "mapping_type": "teledata",
            "costs": {
                "total_fidelity_loss": 0.03358666909380262,
                "epairs": 0,
                "execution_time": 0.0,
                "num_comms": 0,
                "rgeo_mean_fid": 1.0,
                "total_fidelity_log_sum": -0.03361098742932509,
                "total_fidelity": 0.966947586248761,
                "remote_hops": 0,
                "remote_swaps": 0,
                "cat_ents": 0,
                "local_fidelity_loss": 0.03358666909380262,
                "remote_fidelity_loss": 0.0,
                "local_fidelity_log_sum": -0.03361098742932509,
                "remote_fidelity_log_sum": 0.0,
                "local_fidelity": 0.966947586248761,
                "remote_fidelity": 1.0,
                "local_gate_num": 60
            },
            "logical_phy_map": {
                "1": [
                    0,
                    0
                ],
                "3": [
                    0,
                    1
                ],
                "0": [
                    1,
                    0
                ],
                "2": [
                    1,
                    1
                ],
                "4": [
                    2,
                    0
                ],
                "5": [
                    2,
                    1
                ],
                "6": [
                    3,
                    0
                ],
                "7": [
                    3,
                    1
                ]
            },
            "extra_info": null
        },
        {
            "layer_start": 13,
            "layer_end": 19,
            "partition": [
                [
                    1,
                    7
                ],
                [
                    0,
                    2
                ],
                [
                    3,
                    4
                ],
                [
                    5,
                    6
                ]
            ],
            "mapping_type": "teledata",
            "costs": {
                "total_fidelity_loss": 0.5377778774776277,
                "epairs": 6,
                "execution_time": 0.0,
                "num_comms": 6,
                "rgeo_mean_fid": 0.9140741340199604,
                "total_fidelity_log_sum": -0.5615164379074402,
                "total_fidelity": 0.5703435172110538,
                "remote_hops": 6,
                "remote_swaps": 0,
                "cat_ents": 0,
                "local_fidelity_loss": 0.02243735459409467,
                "remote_fidelity_loss": 0.515340522883533,
                "local_fidelity_log_sum": -0.022454829590538652,
                "remote_fidelity_log_sum": -0.5390616083169015,
                "local_fidelity": 0.9777954036145721,
                "remote_fidelity": 0.5832953551455557,
                "local_gate_num": 27
            },
            "logical_phy_map": {
                "1": [
                    0,
                    0
                ],
                "3": [
                    2,
                    1
                ],
                "0": [
                    1,
                    0
                ],
                "2": [
                    1,
                    1
                ],
                "4": [
                    2,
                    0
                ],
                "5": [
                    3,
                    1
                ],
                "6": [
                    3,
                    0
                ],
                "7": [
                    0,
                    1
                ]
            },
            "extra_info": null
        },
        {
            "layer_start": 22,
            "layer_end": 29,
            "partition": [
                [
                    1,
                    7
                ],
                [
                    0,
                    6
                ],
                [
                    3,
                    5
                ],
                [
                    2,
                    4
                ]
            ],
            "mapping_type": "teledata",
            "costs": {
                "total_fidelity_loss": 0.6966675546397504,
                "epairs": 8,
                "execution_time": 0.0,
                "num_comms": 4,
                "rgeo_mean_fid": 0.8385763115342685,
                "total_fidelity_log_sum": -0.7269026277289354,
                "total_fidelity": 0.4834039556705629,
                "remote_hops": 0,
                "remote_swaps": 4,
                "cat_ents": 0,
                "local_fidelity_loss": 0.022686352614222763,
                "remote_fidelity_loss": 0.6739812020255276,
                "local_fidelity_log_sum": -0.022703858615820707,
                "remote_fidelity_log_sum": -0.7041987691131147,
                "local_fidelity": 0.9775519344949818,
                "remote_fidelity": 0.4945046279513494,
                "local_gate_num": 32
            },
            "logical_phy_map": {
                "1": [
                    0,
                    0
                ],
                "3": [
                    2,
                    1
                ],
                "0": [
                    1,
                    0
                ],
                "2": [
                    3,
                    0
                ],
                "4": [
                    3,
                    1
                ],
                "5": [
                    2,
                    0
                ],
                "6": [
                    1,
                    1
                ],
                "7": [
                    0,
                    1
                ]
            },
            "extra_info": null
        },
        {
            "layer_start": 32,
            "layer_end": 39,
            "partition": [
                [
                    1,
                    6
                ],
                [
                    0,
                    5
                ],
                [
                    2,
                    7
                ],
                [
                    3,
                    4
                ]
            ],
            "mapping_type": "teledata",
            "costs": {
                "total_fidelity_loss": 0.5461745447510784,
                "epairs": 6,
                "execution_time": 0.0,
                "num_comms": 5,
                "rgeo_mean_fid": 0.8977960774942653,
                "total_fidelity_log_sum": -0.5699191847647714,
                "total_fidelity": 0.5655711436176953,
                "remote_hops": 4,
                "remote_swaps": 1,