{
    "total_costs": {
        "total_fidelity_loss": 6.339276260030358,
        "epairs": 72,
        "execution_time": 0.14723420143127441,
        "num_comms": 72,
        "rgeo_mean_fid": 0.9152213452135645,
        "total_fidelity_log_sum": -6.616499463846572,
        "total_fidelity": 0.0013381068481547504,
        "remote_hops": 72,
        "remote_swaps": 0,
        "cat_ents": 2,
        "local_fidelity_loss": 0.23789855238542235,
        "remote_fidelity_loss": 6.101377707644936,
        "local_fidelity_log_sum": -0.23806729890065886,
        "remote_fidelity_log_sum": -6.378432164945913,
        "local_fidelity": 0.7881496477040646,
        "remote_fidelity": 0.0016977827143014653,
        "local_gate_num": 390
    },
    "num_records": 1,
    "records": [
        {
            "layer_start": 0,
            "layer_end": 82,
            "partition": [
                [
                    0,
                    1
                ],
                [
                    2,
                    3
                ],
                [
                    4,
                    5
                ],
                [
                    6,
                    7
                ]
            ],
            "mapping_type": "cat",
            "costs": {
                "total_fidelity_loss": 6.339276260030358,
                "epairs": 72,
                "execution_time": 0.0,
                "num_comms": 72,
                "rgeo_mean_fid": 0.9152213452135645,
                "total_fidelity_log_sum": -6.616499463846572,
                "total_fidelity": 0.0013381068481547504,
                "remote_hops": 72,
                "remote_swaps": 0,
                "cat_ents": 2,
                "local_fidelity_loss": 0.23789855238542235,
                "remote_fidelity_loss": 6.101377707644936,
                "local_fidelity_log_sum": -0.23806729890065886,
                "remote_fidelity_log_sum": -6.378432164945913,
                "local_fidelity": 0.7881496477040646,
                "remote_fidelity": 0.0016977827143014653,
                "local_gate_num": 390
            },
            "logical_phy_map": {
                "0": [
                    0,
                    0
                ],
                "1": [
                    0,
                    1
                ],
                "2": [
                    1,
                    0
                ],
                "3": [
                    1,
                    1
                ],
                "4": [
                    2,
                    0
                ],
                "5": [
                    2,
                    1
                ],
                "6": [
                    3,
                    0
                ],
                "7": [
                    3,
                    1
                ]
            },
            "extra_info": {
                "autocomm_latency": 534.7000000000004,
                "autocomm_assigned_block_count": 216,
                "comm_only_costs": false
            }
        }
    ]
}