{
    "total_costs": {
        "total_fidelity_loss": 6.054929603459351,
        "epairs": 60,
        "execution_time": 0.46175599098205566,
        "num_comms": 60,
        "rgeo_mean_fid": 0.9010980726715712,
        "total_fidelity_log_sum": -6.369365224119671,
        "total_fidelity": 0.0017132464079672738,
        "remote_hops": 60,
        "remote_swaps": 0,
        "cat_ents": 0,
        "local_fidelity_loss": 0.12082258858378925,
        "remote_fidelity_loss": 5.934107014875562,
        "local_fidelity_log_sum": -0.12089450780165309,
        "remote_fidelity_log_sum": -6.248470716318018,
        "local_fidelity": 0.8861274341934167,
        "remote_fidelity": 0.0019334086067730528,
        "local_gate_num": 255
    },
    "num_records": 1,
    "records": [
        {
            "layer_start": 0,
            "layer_end": 82,
            "partition": [
                [
                    4,
                    3,
                    5
                ],
                [
                    1,
                    6,
                    7
                ],
                [
                    0,
                    2
                ],
                []
            ],
            "mapping_type": "telegate",
            "costs": {
                "total_fidelity_loss": 6.054929603459351,
                "epairs": 60,
                "execution_time": 0.0,
                "num_comms": 60,
                "rgeo_mean_fid": 0.9010980726715712,
                "total_fidelity_log_sum": -6.369365224119671,
                "total_fidelity": 0.0017132464079672738,
                "remote_hops": 60,
                "remote_swaps": 0,
                "cat_ents": 0,
                "local_fidelity_loss": 0.12082258858378925,
                "remote_fidelity_loss": 5.934107014875562,
                "local_fidelity_log_sum": -0.12089450780165309,
                "remote_fidelity_log_sum": -6.248470716318018,
                "local_fidelity": 0.8861274341934167,
                "remote_fidelity": 0.0019334086067730528,
                "local_gate_num": 255
            },
            "logical_phy_map": {
                "4": [
                    0,
                    0
                ],
                "3": [
                    0,
                    1
                ],
                "5": [
                    0,
                    2
                ],
                "1": [
                    1,
                    0
                ],
                "6": [
                    1,
                    1
                ],
                "7": [
                    1,
                    2
                ],
                "0": [
                    2,
                    0
                ],
                "2": [
                    2,
                    1
                ]
            },
            "extra_info": null
        }
    ]
}