{
    "total_costs": {
        "total_fidelity_loss": 8.037304039949852,
        "epairs": 93,
        "execution_time": 0.32910585403442383,
        "num_comms": 93,
        "rgeo_mean_fid": 0.9140329734487995,
        "total_fidelity_log_sum": -8.405263541622933,
        "total_fidelity": 0.00022368683516037837,
        "remote_hops": 93,
        "remote_swaps": 0,
        "cat_ents": 0,
        "local_fidelity_loss": 0.045593250079344165,
        "remote_fidelity_loss": 7.991710789870507,
        "local_fidelity_log_sum": -0.04562074745627399,
        "remote_fidelity_log_sum": -8.359642794166659,
        "local_fidelity": 0.955404232975957,
        "remote_fidelity": 0.0002341279507037808,
        "local_gate_num": 92
    },
    "num_records": 1,
    "records": [
        {
            "layer_start": 0,
            "layer_end": 82,
            "partition": [
                [
                    3,
                    4
                ],
                [
                    2,
                    0
                ],
                [
                    5,
                    1
                ],
                [
                    6,
                    7
                ]
            ],
            "mapping_type": "telegate",
            "costs": {
                "total_fidelity_loss": 8.037304039949852,
                "epairs": 93,
                "execution_time": 0.0,
                "num_comms": 93,
                "rgeo_mean_fid": 0.9140329734487995,
                "total_fidelity_log_sum": -8.405263541622933,
                "total_fidelity": 0.00022368683516037837,
                "remote_hops": 93,
                "remote_swaps": 0,
                "cat_ents": 0,
                "local_fidelity_loss": 0.045593250079344165,
                "remote_fidelity_loss": 7.991710789870507,
                "local_fidelity_log_sum": -0.04562074745627399,
                "remote_fidelity_log_sum": -8.359642794166659,
                "local_fidelity": 0.955404232975957,
                "remote_fidelity": 0.0002341279507037808,
                "local_gate_num": 92
            },
            "logical_phy_map": {
                "3": [
                    0,
                    0
                ],
                "4": [
                    0,
                    1
                ],
                "2": [
                    1,
                    0
                ],
                "0": [
                    1,
                    1
                ],
                "5": [
                    2,
                    0
                ],
                "1": [
                    2,
                    1
                ],
                "6": [
                    3,
                    0
                ],
                "7": [
                    3,
                    1
                ]
            },
            "extra_info": null
        }
    ]
}