{
    "total_costs": {
        "total_fidelity_loss": 10.340174074628345,
        "epairs": 90,
        "execution_time": 0.2849395275115967,
        "num_comms": 90,
        "rgeo_mean_fid": 0.9157099692585661,
        "total_fidelity_log_sum": -10.685538112627318,
        "total_fidelity": 2.28733492663263e-05,
        "remote_hops": 90,
        "remote_swaps": 0,
        "cat_ents": 0,
        "local_fidelity_loss": 2.7580072807154195,
        "remote_fidelity_loss": 7.582166793912926,
        "local_fidelity_log_sum": -2.7605348423436613,
        "remote_fidelity_log_sum": -7.925003270283657,
        "local_fidelity": 0.06325792629281025,
        "remote_fidelity": 0.00036158866733078523,
        "local_gate_num": 2398
    },
    "num_records": 1,
    "records": [
        {
            "layer_start": 0,
            "layer_end": 80,
            "partition": [
                [
                    0,
                    1,
                    2,
                    3,
                    4,
                    5,
                    6,
                    7,
                    8,
                    9
                ],
                [
                    10,
                    11,
                    12,
                    13,
                    14,
                    15,
                    16,
                    17,
                    18,
                    19
                ],
                [
                    20,
                    21,
                    22,
                    23,
                    24,
                    25,
                    26,
                    27,
                    28,
                    29
                ],
                [
                    30,
                    31,
                    32,
                    33,
                    34,
                    35,
                    36,
                    37,
                    38,
                    39
                ]
            ],
            "mapping_type": "cat",
            "costs": {
                "total_fidelity_loss": 10.340174074628345,
                "epairs": 90,
                "execution_time": 0.0,
                "num_comms": 90,
                "rgeo_mean_fid": 0.9157099692585661,
                "total_fidelity_log_sum": -10.685538112627318,
                "total_fidelity": 2.28733492663263e-05,
                "remote_hops": 90,
                "remote_swaps": 0,
                "cat_ents": 0,
                "local_fidelity_loss": 2.7580072807154195,
                "remote_fidelity_loss": 7.582166793912926,
                "local_fidelity_log_sum": -2.7605348423436613,
                "remote_fidelity_log_sum": -7.925003270283657,
                "local_fidelity": 0.06325792629281025,
                "remote_fidelity": 0.00036158866733078523,
                "local_gate_num": 2398
            },
            "logical_phy_map": {
                "0": [
                    0,
                    2
                ],
                "1": [
                    0,
                    5
                ],
                "2": [
                    0,
                    1
                ],
                "3": [
                    0,
                    4
                ],
                "4": [
                    0,
                    0
                ],
                "5": [
                    0,
                    6
                ],
                "6": [
                    0,
                    3
                ],
                "7": [
                    0,
                    7
                ],
                "8": [
                    0,
                    8
                ],
                "9": [
                    0,
                    9
                ],
                "10": [
                    1,
                    7
                ],
                "11": [
                    1,
                    8
                ],
                "12": [
                    1,
                    6
                ],
                "13": [
                    1,
                    9
                ],
                "14": [
                    1,
                    4
                ],
                "15": [
                    1,
                    3
                ],
                "16": [
                    1,
                    2
                ],
                "17": [
                    1,
                    5
                ],
                "18": [
                    1,
                    1
                ],
                "19": [
                    1,
                    0
                ],
                "20": [
                    2,
                    2
                ],
                "21": [
                    2,
                    1
                ],
                "22": [
                    2,
                    5
                ],
                "23": [
                    2,
                    0
                ],
                "24": [
                    2,
                    3
                ],
                "25": [
                    2,
                    4
                ],
                "26": [
                    2,
                    6
                ],
                "27": [
                    2,
                    7
                ],
                "28": [
                    2,
                    8
                ],
                "29": [
                    2,
                    9
                ],
                "30": [
                    3,
                    2
                ],
                "31": [
                    3,
                    1
                ],
                "32": [
                    3,
                    5
                ],
                "33": [
                    3,
                    0
                ],
                "34": [
                    3,
                    3
                ],
                "35": [
                    3,
                    4
                ],
                "36": [
                    3,
                    7
                ],
                "37": [
                    3,
                    6
                ],
                "38": [
                    3,
                    8
                ],
                "39": [
                    3,
                    9
                ]
            },
            "extra_info": {
                "autocomm_latency": 1496.4000000000078,
                "autocomm_assigned_block_count": 341,
                "comm_only_costs": false
            }
        }
    ]
}