{
    "total_costs": {
        "total_fidelity_loss": 19.460173013203235,
        "epairs": 160,
        "execution_time": 0.6847741603851318,
        "num_comms": 160,
        "rgeo_mean_fid": 0.9068633454542395,
        "total_fidelity_log_sum": -20.21046528867735,
        "total_fidelity": 1.6699614599182522e-09,
        "remote_hops": 160,
        "remote_swaps": 0,
        "cat_ents": 33,
        "local_fidelity_loss": 4.564099759402322,
        "remote_fidelity_loss": 14.896073253800914,
        "local_fidelity_log_sum": -4.568304208404393,
        "remote_fidelity_log_sum": -15.64216108027296,
        "local_fidelity": 0.010375539560312655,
        "remote_fidelity": 1.6095177028730154e-07,
        "local_gate_num": 4135
    },
    "num_records": 1,
    "records": [
        {
            "layer_start": 0,
            "layer_end": 386,
            "partition": [
                [
                    0,
                    1,
                    2,
                    3,
                    4,
                    5,
                    6,
                    7,
                    8,
                    9
                ],
                [
                    10,
                    11,
                    12,
                    13,
                    14,
                    15,
                    16,
                    17,
                    18,
                    19
                ],
                [
                    20,
                    21,
                    22,
                    23,
                    24,
                    25,
                    26,
                    27,
                    28,
                    29
                ],
                [
                    30,
                    31,
                    32,
                    33,
                    34,
                    35,
                    36,
                    37,
                    38,
                    39
                ]
            ],
            "mapping_type": "cat",
            "costs": {
                "total_fidelity_loss": 19.460173013203235,
                "epairs": 160,
                "execution_time": 0.0,
                "num_comms": 160,
                "rgeo_mean_fid": 0.9068633454542395,
                "total_fidelity_log_sum": -20.21046528867735,
                "total_fidelity": 1.6699614599182522e-09,
                "remote_hops": 160,
                "remote_swaps": 0,
                "cat_ents": 33,
                "local_fidelity_loss": 4.564099759402322,
                "remote_fidelity_loss": 14.896073253800914,
                "local_fidelity_log_sum": -4.568304208404393,
                "remote_fidelity_log_sum": -15.64216108027296,
                "local_fidelity": 0.010375539560312655,
                "remote_fidelity": 1.6095177028730154e-07,
                "local_gate_num": 4135
            },
            "logical_phy_map": {
                "0": [
                    0,
                    2
                ],
                "1": [
                    0,
                    1
                ],
                "2": [
                    0,
                    5
                ],
                "3": [
                    0,
                    0
                ],
                "4": [
                    0,
                    3
                ],
                "5": [
                    0,
                    4
                ],
                "6": [
                    0,
                    7
                ],
                "7": [
                    0,
                    6
                ],
                "8": [
                    0,
                    8
                ],
                "9": [
                    0,
                    9
                ],
                "10": [
                    1,
                    2
                ],
                "11": [
                    1,
                    1
                ],
                "12": [
                    1,
                    5
                ],
                "13": [
                    1,
                    0
                ],
                "14": [
                    1,
                    3
                ],
                "15": [
                    1,
                    4
                ],
                "16": [
                    1,
                    7
                ],
                "17": [
                    1,
                    6
                ],
                "18": [
                    1,
                    8
                ],
                "19": [
                    1,
                    9
                ],
                "20": [
                    2,
                    5
                ],
                "21": [
                    2,
                    2
                ],
                "22": [
                    2,
                    4
                ],
                "23": [
                    2,
                    1
                ],
                "24": [
                    2,
                    0
                ],
                "25": [
                    2,
                    6
                ],
                "26": [
                    2,
                    3
                ],
                "27": [
                    2,
                    7
                ],
                "28": [
                    2,
                    9
                ],
                "29": [
                    2,
                    8
                ],
                "30": [
                    3,
                    5
                ],
                "31": [
                    3,
                    2
                ],
                "32": [
                    3,
                    4
                ],
                "33": [
                    3,
                    1
                ],
                "34": [
                    3,
                    0
                ],
                "35": [
                    3,
                    3
                ],
                "36": [
                    3,
                    6
                ],
                "37": [
                    3,
                    8
                ],
                "38": [
                    3,
                    9
                ],
                "39": [
                    3,
                    7
                ]
            },
            "extra_info": {
                "autocomm_latency": 3099.0999999999644,
                "autocomm_assigned_block_count": 899,
                "comm_only_costs": false
            }
        }
    ]
}