{
    "total_costs": {
        "total_fidelity_loss": 9.017706083874813,
        "epairs": 42,
        "execution_time": 0.48694849014282227,
        "num_comms": 42,
        "rgeo_mean_fid": 0.9,
        "total_fidelity_log_sum": -9.247649957503665,
        "total_fidelity": 9.633778413405402e-05,
        "remote_hops": 42,
        "remote_swaps": 0,
        "cat_ents": 0,
        "local_fidelity_loss": 4.817706083874811,
        "remote_fidelity_loss": 4.200000000000001,
        "local_fidelity_log_sum": -4.822508299874961,
        "remote_fidelity_log_sum": -4.425141657628704,
        "local_fidelity": 0.008046578573094643,
        "remote_fidelity": 0.01197251518256204,
        "local_gate_num": 4225
    },
    "num_records": 1,
    "records": [
        {
            "layer_start": 0,
            "layer_end": 80,
            "partition": [
                [
                    0,
                    1,
                    2,
                    3,
                    4,
                    5,
                    6,
                    7,
                    8,
                    9,
                    10,
                    11,
                    12,
                    13,
                    14,
                    15,
                    16,
                    17,
                    18,
                    19
                ],
                [
                    20,
                    21,
                    22,
                    23,
                    24,
                    25,
                    26,
                    27,
                    28,
                    29,
                    30,
                    31,
                    32,
                    33,
                    34,
                    35,
                    36,
                    37,
                    38,
                    39
                ]
            ],
            "mapping_type": "cat",
            "costs": {
                "total_fidelity_loss": 9.017706083874813,
                "epairs": 42,
                "execution_time": 0.0,
                "num_comms": 42,
                "rgeo_mean_fid": 0.9,
                "total_fidelity_log_sum": -9.247649957503665,
                "total_fidelity": 9.633778413405402e-05,
                "remote_hops": 42,
                "remote_swaps": 0,
                "cat_ents": 0,
                "local_fidelity_loss": 4.817706083874811,
                "remote_fidelity_loss": 4.200000000000001,
                "local_fidelity_log_sum": -4.822508299874961,
                "remote_fidelity_log_sum": -4.425141657628704,
                "local_fidelity": 0.008046578573094643,
                "remote_fidelity": 0.01197251518256204,
                "local_gate_num": 4225
            },
            "logical_phy_map": {
                "0": [
                    0,
                    15
                ],
                "1": [
                    0,
                    18
                ],
                "2": [
                    0,
                    16
                ],
                "3": [
                    0,
                    19
                ],
                "4": [
                    0,
                    14
                ],
                "5": [
                    0,
                    17
                ],
                "6": [
                    0,
                    12
                ],
                "7": [
                    0,
                    11
                ],
                "8": [
                    0,
                    10
                ],
                "9": [
                    0,
                    13
                ],
                "10": [
                    0,
                    8
                ],
                "11": [
                    0,
                    9
                ],
                "12": [
                    0,
                    6
                ],
                "13": [
                    0,
                    7
                ],
                "14": [
                    0,
                    4
                ],
                "15": [
                    0,
                    3
                ],
                "16": [
                    0,
                    2
                ],
                "17": [
                    0,
                    5
                ],
                "18": [
                    0,
                    1
                ],
                "19": [
                    0,
                    0
                ],
                "20": [
                    1,
                    15
                ],
                "21": [
                    1,
                    18
                ],
                "22": [
                    1,
                    16
                ],
                "23": [
                    1,
                    19
                ],
                "24": [
                    1,
                    14
                ],
                "25": [
                    1,
                    17
                ],
                "26": [
                    1,
                    11
                ],
                "27": [
                    1,
                    12
                ],
                "28": [
                    1,
                    13
                ],
                "29": [
                    1,
                    10
                ],
                "30": [
                    1,
                    9
                ],
                "31": [
                    1,
                    8
                ],
                "32": [
                    1,
                    7
                ],
                "33": [
                    1,
                    6
                ],
                "34": [
                    1,
                    3
                ],
                "35": [
                    1,
                    4
                ],
                "36": [
                    1,
                    5
                ],
                "37": [
                    1,
                    2
                ],
                "38": [
                    1,
                    1
                ],
                "39": [
                    1,
                    0
                ]
            },
            "extra_info": {
                "autocomm_latency": 1505.4000000000094,
                "autocomm_assigned_block_count": 543,
                "comm_only_costs": false
            }
        }
    ]
}