{
    "total_costs": {
        "total_fidelity_loss": 24.830467416367384,
        "epairs": 244,
        "execution_time": 0.6847712993621826,
        "num_comms": 244,
        "rgeo_mean_fid": 0.9169272050756695,
        "total_fidelity_log_sum": -25.73673966641477,
        "total_fidelity": 6.647769929735812e-12,
        "remote_hops": 244,
        "remote_swaps": 0,
        "cat_ents": 26,
        "local_fidelity_loss": 4.570896114382782,
        "remote_fidelity_loss": 20.259571301984604,
        "local_fidelity_log_sum": -4.575304414685796,
        "remote_fidelity_log_sum": -21.161435251728975,
        "local_fidelity": 0.010303162266660223,
        "remote_fidelity": 6.452164643904702e-10,
        "local_gate_num": 3747
    },
    "num_records": 1,
    "records": [
        {
            "layer_start": 0,
            "layer_end": 309,
            "partition": [
                [
                    0,
                    1,
                    2,
                    3,
                    4,
                    5,
                    6,
                    7,
                    8,
                    9
                ],
                [
                    10,
                    11,
                    12,
                    13,
                    14,
                    15,
                    16,
                    17,
                    18,
                    19
                ],
                [
                    20,
                    21,
                    22,
                    23,
                    24,
                    25,
                    26,
                    27,
                    28,
                    29
                ],
                [
                    30,
                    31,
                    32,
                    33,
                    34,
                    35,
                    36,
                    37,
                    38,
                    39
                ]
            ],
            "mapping_type": "cat",
            "costs": {
                "total_fidelity_loss": 24.830467416367384,
                "epairs": 244,
                "execution_time": 0.0,
                "num_comms": 244,
                "rgeo_mean_fid": 0.9169272050756695,
                "total_fidelity_log_sum": -25.73673966641477,
                "total_fidelity": 6.647769929735812e-12,
                "remote_hops": 244,
                "remote_swaps": 0,
                "cat_ents": 26,
                "local_fidelity_loss": 4.570896114382782,
                "remote_fidelity_loss": 20.259571301984604,
                "local_fidelity_log_sum": -4.575304414685796,
                "remote_fidelity_log_sum": -21.161435251728975,
                "local_fidelity": 0.010303162266660223,
                "remote_fidelity": 6.452164643904702e-10,
                "local_gate_num": 3747
            },
            "logical_phy_map": {
                "0": [
                    0,
                    7
                ],
                "1": [
                    0,
                    8
                ],
                "2": [
                    0,
                    6
                ],
                "3": [
                    0,
                    9
                ],
                "4": [
                    0,
                    4
                ],
                "5": [
                    0,
                    3
                ],
                "6": [
                    0,
                    2
                ],
                "7": [
                    0,
                    5
                ],
                "8": [
                    0,
                    1
                ],
                "9": [
                    0,
                    0
                ],
                "10": [
                    1,
                    7
                ],
                "11": [
                    1,
                    8
                ],
                "12": [
                    1,
                    6
                ],
                "13": [
                    1,
                    9
                ],
                "14": [
                    1,
                    4
                ],
                "15": [
                    1,
                    3
                ],
                "16": [
                    1,
                    2
                ],
                "17": [
                    1,
                    5
                ],
                "18": [
                    1,
                    1
                ],
                "19": [
                    1,
                    0
                ],
                "20": [
                    2,
                    1
                ],
                "21": [
                    2,
                    2
                ],
                "22": [
                    2,
                    0
                ],
                "23": [
                    2,
                    4
                ],
                "24": [
                    2,
                    5
                ],
                "25": [
                    2,
                    6
                ],
                "26": [
                    2,
                    7
                ],
                "27": [
                    2,
                    8
                ],
                "28": [
                    2,
                    9
                ],
                "29": [
                    2,
                    3
                ],
                "30": [
                    3,
                    8
                ],
                "31": [
                    3,
                    7
                ],
                "32": [
                    3,
                    9
                ],
                "33": [
                    3,
                    3
                ],
                "34": [
                    3,
                    6
                ],
                "35": [
                    3,
                    5
                ],
                "36": [
                    3,
                    2
                ],
                "37": [
                    3,
                    1
                ],
                "38": [
                    3,
                    0
                ],
                "39": [
                    3,
                    4
                ]
            },
            "extra_info": {
                "autocomm_latency": 3372.1999999999725,
                "autocomm_assigned_block_count": 707,
                "comm_only_costs": false
            }
        }
    ]
}