{
    "total_costs": {
        "num_comms": 50,
        "epairs": 52,
        "total_fidelity_loss": 5.9198885413974125,
        "rgeo_mean_fid": 0.8835846029483126,
        "execution_time": 0.00882720947265625,
        "total_fidelity_log_sum": -6.1884116476031386,
        "total_fidelity": 0.0020530851875988918,
        "remote_hops": 30,
        "remote_swaps": 20,
        "cat_ents": 0,
        "local_fidelity_loss": 0.0,
        "remote_fidelity_loss": 5.9198885413974125,
        "local_fidelity_log_sum": 0.0,
        "remote_fidelity_log_sum": -6.1884116476031386,
        "local_fidelity": 1.0,
        "remote_fidelity": 0.0020530851875988918,
        "local_gate_num": 255
    },
    "num_records": 1,
    "records": [
        {
            "layer_start": 0,
            "layer_end": 60,
            "partition": [
                [
                    0,
                    1,
                    2,
                    3,
                    4,
                    5,
                    6,
                    7,
                    8,
                    9
                ],
                [
                    10,
                    11,
                    12,
                    13,
                    14,
                    15,
                    16,
                    17,
                    18,
                    19
                ],
                [
                    20,
                    21,
                    22,
                    23,
                    24,
                    25,
                    26,
                    27,
                    28,
                    29
                ]
            ],
            "mapping_type": "autocomm",
            "costs": {
                "num_comms": 50,
                "epairs": 52,
                "total_fidelity_loss": 5.9198885413974125,
                "rgeo_mean_fid": 0.8835846029483126,
                "execution_time": 0.00882720947265625,
                "total_fidelity_log_sum": -6.1884116476031386,
                "total_fidelity": 0.0020530851875988918,
                "remote_hops": 30,
                "remote_swaps": 20,
                "cat_ents": 0,
                "local_fidelity_loss": 0.0,
                "remote_fidelity_loss": 5.9198885413974125,
                "local_fidelity_log_sum": 0.0,
                "remote_fidelity_log_sum": -6.1884116476031386,
                "local_fidelity": 1.0,
                "remote_fidelity": 0.0020530851875988918,
                "local_gate_num": 255
            },
            "logical_phy_map": {},
            "extra_info": {
                "autocomm_epr_cnt": 52,
                "autocomm_latency": 1002.0000000000043,
                "autocomm_comm_costs": [
                    0,
                    10,
                    22,
                    10
                ],
                "autocomm_assigned_block_count": 256,
                "autocomm_event_count": 42
            }
        }
    ]
}