{
    "total_costs": {
        "total_fidelity_loss": 5.85601558481665,
        "epairs": 50,
        "execution_time": 0.2279679775238037,
        "num_comms": 50,
        "rgeo_mean_fid": 0.9226243576460028,
        "total_fidelity_log_sum": -6.015903583561671,
        "total_fidelity": 0.002439642947048443,
        "remote_hops": 50,
        "remote_swaps": 0,
        "cat_ents": 0,
        "local_fidelity_loss": 1.987331568437914,
        "remote_fidelity_loss": 3.8686840163787366,
        "local_fidelity_log_sum": -1.9892482277356782,
        "remote_fidelity_log_sum": -4.0266553558259925,
        "local_fidelity": 0.13679822791221785,
        "remote_fidelity": 0.017833878291273912,
        "local_gate_num": 1689
    },
    "num_records": 1,
    "records": [
        {
            "layer_start": 0,
            "layer_end": 60,
            "partition": [
                [
                    0,
                    1,
                    2,
                    3,
                    4,
                    5,
                    6,
                    7,
                    8,
                    9
                ],
                [
                    10,
                    11,
                    12,
                    13,
                    14,
                    15,
                    16,
                    17,
                    18,
                    19
                ],
                [
                    20,
                    21,
                    22,
                    23,
                    24,
                    25,
                    26,
                    27,
                    28,
                    29
                ]
            ],
            "mapping_type": "cat",
            "costs": {
                "total_fidelity_loss": 5.85601558481665,
                "epairs": 50,
                "execution_time": 0.0,
                "num_comms": 50,
                "rgeo_mean_fid": 0.9226243576460028,
                "total_fidelity_log_sum": -6.015903583561671,
                "total_fidelity": 0.002439642947048443,
                "remote_hops": 50,
                "remote_swaps": 0,
                "cat_ents": 0,
                "local_fidelity_loss": 1.987331568437914,
                "remote_fidelity_loss": 3.8686840163787366,
                "local_fidelity_log_sum": -1.9892482277356782,
                "remote_fidelity_log_sum": -4.0266553558259925,
                "local_fidelity": 0.13679822791221785,
                "remote_fidelity": 0.017833878291273912,
                "local_gate_num": 1689
            },
            "logical_phy_map": {
                "0": [
                    0,
                    7
                ],
                "1": [
                    0,
                    8
                ],
                "2": [
                    0,
                    6
                ],
                "3": [
                    0,
                    9
                ],
                "4": [
                    0,
                    4
                ],
                "5": [
                    0,
                    3
                ],
                "6": [
                    0,
                    5
                ],
                "7": [
                    0,
                    2
                ],
                "8": [
                    0,
                    1
                ],
                "9": [
                    0,
                    0
                ],
                "10": [
                    1,
                    7
                ],
                "11": [
                    1,
                    8
                ],
                "12": [
                    1,
                    6
                ],
                "13": [
                    1,
                    9
                ],
                "14": [
                    1,
                    4
                ],
                "15": [
                    1,
                    3
                ],
                "16": [
                    1,
                    5
                ],
                "17": [
                    1,
                    2
                ],
                "18": [
                    1,
                    1
                ],
                "19": [
                    1,
                    0
                ],
                "20": [
                    2,
                    7
                ],
                "21": [
                    2,
                    8
                ],
                "22": [
                    2,
                    6
                ],
                "23": [
                    2,
                    9
                ],
                "24": [
                    2,
                    4
                ],
                "25": [
                    2,
                    3
                ],
                "26": [
                    2,
                    5
                ],
                "27": [
                    2,
                    2
                ],
                "28": [
                    2,
                    1
                ],
                "29": [
                    2,
                    0
                ]
            },
            "extra_info": {
                "autocomm_latency": 1022.8000000000047,
                "autocomm_assigned_block_count": 256,
                "comm_only_costs": false
            }
        }
    ]
}