{
    "total_costs": {
        "total_fidelity_loss": 7.230440278399447,
        "epairs": 66,
        "execution_time": 17.525339365005493,
        "num_comms": 66,
        "rgeo_mean_fid": 0.923306520672251,
        "total_fidelity_log_sum": -7.437240870218526,
        "total_fidelity": 0.0005889078311236742,
        "remote_hops": 66,
        "remote_swaps": 0,
        "cat_ents": 2,
        "local_fidelity_loss": 2.168825349818659,
        "remote_fidelity_loss": 5.061614928580789,
        "local_fidelity_log_sum": -2.1708363505593713,
        "remote_fidelity_log_sum": -5.2664045196591545,
        "local_fidelity": 0.11408216431854355,
        "remote_fidelity": 0.005162137610567314,
        "local_gate_num": 2008
    },
    "num_records": 3,
    "records": [
        {
            "layer_start": 0,
            "layer_end": 29,
            "partition": [
                [
                    0,
                    1,
                    2,
                    3,
                    4,
                    5,
                    6,
                    7,
                    8,
                    9
                ],
                [
                    10,
                    11,
                    12,
                    13,
                    14,
                    15,
                    16,
                    17,
                    18,
                    19
                ],
                [
                    20,
                    21,
                    22,
                    23,
                    24,
                    25,
                    26,
                    27,
                    28,
                    29
                ]
            ],
            "mapping_type": "cat",
            "costs": {
                "total_fidelity_loss": 3.460981189173519,
                "epairs": 35,
                "execution_time": 0.0,
                "num_comms": 35,
                "rgeo_mean_fid": 0.9239142091985496,
                "total_fidelity_log_sum": -3.5685240534875153,
                "total_fidelity": 0.028197440897049786,
                "remote_hops": 35,
                "remote_swaps": 0,
                "cat_ents": 1,
                "local_fidelity_loss": 0.7980202258810536,
                "remote_fidelity_loss": 2.6629609632924653,
                "local_fidelity_log_sum": -0.7987619941317311,
                "remote_fidelity_log_sum": -2.7697620593557843,
                "local_fidelity": 0.44988558048765565,
                "remote_fidelity": 0.06267691635389833,
                "local_gate_num": 754
            },
            "logical_phy_map": {
                "0": [
                    0,
                    2
                ],
                "1": [
                    0,
                    5
                ],
                "2": [
                    0,
                    1
                ],
                "3": [
                    0,
                    4
                ],
                "4": [
                    0,
                    0
                ],
                "5": [
                    0,
                    6
                ],
                "6": [
                    0,
                    3
                ],
                "7": [
                    0,
                    7
                ],
                "8": [
                    0,
                    8
                ],
                "9": [
                    0,
                    9
                ],
                "10": [
                    1,
                    6
                ],
                "11": [
                    1,
                    7
                ],
                "12": [
                    1,
                    3
                ],
                "13": [
                    1,
                    8
                ],
                "14": [
                    1,
                    4
                ],
                "15": [
                    1,
                    5
                ],
                "16": [
                    1,
                    2
                ],
                "17": [
                    1,
                    1
                ],
                "18": [
                    1,
                    0
                ],
                "19": [
                    1,
                    9
                ],
                "20": [
                    2,
                    0
                ],
                "21": [
                    2,
                    9
                ],
                "22": [
                    2,
                    1
                ],
                "23": [
                    2,
                    2
                ],
                "24": [
                    2,
                    3
                ],
                "25": [
                    2,
                    4
                ],
                "26": [
                    2,
                    5
                ],
                "27": [
                    2,
                    6
                ],
                "28": [
                    2,
                    7
                ],
                "29": [
                    2,
                    8
                ]
            },
            "extra_info": {
                "autocomm_latency": 764.2000000000004,
                "autocomm_assigned_block_count": 169,
                "comm_only_costs": true
            }
        },
        {
            "layer_start": 30,
            "layer_end": 50,
            "partition": [
                [
                    0,
                    1,
                    2,
                    3,
                    4,
                    5,
                    6,
                    7,
                    8,
                    9
                ],
                [
                    10,
                    11,
                    12,
                    13,
                    14,
                    15,
                    16,
                    17,
                    18,
                    19
                ],
                [
                    20,
                    21,
                    22,
                    23,
                    24,
                    25,
                    26,
                    27,
                    28,
                    29
                ]
            ],
            "mapping_type": "cat",
            "costs": {
                "total_fidelity_loss": 3.3384796811271835,
                "epairs": 31,
                "execution_time": 0.0,
                "num_comms": 31,
                "rgeo_mean_fid": 0.9226209010941537,
                "total_fidelity_log_sum": -3.437337211231571,
                "total_fidelity": 0.032150180589209154,
                "remote_hops": 31,
                "remote_swaps": 0,
                "cat_ents": 1,
                "local_fidelity_loss": 0.9398257158388599,
                "remote_fidelity_loss": 2.3986539652883234,
                "local_fidelity_log_sum": -0.9406947509282011,
                "remote_fidelity_log_sum": -2.49664246030337,
                "local_fidelity": 0.39035654055939295,
                "remote_fidelity": 0.08236106545861113,
                "local_gate_num": 818
            },
            "logical_phy_map": {
                "0": [
                    0,
                    2
                ],
                "1": [
                    0,
                    5
                ],
                "2": [
                    0,
                    1
                ],
                "3": [
                    0,
                    4
                ],
                "4": [
                    0,
                    0
                ],
                "5": [
                    0,
                    6
                ],
                "6": [
                    0,
                    3
                ],