{
    "total_costs": {
        "total_fidelity_loss": 0.11528141444379629,
        "epairs": 1,
        "execution_time": 0.02428746223449707,
        "num_comms": 1,
        "rgeo_mean_fid": 0.9,
        "total_fidelity_log_sum": -0.12065375216379098,
        "total_fidelity": 0.8863408000525493,
        "remote_hops": 1,
        "remote_swaps": 0,
        "cat_ents": 1,
        "local_fidelity_loss": 0.015281414443796312,
        "remote_fidelity_loss": 0.09999999999999998,
        "local_fidelity_log_sum": -0.0152932365059647,
        "remote_fidelity_log_sum": -0.10536051565782628,
        "local_fidelity": 0.9848231111694993,
        "remote_fidelity": 0.9,
        "local_gate_num": 20
    },
    "num_records": 1,
    "records": [
        {
            "layer_start": 0,
            "layer_end": 7,
            "partition": [
                [
                    0,
                    1
                ],
                [
                    2,
                    3
                ]
            ],
            "mapping_type": "autocomm",
            "costs": {
                "total_fidelity_loss": 0.11528141444379629,
                "epairs": 1,
                "execution_time": 0.0,
                "num_comms": 1,
                "rgeo_mean_fid": 0.9,
                "total_fidelity_log_sum": -0.12065375216379098,
                "total_fidelity": 0.8863408000525493,
                "remote_hops": 1,
                "remote_swaps": 0,
                "cat_ents": 1,
                "local_fidelity_loss": 0.015281414443796312,
                "remote_fidelity_loss": 0.09999999999999998,
                "local_fidelity_log_sum": -0.0152932365059647,
                "remote_fidelity_log_sum": -0.10536051565782628,
                "local_fidelity": 0.9848231111694993,
                "remote_fidelity": 0.9,
                "local_gate_num": 20
            },
            "logical_phy_map": {
                "0": [
                    0,
                    0
                ],
                "1": [
                    0,
                    1
                ],
                "2": [
                    1,
                    0
                ],
                "3": [
                    1,
                    1
                ]
            },
            "extra_info": {
                "autocomm_latency": 34.1,
                "autocomm_assigned_block_count": 19
            }
        }
    ]
}