{
    "total_costs": {
        "total_fidelity_loss": 0.7398697022489784,
        "epairs": 7,
        "execution_time": 0.06693291664123535,
        "num_comms": 7,
        "rgeo_mean_fid": 0.9,
        "total_fidelity_log_sum": -0.7774190482916428,
        "total_fidelity": 0.45959066319026504,
        "remote_hops": 7,
        "remote_swaps": 0,
        "cat_ents": 1,
        "local_fidelity_loss": 0.03986970224897861,
        "remote_fidelity_loss": 0.6999999999999998,
        "local_fidelity_log_sum": -0.03989543868685888,
        "remote_fidelity_log_sum": -0.7375236096047839,
        "local_fidelity": 0.9608899058101044,
        "remote_fidelity": 0.47829690000000014,
        "local_gate_num": 57
    },
    "num_records": 1,
    "records": [
        {
            "layer_start": 0,
            "layer_end": 12,
            "partition": [
                [
                    0,
                    1,
                    2
                ],
                [
                    3,
                    4,
                    5
                ]
            ],
            "mapping_type": "cat",
            "costs": {
                "total_fidelity_loss": 0.7398697022489784,
                "epairs": 7,
                "execution_time": 0.0,
                "num_comms": 7,
                "rgeo_mean_fid": 0.9,
                "total_fidelity_log_sum": -0.7774190482916428,
                "total_fidelity": 0.45959066319026504,
                "remote_hops": 7,
                "remote_swaps": 0,
                "cat_ents": 1,
                "local_fidelity_loss": 0.03986970224897861,
                "remote_fidelity_loss": 0.6999999999999998,
                "local_fidelity_log_sum": -0.03989543868685888,
                "remote_fidelity_log_sum": -0.7375236096047839,
                "local_fidelity": 0.9608899058101044,
                "remote_fidelity": 0.47829690000000014,
                "local_gate_num": 57
            },
            "logical_phy_map": {
                "0": [
                    0,
                    2
                ],
                "1": [
                    0,
                    1
                ],
                "2": [
                    0,
                    0
                ],
                "3": [
                    1,
                    1
                ],
                "4": [
                    1,
                    2
                ],
                "5": [
                    1,
                    0
                ]
            },
            "extra_info": {
                "autocomm_latency": 135.59999999999997,
                "autocomm_assigned_block_count": 33,
                "comm_only_costs": false
            }
        }
    ]
}