{
    "total_costs": {
        "total_fidelity_loss": 0.9424774918665609,
        "epairs": 9,
        "execution_time": 0.6473679542541504,
        "num_comms": 8,
        "rgeo_mean_fid": 0.8882246532294015,
        "total_fidelity_log_sum": -0.9907507282081098,
        "total_fidelity": 0.37129784260140347,
        "remote_hops": 7,
        "remote_swaps": 1,
        "cat_ents": 7,
        "local_fidelity_loss": 0.04247749186656113,
        "remote_fidelity_loss": 0.8999999999999998,
        "local_fidelity_log_sum": -0.042506087287673446,
        "remote_fidelity_log_sum": -0.9482446409204364,
        "local_fidelity": 0.9583846315402367,
        "remote_fidelity": 0.38742048900000015,
        "local_gate_num": 57
    },
    "num_records": 6,
    "records": [
        {
            "layer_start": 0,
            "layer_end": 4,
            "partition": [
                [
                    0,
                    1,
                    2
                ],
                [
                    3,
                    4,
                    5
                ]
            ],
            "mapping_type": "teledata",
            "costs": {
                "total_fidelity_loss": 0.005089574937076056,
                "epairs": 0,
                "execution_time": 0.0,
                "num_comms": 0,
                "rgeo_mean_fid": 1.0,
                "total_fidelity_log_sum": -0.005092276145096036,
                "total_fidelity": 0.994920667512859,
                "remote_hops": 0,
                "remote_swaps": 0,
                "cat_ents": 0,
                "local_fidelity_loss": 0.005089574937076056,
                "remote_fidelity_loss": 0.0,
                "local_fidelity_log_sum": -0.005092276145096036,
                "remote_fidelity_log_sum": 0.0,
                "local_fidelity": 0.994920667512859,
                "remote_fidelity": 1.0,
                "local_gate_num": 20
            },
            "logical_phy_map": {
                "0": [
                    0,
                    1
                ],
                "1": [
                    0,
                    0
                ],
                "2": [
                    0,
                    2
                ],
                "3": [
                    1,
                    0
                ],
                "4": [
                    1,
                    2
                ],
                "5": [
                    1,
                    1
                ]
            },
            "extra_info": null
        },
        {
            "layer_start": 5,
            "layer_end": 5,
            "partition": [
                [
                    0,
                    1,
                    2
                ],
                [
                    3,
                    4,
                    5
                ]
            ],
            "mapping_type": "cat",
            "costs": {
                "total_fidelity_loss": 0.11106970539500331,
                "epairs": 1,
                "execution_time": 0.0,
                "num_comms": 1,
                "rgeo_mean_fid": 0.9,
                "total_fidelity_log_sum": -0.11643810171750946,
                "total_fidelity": 0.8900851900161101,
                "remote_hops": 1,
                "remote_swaps": 0,
                "cat_ents": 1,
                "local_fidelity_loss": 0.01106970539500333,
                "remote_fidelity_loss": 0.09999999999999998,
                "local_fidelity_log_sum": -0.011077586059683169,
                "remote_fidelity_log_sum": -0.10536051565782628,
                "local_fidelity": 0.9889835444623445,
                "remote_fidelity": 0.9,
                "local_gate_num": 11
            },
            "logical_phy_map": {
                "0": [
                    0,
                    1
                ],
                "1": [
                    0,
                    0
                ],
                "2": [
                    0,
                    2
                ],
                "3": [
                    1,
                    0
                ],
                "4": [
                    1,
                    2
                ],
                "5": [
                    1,
                    1
                ]
            },
            "extra_info": {
                "autocomm_latency": 27.5,
                "autocomm_assigned_block_count": 2,
                "comm_only_costs": true
            }
        },
        {
            "layer_start": 6,
            "layer_end": 7,
            "partition": [
                [
                    1,
                    2,
                    3
                ],
                [
                    0,
                    4,
                    5
                ]
            ],
            "mapping_type": "teledata",
            "costs": {
                "total_fidelity_loss": 0.21252098128106076,
                "epairs": 2,
                "execution_time": 0.0,
                "num_comms": 1,
                "rgeo_mean_fid": 0.81,
                "total_fidelity_log_sum": -0.2232510002119925,
                "total_fidelity": 0.7999140454997147,
                "remote_hops": 0,
                "remote_swaps": 1,
                "cat_ents": 0,
                "local_fidelity_loss": 0.012520981281060807,
                "remote_fidelity_loss": 0.19999999999999996,
                "local_fidelity_log_sum": -0.012529968896339975,
                "remote_fidelity_log_sum": -0.21072103131565253,
                "local_fidelity": 0.9875482043206354,
                "remote_fidelity": 0.81,
                "local_gate_num": 12
            },
            "logical_phy_map": {
                "0": [
                    1,
                    0
                ],
                "1": [
                    0,
                    0
                ],
                "2": [
                    0,
                    2
                ],
                "3": [
                    0,
                    1
                ],
                "4": [
                    1,
                    2
                ],
                "5": [
                    1,
                    1
                ]
            },
            "extra_info": null
        },
        {
            "layer_start": 8,
            "layer_end": 9,
            "partition": [
                [
                    1,
                    2,
                    3
                ],
                [
                    0,
                    4,
                    5
                ]
            ],
            "mapping_type": "cat",
            "costs": {
                "total_fidelity_loss": 0.30670316825008315,
                "epairs": 3,
                "execution_time": 0.0,
                "num_comms": 3,
                "rgeo_mean_fid": 0.9,
                "total_fidelity_log_sum": -0.3227895152775353,
                "total_fidelity": 0.7241262558422521,
                "remote_hops": 3,
                "remote_swaps": 0,
                "cat_ents": 3,
                "local_fidelity_loss": 0.00670316825008321,
                "remote_fidelity_loss": 0.29999999999999993,
                "local_fidelity_log_sum": -0.006707968304056438,
                "remote_fidelity_log_sum": -0.31608154697347884,
                "local_fidelity": 0.9933144798933499,
                "remote_fidelity": 0.7290000000000001,
                "local_gate_num": 5
            },
            "logical_phy_map": {
                "0": [
                    1,
                    0
                ],
                "1": [
                    0,
                    0
                ],
                "2": [
                    0,
                    2
                ],
                "3": [
                    0,
                    1
                ],
                "4": [
                    1,
                    2
                ],