{
    "total_costs": {
        "total_fidelity_loss": 0.6422889505127956,
        "epairs": 6,
        "execution_time": 0.628251314163208,
        "num_comms": 6,
        "rgeo_mean_fid": 0.9,
        "total_fidelity_log_sum": -0.6744804653614122,
        "total_fidelity": 0.5094210137312092,
        "remote_hops": 6,
        "remote_swaps": 0,
        "cat_ents": 0,
        "local_fidelity_loss": 0.04228895051279572,
        "remote_fidelity_loss": 0.5999999999999999,
        "local_fidelity_log_sum": -0.04231737141445448,
        "remote_fidelity_log_sum": -0.6321630939469577,
        "local_fidelity": 0.9585655109997329,
        "remote_fidelity": 0.5314410000000002,
        "local_gate_num": 57
    },
    "num_records": 1,
    "records": [
        {
            "layer_start": 0,
            "layer_end": 13,
            "partition": [
                [
                    0,
                    1,
                    2
                ],
                [
                    3,
                    4,
                    5
                ]
            ],
            "mapping_type": "cat",
            "costs": {
                "total_fidelity_loss": 0.6422889505127956,
                "epairs": 6,
                "execution_time": 0.0,
                "num_comms": 6,
                "rgeo_mean_fid": 0.9,
                "total_fidelity_log_sum": -0.6744804653614122,
                "total_fidelity": 0.5094210137312092,
                "remote_hops": 6,
                "remote_swaps": 0,
                "cat_ents": 0,
                "local_fidelity_loss": 0.04228895051279572,
                "remote_fidelity_loss": 0.5999999999999999,
                "local_fidelity_log_sum": -0.04231737141445448,
                "remote_fidelity_log_sum": -0.6321630939469577,
                "local_fidelity": 0.9585655109997329,
                "remote_fidelity": 0.5314410000000002,
                "local_gate_num": 57
            },
            "logical_phy_map": {
                "0": [
                    0,
                    1
                ],
                "1": [
                    0,
                    0
                ],
                "2": [
                    0,
                    2
                ],
                "3": [
                    1,
                    2
                ],
                "4": [
                    1,
                    1
                ],
                "5": [
                    1,
                    0
                ]
            },
            "extra_info": {
                "autocomm_latency": 113.69999999999999,
                "autocomm_assigned_block_count": 31,
                "comm_only_costs": true
            }
        }
    ]
}