{
    "total_costs": {
        "num_comms": 100,
        "epairs": 104,
        "total_fidelity_loss": 12.106392144915539,
        "rgeo_mean_fid": 0.8810493548122543,
        "execution_time": 0.040319204330444336,
        "total_fidelity_log_sum": -12.664163326179828,
        "total_fidelity": 3.162450594959605e-06,
        "remote_hops": 60,
        "remote_swaps": 40,
        "cat_ents": 0,
        "local_fidelity_loss": 0.0,
        "remote_fidelity_loss": 12.106392144915539,
        "local_fidelity_log_sum": 0.0,
        "remote_fidelity_log_sum": -12.664163326179828,
        "local_fidelity": 1.0,
        "remote_fidelity": 3.162450594959605e-06,
        "local_gate_num": 810
    },
    "num_records": 1,
    "records": [
        {
            "layer_start": 0,
            "layer_end": 120,
            "partition": [
                [
                    0,
                    1,
                    2,
                    3,
                    4,
                    5,
                    6,
                    7,
                    8,
                    9,
                    10,
                    11,
                    12,
                    13,
                    14,
                    15,
                    16,
                    17,
                    18,
                    19
                ],
                [
                    20,
                    21,
                    22,
                    23,
                    24,
                    25,
                    26,
                    27,
                    28,
                    29,
                    30,
                    31,
                    32,
                    33,
                    34,
                    35,
                    36,
                    37,
                    38,
                    39
                ],
                [
                    40,
                    41,
                    42,
                    43,
                    44,
                    45,
                    46,
                    47,
                    48,
                    49,
                    50,
                    51,
                    52,
                    53,
                    54,
                    55,
                    56,
                    57,
                    58,
                    59
                ]
            ],
            "mapping_type": "autocomm",
            "costs": {
                "num_comms": 100,
                "epairs": 104,
                "total_fidelity_loss": 12.106392144915539,
                "rgeo_mean_fid": 0.8810493548122543,
                "execution_time": 0.040319204330444336,
                "total_fidelity_log_sum": -12.664163326179828,
                "total_fidelity": 3.162450594959605e-06,
                "remote_hops": 60,
                "remote_swaps": 40,
                "cat_ents": 0,
                "local_fidelity_loss": 0.0,
                "remote_fidelity_loss": 12.106392144915539,
                "local_fidelity_log_sum": 0.0,
                "remote_fidelity_log_sum": -12.664163326179828,
                "local_fidelity": 1.0,
                "remote_fidelity": 3.162450594959605e-06,
                "local_gate_num": 810
            },
            "logical_phy_map": {},
            "extra_info": {
                "autocomm_epr_cnt": 104,
                "autocomm_latency": 2853.5999999999754,
                "autocomm_comm_costs": [
                    0,
                    20,
                    44,
                    20
                ],
                "autocomm_assigned_block_count": 811,
                "autocomm_event_count": 84
            }
        }
    ]
}