{
    "total_costs": {
        "total_fidelity_loss": 22.160685947529846,
        "epairs": 198,
        "execution_time": 1.188603162765503,
        "num_comms": 198,
        "rgeo_mean_fid": 0.9,
        "total_fidelity_log_sum": -23.224150365737557,
        "total_fidelity": 8.201242418112252e-11,
        "remote_hops": 198,
        "remote_swaps": 0,
        "cat_ents": 70,
        "local_fidelity_loss": 2.3606859475298663,
        "remote_fidelity_loss": 19.79999999999998,
        "local_fidelity_log_sum": -2.362768265487963,
        "remote_fidelity_log_sum": -20.861382100249596,
        "local_fidelity": 0.09415920440241551,
        "remote_fidelity": 8.709974208216506e-10,
        "local_gate_num": 3507
    },
    "num_records": 1,
    "records": [
        {
            "layer_start": 0,
            "layer_end": 201,
            "partition": [
                [
                    0,
                    1,
                    2,
                    3,
                    4,
                    5,
                    6,
                    7,
                    8,
                    9
                ],
                [
                    10,
                    11,
                    12,
                    13,
                    14,
                    15,
                    16,
                    17,
                    18,
                    19
                ]
            ],
            "mapping_type": "cat",
            "costs": {
                "total_fidelity_loss": 22.160685947529846,
                "epairs": 198,
                "execution_time": 0.0,
                "num_comms": 198,
                "rgeo_mean_fid": 0.9,
                "total_fidelity_log_sum": -23.224150365737557,
                "total_fidelity": 8.201242418112252e-11,
                "remote_hops": 198,
                "remote_swaps": 0,
                "cat_ents": 70,
                "local_fidelity_loss": 2.3606859475298663,
                "remote_fidelity_loss": 19.79999999999998,
                "local_fidelity_log_sum": -2.362768265487963,
                "remote_fidelity_log_sum": -20.861382100249596,
                "local_fidelity": 0.09415920440241551,
                "remote_fidelity": 8.709974208216506e-10,
                "local_gate_num": 3507
            },
            "logical_phy_map": {
                "0": [
                    0,
                    8
                ],
                "1": [
                    0,
                    9
                ],
                "2": [
                    0,
                    2
                ],
                "3": [
                    0,
                    0
                ],
                "4": [
                    0,
                    1
                ],
                "5": [
                    0,
                    7
                ],
                "6": [
                    0,
                    4
                ],
                "7": [
                    0,
                    3
                ],
                "8": [
                    0,
                    5
                ],
                "9": [
                    0,
                    6
                ],
                "10": [
                    1,
                    3
                ],
                "11": [
                    1,
                    4
                ],
                "12": [
                    1,
                    8
                ],
                "13": [
                    1,
                    9
                ],
                "14": [
                    1,
                    6
                ],
                "15": [
                    1,
                    0
                ],
                "16": [
                    1,
                    1
                ],
                "17": [
                    1,
                    5
                ],
                "18": [
                    1,
                    7
                ],
                "19": [
                    1,
                    2
                ]
            },
            "extra_info": {
                "autocomm_latency": 3456.3999999999883,
                "autocomm_assigned_block_count": 2057,
                "comm_only_costs": false
            }
        }
    ]
}