{
    "total_costs": {
        "total_fidelity_loss": 512.5581927777619,
        "epairs": 6146,
        "execution_time": 5.120544910430908,
        "num_comms": 6146,
        "rgeo_mean_fid": 0.919327878336391,
        "total_fidelity_log_sum": -534.2005708229862,
        "total_fidelity": 9.991710953498537e-233,
        "remote_hops": 6146,
        "remote_swaps": 0,
        "cat_ents": 0,
        "local_fidelity_loss": 17.226980289759542,
        "remote_fidelity_loss": 495.33121248800234,
        "local_fidelity_log_sum": -17.24549639790263,
        "remote_fidelity_log_sum": -516.9550744250835,
        "local_fidelity": 3.238739937723693e-08,
        "remote_fidelity": 3.0850612107253915e-225,
        "local_gate_num": 20417
    },
    "num_records": 1,
    "records": [
        {
            "layer_start": 0,
            "layer_end": 472,
            "partition": [
                [
                    8,
                    9,
                    13,
                    15,
                    21,
                    23,
                    31,
                    42,
                    76,
                    74,
                    91,
                    51,
                    78,
                    45,
                    52,
                    70,
                    64,
                    77,
                    80,
                    56,
                    57,
                    39,
                    2,
                    116,
                    44,
                    119,
                    47,
                    7,
                    35,
                    27
                ],
                [
                    32,
                    34,
                    40,
                    43,
                    46,
                    50,
                    55,
                    19,
                    99,
                    10,
                    0,
                    5,
                    25,
                    4,
                    82,
                    95,
                    100,
                    89,
                    36,
                    73,
                    117,
                    62,
                    16,
                    24,
                    28,
                    65,
                    29,
                    26,
                    33,
                    22
                ],
                [
                    60,
                    63,
                    68,
                    75,
                    79,
                    81,
                    84,
                    11,
                    93,
                    53,
                    113,
                    12,
                    14,
                    111,
                    106,
                    1,
                    17,
                    112,
                    94,
                    102,
                    97,
                    71,
                    114,
                    37,
                    30,
                    101,
                    103,
                    41,
                    86,
                    3
                ],
                [
                    90,
                    92,
                    96,
                    98,
                    104,
                    105,
                    107,
                    108,
                    109,
                    110,
                    115,
                    118,
                    18,
                    49,
                    58,
                    88,
                    6,
                    87,
                    20,
                    72,
                    83,
                    38,
                    85,
                    59,
                    54,
                    66,
                    48,
                    67,
                    61,
                    69
                ]
            ],
            "mapping_type": "telegate",
            "costs": {
                "total_fidelity_loss": 512.5581927777619,
                "epairs": 6146,
                "execution_time": 0.0,
                "num_comms": 6146,
                "rgeo_mean_fid": 0.919327878336391,
                "total_fidelity_log_sum": -534.2005708229862,
                "total_fidelity": 9.991710953498537e-233,
                "remote_hops": 6146,
                "remote_swaps": 0,
                "cat_ents": 0,
                "local_fidelity_loss": 17.226980289759542,
                "remote_fidelity_loss": 495.33121248800234,
                "local_fidelity_log_sum": -17.24549639790263,
                "remote_fidelity_log_sum": -516.9550744250835,
                "local_fidelity": 3.238739937723693e-08,
                "remote_fidelity": 3.0850612107253915e-225,
                "local_gate_num": 20417
            },
            "logical_phy_map": {
                "8": [
                    0,
                    28
                ],
                "9": [
                    0,
                    23
                ],
                "13": [
                    0,
                    27
                ],
                "15": [
                    0,
                    25
                ],
                "21": [
                    0,
                    24
                ],
                "23": [
                    0,
                    19
                ],
                "31": [
                    0,
                    22
                ],
                "42": [
                    0,
                    18
                ],
                "76": [
                    0,
                    6
                ],
                "74": [
                    0,
                    9
                ],
                "91": [
                    0,
                    2
                ],
                "51": [
                    0,
                    12
                ],
                "78": [
                    0,
                    3
                ],
                "45": [
                    0,
                    14
                ],
                "52": [
                    0,
                    13
                ],
                "70": [
                    0,
                    7
                ],
                "64": [
                    0,
                    8
                ],
                "77": [
                    0,
                    5
                ],
                "80": [
                    0,
                    4
                ],
                "56": [
                    0,
                    11
                ],
                "57": [
                    0,
                    10
                ],
                "39": [
                    0,
                    15
                ],
                "2": [
                    0,
                    26
                ],
                "116": [
                    0,
                    1
                ],
                "44": [
                    0,
                    16
                ],
                "119": [
                    0,
                    0
                ],
                "47": [
                    0,
                    17
                ],
                "7": [
                    0,
                    29
                ],
                "35": [
                    0,
                    21
                ],
                "27": [
                    0,
                    20
                ],
                "32": [
                    1,
                    15
                ],
                "34": [
                    1,
                    14
                ],
                "40": [
                    1,
                    13
                ],
                "43": [
                    1,
                    12
                ],
                "46": [
                    1,
                    11
                ],