{
    "total_costs": {
        "total_fidelity_loss": 78.1922718332363,
        "epairs": 712,
        "execution_time": 3.9041695594787598,
        "num_comms": 712,
        "rgeo_mean_fid": 0.9224029534307524,
        "total_fidelity_log_sum": -80.49222233381538,
        "total_fidelity": 1.1032450925460534e-35,
        "remote_hops": 712,
        "remote_swaps": 0,
        "cat_ents": 14,
        "local_fidelity_loss": 22.959982228682332,
        "remote_fidelity_loss": 55.232289604553976,
        "local_fidelity_log_sum": -22.981769342141472,
        "remote_fidelity_log_sum": -57.51045299167391,
        "local_fidelity": 1.0450676161787428e-10,
        "remote_fidelity": 1.0556686241795864e-25,
        "local_gate_num": 19544
    },
    "num_records": 1,
    "records": [
        {
            "layer_start": 0,
            "layer_end": 759,
            "partition": [
                [
                    0,
                    1,
                    2,
                    3,
                    4,
                    5,
                    6,
                    7,
                    8,
                    9,
                    10,
                    11,
                    12,
                    13,
                    14,
                    15,
                    16,
                    17,
                    18,
                    19,
                    20,
                    21,
                    22,
                    23,
                    24,
                    25,
                    26,
                    27,
                    28,
                    29
                ],
                [
                    30,
                    31,
                    32,
                    33,
                    34,
                    35,
                    36,
                    37,
                    38,
                    39,
                    40,
                    41,
                    42,
                    43,
                    44,
                    45,
                    46,
                    47,
                    48,
                    49,
                    50,
                    51,
                    52,
                    53,
                    54,
                    55,
                    56,
                    57,
                    58,
                    59
                ],
                [
                    60,
                    61,
                    62,
                    63,
                    64,
                    65,
                    66,
                    67,
                    68,
                    69,
                    70,
                    71,
                    72,
                    73,
                    74,
                    75,
                    76,
                    77,
                    78,
                    79
                ],
                []
            ],
            "mapping_type": "cat",
            "costs": {
                "total_fidelity_loss": 78.1922718332363,
                "epairs": 712,
                "execution_time": 0.0,
                "num_comms": 712,
                "rgeo_mean_fid": 0.9224029534307524,
                "total_fidelity_log_sum": -80.49222233381538,
                "total_fidelity": 1.1032450925460534e-35,
                "remote_hops": 712,
                "remote_swaps": 0,
                "cat_ents": 14,
                "local_fidelity_loss": 22.959982228682332,
                "remote_fidelity_loss": 55.232289604553976,
                "local_fidelity_log_sum": -22.981769342141472,
                "remote_fidelity_log_sum": -57.51045299167391,
                "local_fidelity": 1.0450676161787428e-10,
                "remote_fidelity": 1.0556686241795864e-25,
                "local_gate_num": 19544
            },
            "logical_phy_map": {
                "0": [
                    0,
                    29
                ],
                "1": [
                    0,
                    28
                ],
                "2": [
                    0,
                    26
                ],
                "3": [
                    0,
                    27
                ],
                "4": [
                    0,
                    24
                ],
                "5": [
                    0,
                    23
                ],
                "6": [
                    0,
                    22
                ],
                "7": [
                    0,
                    25
                ],
                "8": [
                    0,
                    20
                ],
                "9": [
                    0,
                    19
                ],
                "10": [
                    0,
                    18
                ],
                "11": [
                    0,
                    21
                ],
                "12": [
                    0,
                    16
                ],
                "13": [
                    0,
                    15
                ],
                "14": [
                    0,
                    17
                ],
                "15": [
                    0,
                    14
                ],
                "16": [
                    0,
                    13
                ],
                "17": [
                    0,
                    12
                ],
                "18": [
                    0,
                    11
                ],
                "19": [
                    0,
                    10
                ],
                "20": [
                    0,
                    7
                ],
                "21": [
                    0,
                    8
                ],
                "22": [
                    0,
                    9
                ],
                "23": [
                    0,
                    6
                ],
                "24": [
                    0,
                    5
                ],
                "25": [
                    0,
                    4
                ],
                "26": [
                    0,
                    3
                ],
                "27": [
                    0,
                    2
                ],
                "28": [
                    0,
                    1
                ],
                "29": [
                    0,
                    0
                ],
                "30": [
                    1,
                    29
                ],
                "31": [
                    1,
                    28
                ],
                "32": [
                    1,
                    26
                ],
                "33": [
                    1,
                    27
                ],
                "34": [
                    1,
                    24
                ],
                "35": [
                    1,
                    23
                ],
                "36": [
                    1,
                    22
                ],
                "37": [
                    1,
                    25
                ],
                "38": [
                    1,
                    20
                ],
                "39": [
                    1,
                    19
                ],
                "40": [
                    1,
                    18
                ],
                "41": [
                    1,
                    21
                ],
                "42": [
                    1,
                    16
                ],
                "43": [
                    1,
                    15
                ],
                "44": [
                    1,
                    14
                ],
                "45": [
                    1,
                    17
                ],