{
    "total_costs": {
        "total_fidelity_loss": 268.9251823672425,
        "epairs": 2751,
        "execution_time": 1.9939353466033936,
        "num_comms": 2751,
        "rgeo_mean_fid": 0.9049763897392041,
        "total_fidelity_log_sum": -282.2066886630332,
        "total_fidelity": 2.7491115183439377e-123,
        "remote_hops": 2751,
        "remote_swaps": 0,
        "cat_ents": 0,
        "local_fidelity_loss": 7.5216653097458,
        "remote_fidelity_loss": 261.4035170574967,
        "local_fidelity_log_sum": -7.529175390380126,
        "remote_fidelity_log_sum": -274.6775132726531,
        "local_fidelity": 0.0005371810387513219,
        "remote_fidelity": 5.117662985153481e-120,
        "local_gate_num": 9081
    },
    "num_records": 1,
    "records": [
        {
            "layer_start": 0,
            "layer_end": 316,
            "partition": [
                [
                    1,
                    3,
                    4,
                    14,
                    18,
                    64,
                    29,
                    30,
                    51,
                    47,
                    57,
                    58,
                    72,
                    34,
                    59,
                    6,
                    33,
                    70,
                    42,
                    20
                ],
                [
                    22,
                    25,
                    27,
                    31,
                    38,
                    39,
                    11,
                    71,
                    12,
                    7,
                    52,
                    67,
                    44,
                    46,
                    9,
                    74,
                    24,
                    60,
                    54,
                    61
                ],
                [
                    41,
                    43,
                    45,
                    49,
                    55,
                    21,
                    17,
                    79,
                    2,
                    32,
                    37,
                    23,
                    65,
                    13,
                    15,
                    36,
                    78,
                    26,
                    35,
                    66
                ],
                [
                    62,
                    63,
                    68,
                    69,
                    75,
                    76,
                    40,
                    5,
                    50,
                    28,
                    10,
                    73,
                    0,
                    53,
                    19,
                    8,
                    16,
                    48,
                    77,
                    56
                ]
            ],
            "mapping_type": "telegate",
            "costs": {
                "total_fidelity_loss": 268.9251823672425,
                "epairs": 2751,
                "execution_time": 0.0,
                "num_comms": 2751,
                "rgeo_mean_fid": 0.9049763897392041,
                "total_fidelity_log_sum": -282.2066886630332,
                "total_fidelity": 2.7491115183439377e-123,
                "remote_hops": 2751,
                "remote_swaps": 0,
                "cat_ents": 0,
                "local_fidelity_loss": 7.5216653097458,
                "remote_fidelity_loss": 261.4035170574967,
                "local_fidelity_log_sum": -7.529175390380126,
                "remote_fidelity_log_sum": -274.6775132726531,
                "local_fidelity": 0.0005371810387513219,
                "remote_fidelity": 5.117662985153481e-120,
                "local_gate_num": 9081
            },
            "logical_phy_map": {
                "1": [
                    0,
                    4
                ],
                "3": [
                    0,
                    1
                ],
                "4": [
                    0,
                    3
                ],
                "14": [
                    0,
                    2
                ],
                "18": [
                    0,
                    6
                ],
                "64": [
                    0,
                    15
                ],
                "29": [
                    0,
                    8
                ],
                "30": [
                    0,
                    9
                ],
                "51": [
                    0,
                    12
                ],
                "47": [
                    0,
                    11
                ],
                "57": [
                    0,
                    17
                ],
                "58": [
                    0,
                    14
                ],
                "72": [
                    0,
                    19
                ],
                "34": [
                    0,
                    13
                ],
                "59": [
                    0,
                    16
                ],
                "6": [
                    0,
                    5
                ],
                "33": [
                    0,
                    7
                ],
                "70": [
                    0,
                    18
                ],
                "42": [
                    0,
                    10
                ],
                "20": [
                    0,
                    0
                ],
                "22": [
                    1,
                    6
                ],
                "25": [
                    1,
                    7
                ],
                "27": [
                    1,
                    8
                ],
                "31": [
                    1,
                    0
                ],
                "38": [
                    1,
                    9
                ],
                "39": [
                    1,
                    10
                ],
                "11": [
                    1,
                    2
                ],
                "71": [
                    1,
                    19
                ],
                "12": [
                    1,
                    3
                ],
                "7": [
                    1,
                    5
                ],
                "52": [
                    1,
                    14
                ],
                "67": [
                    1,
                    15
                ],
                "44": [
                    1,
                    13
                ],
                "46": [
                    1,
                    12
                ],
                "9": [
                    1,
                    4
                ],
                "74": [
                    1,
                    18
                ],
                "24": [
                    1,
                    1
                ],
                "60": [
                    1,
                    17
                ],
                "54": [
                    1,
                    11
                ],
                "61": [
                    1,
                    16
                ],
                "41": [
                    2,
                    8
                ],
                "43": [
                    2,
                    7
                ],
                "45": [
                    2,
                    6
                ],
                "49": [
                    2,
                    3
                ],
                "55": [
                    2,
                    4
                ],
                "21": [
                    2,
                    14
                ],