{
    "total_costs": {
        "num_comms": 20,
        "epairs": 20,
        "total_fidelity_loss": 2.918001267038204,
        "rgeo_mean_fid": 0.9,
        "execution_time": 1.151451587677002,
        "total_fidelity_log_sum": -3.026114100818128,
        "total_fidelity": 0.04850375308590314,
        "remote_hops": 20,
        "remote_swaps": 0,
        "cat_ents": 10,
        "local_fidelity_loss": 0.9180012670382044,
        "remote_fidelity_loss": 1.9999999999999996,
        "local_fidelity_log_sum": -0.9189037876616016,
        "remote_fidelity_log_sum": -2.1072103131565263,
        "local_fidelity": 0.39895614210843355,
        "remote_fidelity": 0.12157665459056939,
        "local_gate_num": 880
    },
    "num_records": 1,
    "records": [
        {
            "layer_start": 0,
            "layer_end": 40,
            "partition": [
                [
                    0,
                    1,
                    2,
                    3,
                    4,
                    5,
                    6,
                    7,
                    8,
                    9
                ],
                [
                    10,
                    11,
                    12,
                    13,
                    14,
                    15,
                    16,
                    17,
                    18,
                    19
                ]
            ],
            "mapping_type": "telegate",
            "costs": {
                "num_comms": 20,
                "epairs": 20,
                "total_fidelity_loss": 2.918001267038204,
                "rgeo_mean_fid": 0.9,
                "execution_time": 0.0,
                "total_fidelity_log_sum": -3.026114100818128,
                "total_fidelity": 0.04850375308590314,
                "remote_hops": 20,
                "remote_swaps": 0,
                "cat_ents": 10,
                "local_fidelity_loss": 0.9180012670382044,
                "remote_fidelity_loss": 1.9999999999999996,
                "local_fidelity_log_sum": -0.9189037876616016,
                "remote_fidelity_log_sum": -2.1072103131565263,
                "local_fidelity": 0.39895614210843355,
                "remote_fidelity": 0.12157665459056939,
                "local_gate_num": 880
            },
            "logical_phy_map": {
                "0": [
                    0,
                    7
                ],
                "1": [
                    0,
                    8
                ],
                "2": [
                    0,
                    6
                ],
                "3": [
                    0,
                    9
                ],
                "4": [
                    0,
                    4
                ],
                "5": [
                    0,
                    3
                ],
                "6": [
                    0,
                    2
                ],
                "7": [
                    0,
                    5
                ],
                "8": [
                    0,
                    1
                ],
                "9": [
                    0,
                    0
                ],
                "10": [
                    1,
                    7
                ],
                "11": [
                    1,
                    6
                ],
                "12": [
                    1,
                    8
                ],
                "13": [
                    1,
                    3
                ],
                "14": [
                    1,
                    9
                ],
                "15": [
                    1,
                    5
                ],
                "16": [
                    1,
                    4
                ],
                "17": [
                    1,
                    2
                ],
                "18": [
                    1,
                    1
                ],
                "19": [
                    1,
                    0
                ]
            },
            "extra_info": {
                "cat_controls": [
                    0,
                    1,
                    2,
                    3,
                    4,
                    5,
                    6,
                    7,
                    8,
                    9,
                    10,
                    11,
                    12,
                    13,
                    14,
                    15,
                    16,
                    17,
                    18,
                    19
                ]
            }
        }
    ]
}