{
    "total_costs": {
        "total_fidelity_loss": 3.110356429467253,
        "epairs": 20,
        "execution_time": 0.16712164878845215,
        "num_comms": 20,
        "rgeo_mean_fid": 0.9,
        "total_fidelity_log_sum": -3.218646876384732,
        "total_fidelity": 0.040009158987766955,
        "remote_hops": 20,
        "remote_swaps": 0,
        "cat_ents": 0,
        "local_fidelity_loss": 1.1103564294672534,
        "remote_fidelity_loss": 1.9999999999999996,
        "local_fidelity_log_sum": -1.1114365632282057,
        "remote_fidelity_log_sum": -2.1072103131565263,
        "local_fidelity": 0.32908586868510886,
        "remote_fidelity": 0.12157665459056938,
        "local_gate_num": 999
    },
    "num_records": 1,
    "records": [
        {
            "layer_start": 0,
            "layer_end": 40,
            "partition": [
                [
                    0,
                    1,
                    2,
                    3,
                    4,
                    5,
                    6,
                    7,
                    8,
                    9
                ],
                [
                    10,
                    11,
                    12,
                    13,
                    14,
                    15,
                    16,
                    17,
                    18,
                    19
                ]
            ],
            "mapping_type": "cat",
            "costs": {
                "total_fidelity_loss": 3.110356429467253,
                "epairs": 20,
                "execution_time": 0.0,
                "num_comms": 20,
                "rgeo_mean_fid": 0.9,
                "total_fidelity_log_sum": -3.218646876384732,
                "total_fidelity": 0.040009158987766955,
                "remote_hops": 20,
                "remote_swaps": 0,
                "cat_ents": 0,
                "local_fidelity_loss": 1.1103564294672534,
                "remote_fidelity_loss": 1.9999999999999996,
                "local_fidelity_log_sum": -1.1114365632282057,
                "remote_fidelity_log_sum": -2.1072103131565263,
                "local_fidelity": 0.32908586868510886,
                "remote_fidelity": 0.12157665459056938,
                "local_gate_num": 999
            },
            "logical_phy_map": {
                "0": [
                    0,
                    7
                ],
                "1": [
                    0,
                    6
                ],
                "2": [
                    0,
                    8
                ],
                "3": [
                    0,
                    3
                ],
                "4": [
                    0,
                    9
                ],
                "5": [
                    0,
                    5
                ],
                "6": [
                    0,
                    4
                ],
                "7": [
                    0,
                    2
                ],
                "8": [
                    0,
                    1
                ],
                "9": [
                    0,
                    0
                ],
                "10": [
                    1,
                    7
                ],
                "11": [
                    1,
                    8
                ],
                "12": [
                    1,
                    6
                ],
                "13": [
                    1,
                    9
                ],
                "14": [
                    1,
                    4
                ],
                "15": [
                    1,
                    3
                ],
                "16": [
                    1,
                    2
                ],
                "17": [
                    1,
                    5
                ],
                "18": [
                    1,
                    1
                ],
                "19": [
                    1,
                    0
                ]
            },
            "extra_info": {
                "autocomm_latency": 517.1999999999996,
                "autocomm_assigned_block_count": 171,
                "comm_only_costs": false
            }
        }
    ]
}