{
    "total_costs": {
        "total_fidelity_loss": 5.665546031065786,
        "epairs": 30,
        "execution_time": 4.590310573577881,
        "num_comms": 20,
        "rgeo_mean_fid": 0.8538149682454624,
        "total_fidelity_log_sum": -5.828853071251137,
        "total_fidelity": 0.0029414486783576966,
        "remote_hops": 10,
        "remote_swaps": 10,
        "cat_ents": 10,
        "local_fidelity_loss": 2.6655460310657872,
        "remote_fidelity_loss": 2.999999999999999,
        "local_fidelity_log_sum": -2.6680376015163487,
        "remote_fidelity_log_sum": -3.1608154697347883,
        "local_fidelity": 0.06938825920398113,
        "remote_fidelity": 0.04239115827521627,
        "local_gate_num": 2763
    },
    "num_records": 11,
    "records": [
        {
            "layer_start": 0,
            "layer_end": 11,
            "partition": [
                [
                    0,
                    1,
                    2,
                    3,
                    4,
                    5,
                    6,
                    7,
                    8,
                    9
                ],
                [
                    10,
                    11,
                    12,
                    13,
                    14,
                    15,
                    16,
                    17,
                    18,
                    19
                ]
            ],
            "mapping_type": "teledata",
            "costs": {
                "total_fidelity_loss": 0.1846517283053748,
                "epairs": 0,
                "execution_time": 0.0,
                "num_comms": 0,
                "rgeo_mean_fid": 1.0,
                "total_fidelity_log_sum": -0.18480988947416166,
                "total_fidelity": 0.8312623005443976,
                "remote_hops": 0,
                "remote_swaps": 0,
                "cat_ents": 0,
                "local_fidelity_loss": 0.1846517283053748,
                "remote_fidelity_loss": 0.0,
                "local_fidelity_log_sum": -0.18480988947416166,
                "remote_fidelity_log_sum": 0.0,
                "local_fidelity": 0.8312623005443976,
                "remote_fidelity": 1.0,
                "local_gate_num": 247
            },
            "logical_phy_map": {
                "0": [
                    0,
                    2
                ],
                "1": [
                    0,
                    1
                ],
                "2": [
                    0,
                    5
                ],
                "3": [
                    0,
                    0
                ],
                "4": [
                    0,
                    4
                ],
                "5": [
                    0,
                    3
                ],
                "6": [
                    0,
                    6
                ],
                "7": [
                    0,
                    7
                ],
                "8": [
                    0,
                    8
                ],
                "9": [
                    0,
                    9
                ],
                "10": [
                    1,
                    0
                ],
                "11": [
                    1,
                    9
                ],
                "12": [
                    1,
                    1
                ],
                "13": [
                    1,
                    2
                ],
                "14": [
                    1,
                    3
                ],
                "15": [
                    1,
                    4
                ],
                "16": [
                    1,
                    5
                ],
                "17": [
                    1,
                    6
                ],
                "18": [
                    1,
                    7
                ],
                "19": [
                    1,
                    8
                ]
            },
            "extra_info": null
        },
        {
            "layer_start": 12,
            "layer_end": 13,
            "partition": [
                [
                    1,
                    2,
                    3,
                    4,
                    5,
                    6,
                    7,
                    8,
                    9,
                    10
                ],
                [
                    11,
                    12,
                    13,
                    14,
                    15,
                    16,
                    17,
                    18,
                    19,
                    0
                ]
            ],
            "mapping_type": "cat",
            "costs": {
                "total_fidelity_loss": 0.590692154430904,
                "epairs": 3,
                "execution_time": 0.0,
                "num_comms": 2,
                "rgeo_mean_fid": 0.8538149682454624,
                "total_fidelity_log_sum": -0.6070540203321667,
                "total_fidelity": 0.544953929820088,
                "remote_hops": 1,
                "remote_swaps": 1,
                "cat_ents": 1,
                "local_fidelity_loss": 0.290692154430904,
                "remote_fidelity_loss": 0.29999999999999993,
                "local_fidelity_log_sum": -0.2909724733586879,
                "remote_fidelity_log_sum": -0.3160815469734788,
                "local_fidelity": 0.7475362548972398,
                "remote_fidelity": 0.7290000000000001,
                "local_gate_num": 290
            },
            "logical_phy_map": {
                "0": [
                    1,
                    0
                ],
                "1": [
                    0,
                    1
                ],
                "2": [
                    0,
                    5
                ],
                "3": [
                    0,
                    0
                ],
                "4": [
                    0,
                    4
                ],
                "5": [
                    0,
                    3
                ],
                "6": [
                    0,
                    6
                ],
                "7": [
                    0,
                    7
                ],
                "8": [
                    0,
                    8
                ],
                "9": [
                    0,
                    9
                ],
                "10": [
                    0,
                    2
                ],
                "11": [
                    1,
                    9
                ],
                "12": [
                    1,
                    1
                ],
                "13": [
                    1,
                    2
                ],
                "14": [
                    1,
                    3
                ],
                "15": [
                    1,
                    4
                ],
                "16": [
                    1,
                    5
                ],
                "17": [
                    1,
                    6
                ],
                "18": [
                    1,
                    7
                ],
                "19": [
                    1,
                    8
                ]
            },
            "extra_info": {
                "ops": 