{
    "total_costs": {
        "num_comms": 10,
        "epairs": 10,
        "total_fidelity_loss": 2.0658964241524465,
        "rgeo_mean_fid": 0.9,
        "execution_time": 1.8254914283752441,
        "total_fidelity_log_sum": -2.1205325541146993,
        "total_fidelity": 0.11996772219209632,
        "remote_hops": 10,
        "remote_swaps": 0,
        "cat_ents": 10,
        "local_fidelity_loss": 1.0658964241524467,
        "remote_fidelity_loss": 0.9999999999999998,
        "local_fidelity_log_sum": -1.0669273975364362,
        "remote_fidelity_log_sum": -1.0536051565782631,
        "local_fidelity": 0.3440640670461009,
        "remote_fidelity": 0.34867844010000015,
        "local_gate_num": 950
    },
    "num_records": 1,
    "records": [
        {
            "layer_start": 0,
            "layer_end": 40,
            "partition": [
                [
                    10,
                    11,
                    12,
                    13,
                    14,
                    15,
                    16,
                    17,
                    18,
                    19
                ],
                [
                    0,
                    1,
                    2,
                    3,
                    4,
                    5,
                    6,
                    7,
                    8,
                    9
                ]
            ],
            "mapping_type": "telegate",
            "costs": {
                "num_comms": 10,
                "epairs": 10,
                "total_fidelity_loss": 2.0658964241524465,
                "rgeo_mean_fid": 0.9,
                "execution_time": 0.0,
                "total_fidelity_log_sum": -2.1205325541146993,
                "total_fidelity": 0.11996772219209632,
                "remote_hops": 10,
                "remote_swaps": 0,
                "cat_ents": 10,
                "local_fidelity_loss": 1.0658964241524467,
                "remote_fidelity_loss": 0.9999999999999998,
                "local_fidelity_log_sum": -1.0669273975364362,
                "remote_fidelity_log_sum": -1.0536051565782631,
                "local_fidelity": 0.3440640670461009,
                "remote_fidelity": 0.34867844010000015,
                "local_gate_num": 950
            },
            "logical_phy_map": {
                "10": [
                    0,
                    7
                ],
                "11": [
                    0,
                    8
                ],
                "12": [
                    0,
                    6
                ],
                "13": [
                    0,
                    9
                ],
                "14": [
                    0,
                    4
                ],
                "15": [
                    0,
                    3
                ],
                "16": [
                    0,
                    2
                ],
                "17": [
                    0,
                    5
                ],
                "18": [
                    0,
                    1
                ],
                "19": [
                    0,
                    0
                ],
                "0": [
                    1,
                    7
                ],
                "1": [
                    1,
                    8
                ],
                "2": [
                    1,
                    6
                ],
                "3": [
                    1,
                    9
                ],
                "4": [
                    1,
                    4
                ],
                "5": [
                    1,
                    3
                ],
                "6": [
                    1,
                    2
                ],
                "7": [
                    1,
                    5
                ],
                "8": [
                    1,
                    1
                ],
                "9": [
                    1,
                    0
                ]
            },
            "extra_info": {
                "cat_controls": [
                    0,
                    1,
                    2,
                    3,
                    4,
                    5,
                    6,
                    7,
                    8,
                    9,
                    10,
                    11,
                    12,
                    13,
                    14,
                    15,
                    16,
                    17,
                    18,
                    19
                ]
            }
        }
    ]
}