{
    "total_costs": {
        "num_comms": 20,
        "epairs": 22,
        "total_fidelity_loss": 2.281498274630764,
        "rgeo_mean_fid": 0.8952712433374779,
        "execution_time": 0.004018068313598633,
        "total_fidelity_log_sum": -2.394230258695885,
        "total_fidelity": 0.0912428853162856,
        "remote_hops": 19,
        "remote_swaps": 1,
        "cat_ents": 0,
        "local_fidelity_loss": 0.18149827463076412,
        "remote_fidelity_loss": 2.0999999999999996,
        "local_fidelity_log_sum": -0.18165942988153222,
        "remote_fidelity_log_sum": -2.2125708288143526,
        "local_fidelity": 0.833885288472363,
        "remote_fidelity": 0.10941898913151245,
        "local_gate_num": 170
    },
    "num_records": 1,
    "records": [
        {
            "layer_start": 0,
            "layer_end": 40,
            "partition": [
                [
                    0,
                    1,
                    2,
                    3,
                    4,
                    5,
                    6,
                    7,
                    8,
                    9
                ],
                [
                    10,
                    11,
                    12,
                    13,
                    14,
                    15,
                    16,
                    17,
                    18,
                    19
                ]
            ],
            "mapping_type": "autocomm",
            "costs": {
                "num_comms": 20,
                "epairs": 22,
                "total_fidelity_loss": 2.281498274630764,
                "rgeo_mean_fid": 0.8952712433374779,
                "execution_time": 0.004018068313598633,
                "total_fidelity_log_sum": -2.394230258695885,
                "total_fidelity": 0.0912428853162856,
                "remote_hops": 19,
                "remote_swaps": 1,
                "cat_ents": 0,
                "local_fidelity_loss": 0.18149827463076412,
                "remote_fidelity_loss": 2.0999999999999996,
                "local_fidelity_log_sum": -0.18165942988153222,
                "remote_fidelity_log_sum": -2.2125708288143526,
                "local_fidelity": 0.833885288472363,
                "remote_fidelity": 0.10941898913151245,
                "local_gate_num": 170
            },
            "logical_phy_map": {},
            "extra_info": {
                "autocomm_epr_cnt": 22,
                "autocomm_latency": 496.3999999999996,
                "autocomm_comm_costs": [
                    0,
                    9,
                    3,
                    1
                ],
                "autocomm_assigned_block_count": 171,
                "autocomm_event_count": 13,
                "autocomm_base_local_gate_num": 170,
                "autocomm_base_local_fidelity_loss": 0.18149827463076412,
                "autocomm_cat_local_gate_num": 0,
                "autocomm_cat_local_fidelity_loss": 0.0
            }
        }
    ]
}