{
    "total_costs": {
        "total_fidelity_loss": 0.41354515700381345,
        "epairs": 4,
        "execution_time": 0.039655447006225586,
        "num_comms": 4,
        "rgeo_mean_fid": 0.9,
        "total_fidelity_log_sum": -0.4349966043337339,
        "total_fidelity": 0.6472668649765616,
        "remote_hops": 4,
        "remote_swaps": 0,
        "cat_ents": 0,
        "local_fidelity_loss": 0.01354515700381352,
        "remote_fidelity_loss": 0.3999999999999999,
        "local_fidelity_log_sum": -0.01355454170242878,
        "remote_fidelity_log_sum": -0.4214420626313051,
        "local_fidelity": 0.9865369074478914,
        "remote_fidelity": 0.6561000000000001,
        "local_gate_num": 22
    },
    "num_records": 1,
    "records": [
        {
            "layer_start": 0,
            "layer_end": 8,
            "partition": [
                [
                    0,
                    1
                ],
                [
                    2,
                    3
                ]
            ],
            "mapping_type": "cat",
            "costs": {
                "total_fidelity_loss": 0.41354515700381345,
                "epairs": 4,
                "execution_time": 0.0,
                "num_comms": 4,
                "rgeo_mean_fid": 0.9,
                "total_fidelity_log_sum": -0.4349966043337339,
                "total_fidelity": 0.6472668649765616,
                "remote_hops": 4,
                "remote_swaps": 0,
                "cat_ents": 0,
                "local_fidelity_loss": 0.01354515700381352,
                "remote_fidelity_loss": 0.3999999999999999,
                "local_fidelity_log_sum": -0.01355454170242878,
                "remote_fidelity_log_sum": -0.4214420626313051,
                "local_fidelity": 0.9865369074478914,
                "remote_fidelity": 0.6561000000000001,
                "local_gate_num": 22
            },
            "logical_phy_map": {
                "0": [
                    0,
                    0
                ],
                "1": [
                    0,
                    1
                ],
                "2": [
                    1,
                    0
                ],
                "3": [
                    1,
                    1
                ]
            },
            "extra_info": {
                "autocomm_latency": 75.49999999999999,
                "autocomm_assigned_block_count": 19,
                "comm_only_costs": false
            }
        }
    ]
}