{
    "total_costs": {
        "total_fidelity_loss": 74.35820797948362,
        "epairs": 681,
        "execution_time": 1.009843111038208,
        "num_comms": 681,
        "rgeo_mean_fid": 0.9071291241134711,
        "total_fidelity_log_sum": -77.51491468371073,
        "total_fidelity": 2.1662086597634244e-34,
        "remote_hops": 681,
        "remote_swaps": 0,
        "cat_ents": 0,
        "local_fidelity_loss": 11.125556510500937,
        "remote_fidelity_loss": 63.23265146898269,
        "local_fidelity_log_sum": -11.13752118293022,
        "remote_fidelity_log_sum": -66.37739350078051,
        "local_fidelity": 1.4555797604362037e-05,
        "remote_fidelity": 1.488210209184457e-29,
        "local_gate_num": 12271
    },
    "num_records": 1,
    "records": [
        {
            "layer_start": 0,
            "layer_end": 318,
            "partition": [
                [
                    0,
                    1,
                    2,
                    3,
                    4,
                    5,
                    6,
                    7,
                    8,
                    9,
                    10,
                    11,
                    12,
                    13,
                    14,
                    15,
                    16,
                    17,
                    18,
                    19,
                    20,
                    21,
                    22,
                    23,
                    24,
                    25,
                    26,
                    27,
                    28,
                    29
                ],
                [
                    30,
                    31,
                    32,
                    33,
                    34,
                    35,
                    36,
                    37,
                    38,
                    39,
                    40,
                    41,
                    42,
                    43,
                    44,
                    45,
                    46,
                    47,
                    48,
                    49,
                    50,
                    51,
                    52,
                    53,
                    54,
                    55,
                    56,
                    57,
                    58,
                    59
                ],
                [
                    60,
                    61,
                    62,
                    63,
                    64,
                    65,
                    66,
                    67,
                    68,
                    69,
                    70,
                    71,
                    72,
                    73,
                    74,
                    75,
                    76,
                    77,
                    78,
                    79
                ],
                []
            ],
            "mapping_type": "telegate",
            "costs": {
                "total_fidelity_loss": 74.35820797948362,
                "epairs": 681,
                "execution_time": 0.0,
                "num_comms": 681,
                "rgeo_mean_fid": 0.9071291241134711,
                "total_fidelity_log_sum": -77.51491468371073,
                "total_fidelity": 2.1662086597634244e-34,
                "remote_hops": 681,
                "remote_swaps": 0,
                "cat_ents": 0,
                "local_fidelity_loss": 11.125556510500937,
                "remote_fidelity_loss": 63.23265146898269,
                "local_fidelity_log_sum": -11.13752118293022,
                "remote_fidelity_log_sum": -66.37739350078051,
                "local_fidelity": 1.4555797604362037e-05,
                "remote_fidelity": 1.488210209184457e-29,
                "local_gate_num": 12271
            },
            "logical_phy_map": {
                "0": [
                    0,
                    0
                ],
                "1": [
                    0,
                    1
                ],
                "2": [
                    0,
                    2
                ],
                "3": [
                    0,
                    3
                ],
                "4": [
                    0,
                    4
                ],
                "5": [
                    0,
                    5
                ],
                "6": [
                    0,
                    6
                ],
                "7": [
                    0,
                    9
                ],
                "8": [
                    0,
                    8
                ],
                "9": [
                    0,
                    7
                ],
                "10": [
                    0,
                    10
                ],
                "11": [
                    0,
                    11
                ],
                "12": [
                    0,
                    12
                ],
                "13": [
                    0,
                    13
                ],
                "14": [
                    0,
                    14
                ],
                "15": [
                    0,
                    17
                ],
                "16": [
                    0,
                    16
                ],
                "17": [
                    0,
                    15
                ],
                "18": [
                    0,
                    18
                ],
                "19": [
                    0,
                    21
                ],
                "20": [
                    0,
                    20
                ],
                "21": [
                    0,
                    19
                ],
                "22": [
                    0,
                    22
                ],
                "23": [
                    0,
                    25
                ],
                "24": [
                    0,
                    23
                ],
                "25": [
                    0,
                    24
                ],
                "26": [
                    0,
                    27
                ],
                "27": [
                    0,
                    26
                ],
                "28": [
                    0,
                    28
                ],
                "29": [
                    0,
                    29
                ],
                "30": [
                    1,
                    27
                ],
                "31": [
                    1,
                    28
                ],
                "32": [
                    1,
                    29
                ],
                "33": [
                    1,
                    23
                ],
                "34": [
                    1,
                    26
                ],
                "35": [
                    1,
                    25
                ],
                "36": [
                    1,
                    24
                ],
                "37": [
                    1,
                    19
                ],
                "38": [
                    1,
                    22
                ],
                "39": [
                    1,
                    21
                ],
                "40": [
                    1,
                    20
                ],
                "41": [
                    1,
                    15
                ],
                "42": [
                    1,
                    18
                ],
                "43": [
                    1,
                    17
                ],
                "44": [
                    1,
                    16
                ],
                "45": [
                    1,
                    13
                ],