Circuit,#Qubits,#Gates,#2Q Gates,#QPUs,Metrics,Static OEE,WBCP,NADQC
QV30,30,7650,1350,3,exec_time (sec),0.10358166694641113,1.5328402519226074,1.1244215965270996
QV30,30,7650,1350,3,num_comms,738.0,428.0,276.0
QV30,30,7650,1350,3,remote_hops,738.0,221.0,0.0
QV30,30,7650,1350,3,remote_swaps,0.0,207.0,276.0
QV30,30,7650,1350,3,fidelity_loss,14.76000000000004,8.560000000000008,5.520000000000005
QV30,30,7650,1350,3,fidelity,3.348450329593301e-07,0.0001756954021445273,0.0037878859223966412
