{
    "total_costs": {
        "num_comms": 264,
        "epairs": 264,
        "geo_mean_fidelity": 0.9753449761964149,
        "total_fidelity_loss": 7.015714473654335,
        "total_fidelity": 0.0008130207589403596,
        "execution_time": 15.526089906692505,
        "remote_hops": 264,
        "remote_swaps": 0,
        "local_fidelity": 0.9705078146269235,
        "remote_fidelity": 0.0008377271637456066,
        "local_fidelity_loss": 0.029895893135282455,
        "remote_fidelity_loss": 6.9858185805190525,
        "local_fidelity_log_sum": -0.02993582423967553,
        "remote_fidelity_log_sum": -7.084818090750785,
        "local_gate_num": 21
    },
    "records": [
        {
            "layer_start": 0,
            "layer_end": 999,
            "partition": [
                [
                    30,
                    31,
                    32,
                    33,
                    34,
                    35,
                    36,
                    37,
                    38,
                    39,
                    40,
                    41,
                    42,
                    43,
                    44,
                    45,
                    46,
                    47,
                    48,
                    49,
                    50,
                    51,
                    52,
                    53,
                    54,
                    55,
                    56,
                    57,
                    58,
                    59
                ],
                [
                    60,
                    61,
                    62,
                    63,
                    64,
                    65,
                    66,
                    67,
                    68,
                    69,
                    70,
                    71,
                    72,
                    73,
                    74,
                    75,
                    76,
                    77,
                    78,
                    79,
                    80,
                    81,
                    82,
                    83,
                    84,
                    85,
                    86,
                    87,
                    88,
                    89
                ],
                [
                    0,
                    1,
                    2,
                    3,
                    4,
                    5,
                    6,
                    7,
                    8,
                    9,
                    10,
                    11,
                    12,
                    13,
                    14,
                    15,
                    16,
                    17,
                    18,
                    19,
                    20,
                    21,
                    22,
                    23,
                    24,
                    25,
                    26,
                    27,
                    28,
                    29
                ]
            ],
            "mapping_type": "telegate",
            "costs": {
                "num_comms": 264,
                "epairs": 264,
                "geo_mean_fidelity": 0.9753449761964149,
                "total_fidelity_loss": 7.015714473654335,
                "total_fidelity": 0.0008130207589403596,
                "execution_time": 0.0,
                "remote_hops": 264,
                "remote_swaps": 0,
                "local_fidelity": 0.9705078146269235,
                "remote_fidelity": 0.0008377271637456066,
                "local_fidelity_loss": 0.029895893135282455,
                "remote_fidelity_loss": 6.9858185805190525,
                "local_fidelity_log_sum": -0.02993582423967553,
                "remote_fidelity_log_sum": -7.084818090750785,
                "local_gate_num": 21
            },
            "extra_info": null
        }
    ]
}