{
    "total_costs": {
        "num_comms": 58,
        "epairs": 58,
        "geo_mean_fidelity": 0.9961424667207412,
        "total_fidelity_loss": 2.044311669194253,
        "total_fidelity": 0.12597949615485293,
        "execution_time": 5.476271867752075,
        "remote_hops": 58,
        "remote_swaps": 0,
        "local_fidelity": 0.7223701986444979,
        "remote_fidelity": 0.17439741616036902,
        "local_fidelity_loss": 0.32484703110548463,
        "remote_fidelity_loss": 1.7194646380887684,
        "local_fidelity_log_sum": -0.3252175309909628,
        "remote_fidelity_log_sum": -1.7464185832112245,
        "local_gate_num": 478
    },
    "records": [
        {
            "layer_start": 0,
            "layer_end": 999,
            "partition": [
                [
                    13,
                    58,
                    61,
                    18,
                    56,
                    57,
                    62,
                    45,
                    53,
                    0,
                    2,
                    4,
                    46,
                    9,
                    47,
                    3,
                    11,
                    10,
                    55,
                    12,
                    54,
                    14,
                    16,
                    15,
                    60,
                    17,
                    59,
                    19,
                    48,
                    49
                ],
                [
                    69,
                    25,
                    5,
                    7,
                    6,
                    51,
                    8,
                    50,
                    63,
                    20,
                    22,
                    21,
                    66,
                    23,
                    65,
                    26,
                    28,
                    27,
                    72,
                    29,
                    71,
                    52,
                    67,
                    68,
                    73,
                    64,
                    74,
                    30,
                    70,
                    75
                ],
                [
                    1,
                    31,
                    33,
                    32,
                    77,
                    76,
                    78,
                    34,
                    79,
                    35,
                    80,
                    36,
                    81,
                    37,
                    82,
                    38,
                    83,
                    39,
                    84,
                    40,
                    85,
                    41,
                    86,
                    42,
                    87,
                    43,
                    44,
                    88,
                    89,
                    24
                ]
            ],
            "mapping_type": "telegate",
            "costs": {
                "num_comms": 58,
                "epairs": 58,
                "geo_mean_fidelity": 0.9961424667207412,
                "total_fidelity_loss": 2.044311669194253,
                "total_fidelity": 0.12597949615485293,
                "execution_time": 0.0,
                "remote_hops": 58,
                "remote_swaps": 0,
                "local_fidelity": 0.7223701986444979,
                "remote_fidelity": 0.17439741616036902,
                "local_fidelity_loss": 0.32484703110548463,
                "remote_fidelity_loss": 1.7194646380887684,
                "local_fidelity_log_sum": -0.3252175309909628,
                "remote_fidelity_log_sum": -1.7464185832112245,
                "local_gate_num": 478
            },
            "extra_info": null
        }
    ]
}