{
    "total_costs": {
        "num_comms": 1820,
        "epairs": 1820,
        "geo_mean_fidelity": 0.995771894823439,
        "total_fidelity_loss": 73.94820777926934,
        "total_fidelity": 2.621551527748783e-33,
        "execution_time": 9.517768859863281,
        "remote_hops": 1820,
        "remote_swaps": 0,
        "local_fidelity": 5.711641464561229e-07,
        "remote_fidelity": 4.58983909269272e-27,
        "local_fidelity_loss": 14.359240694262967,
        "remote_fidelity_loss": 59.588967085006374,
        "local_fidelity_log_sum": -14.375589196699789,
        "remote_fidelity_log_sum": -60.64595254343915,
        "local_gate_num": 15886
    },
    "records": [
        {
            "layer_start": 0,
            "layer_end": 348,
            "partition": [
                [
                    60,
                    25,
                    16,
                    20,
                    84,
                    14,
                    61,
                    54,
                    36,
                    11,
                    53,
                    42,
                    32,
                    65,
                    9,
                    13,
                    10,
                    85,
                    24,
                    75,
                    51,
                    80,
                    21,
                    37,
                    56,
                    63,
                    41,
                    74,
                    17,
                    73
                ],
                [
                    83,
                    77,
                    87,
                    70,
                    31,
                    44,
                    4,
                    35,
                    40,
                    76,
                    12,
                    89,
                    18,
                    59,
                    26,
                    58,
                    33,
                    71,
                    27,
                    47,
                    39,
                    49,
                    28,
                    69,
                    48,
                    62,
                    52,
                    68,
                    22,
                    82
                ],
                [
                    34,
                    86,
                    66,
                    57,
                    46,
                    79,
                    30,
                    29,
                    55,
                    43,
                    81,
                    0,
                    1,
                    7,
                    78,
                    5,
                    15,
                    3,
                    64,
                    8,
                    23,
                    6,
                    67,
                    19,
                    72,
                    88,
                    45,
                    50,
                    2,
                    38
                ]
            ],
            "mapping_type": "telegate",
            "costs": {
                "num_comms": 1820,
                "epairs": 1820,
                "geo_mean_fidelity": 0.995771894823439,
                "total_fidelity_loss": 73.94820777926934,
                "total_fidelity": 2.621551527748783e-33,
                "execution_time": 0.0,
                "remote_hops": 1820,
                "remote_swaps": 0,
                "local_fidelity": 5.711641464561229e-07,
                "remote_fidelity": 4.58983909269272e-27,
                "local_fidelity_loss": 14.359240694262967,
                "remote_fidelity_loss": 59.588967085006374,
                "local_fidelity_log_sum": -14.375589196699789,
                "remote_fidelity_log_sum": -60.64595254343915,
                "local_gate_num": 15886
            },
            "extra_info": null
        }
    ]
}