{
    "total_costs": {
        "num_comms": 8,
        "epairs": 8,
        "total_fidelity_log_sum": -6.035510713065953,
        "total_fidelity_loss": 5.98164889230709,
        "geo_mean_fidelity": 0.998592470913071,
        "total_fidelity": 0.0023922744494916082,
        "execution_time": 156.41138410568237,
        "remote_hops": 8,
        "remote_swaps": 0,
        "local_fidelity": 0.003244227018259278,
        "remote_fidelity": 0.7373942809881433,
        "local_fidelity_loss": 5.683098560132121,
        "remote_fidelity_loss": 0.29855033217496896,
        "local_fidelity_log_sum": -5.730878164209824,
        "remote_fidelity_log_sum": -0.3046325488561288,
        "local_gate_num": 4277
    },
    "records": [
        {
            "layer_start": 0,
            "layer_end": 15,
            "partition": [
                [
                    0,
                    2,
                    1,
                    3,
                    4,
                    6,
                    5,
                    7,
                    8,
                    10,
                    9,
                    11,
                    12,
                    14,
                    13,
                    15,
                    16,
                    18,
                    17,
                    19,
                    20,
                    22,
                    21,
                    23,
                    24,
                    26,
                    25,
                    27,
                    28,
                    30,
                    29,
                    31,
                    32,
                    34,
                    33,
                    35,
                    36,
                    38,
                    37,
                    39,
                    40,
                    42,
                    41,
                    43,
                    44,
                    46,
                    45,
                    47,
                    48,
                    50,
                    49,
                    51,
                    52,
                    54,
                    53,
                    55,
                    56,
                    58,
                    57,
                    59,
                    60,
                    62,
                    61,
                    63,
                    64,
                    66,
                    65,
                    67,
                    68,
                    70,
                    69,
                    71,
                    72,
                    74,
                    73,
                    75,
                    76,
                    78,
                    77,
                    79,
                    80,
                    82,
                    81,
                    83,
                    84,
                    86,
                    85,
                    87,
                    88,
                    89
                ],
                [
                    90,
                    92,
                    91,
                    93,
                    94,
                    96,
                    95,
                    97,
                    98,
                    100,
                    99,
                    101,
                    102,
                    104,
                    103,
                    105,
                    106,
                    108,
                    107,
                    109,
                    110,
                    112,
                    111,
                    113,
                    114,
                    116,
                    115,
                    117,
                    118,
                    120,
                    119,
                    121,
                    122,
                    124,
                    123,
                    125,
                    126,
                    128,
                    127,
                    129,
                    130,
                    132,
                    131,
                    133,
                    134,
                    136,
                    135,
                    137,
                    138,
                    140,
                    139,
                    141,
                    142,
                    144,
                    143,
                    145,
                    146,
                    148,
                    147,
                    149,
                    150,
                    152,
                    151,
                    153,
                    154,
                    156,
                    155,
                    157,
                    158,
                    160,
                    159,
                    161,
                    162,
                    164,
                    163,
                    165,
                    166,
                    168,
                    167,
                    169,
                    170,
                    172,
                    171,
                    173,
                    174,
                    176,
                    175,
                    177,
                    178,
                    179
                ],
                [
                    180,
                    182,
                    181,
                    183,
                    184,
                    186,
                    185,
                    187,
                    188,
                    190,
                    189,
                    191,
                    192,
                    194,
                    193,
                    195,
                    196,
                    198,
                    197,
                    199,
                    200,
                    202,
                    201,
                    203,
                    204,
                    206,
                    205,
                    207,
                    208,
                    210,
                    209,
                    211,
                    212,
                    214,
                    213,
                    215,
                    216,
                    218,
                    217,
                    219,
                    220,
                    222,
                    221,
                    223,
                    224,
                    226,
                    225,
                    227,
                    228,
                    230,
                    229,
                    231,
                    232,
                    234,
                    233,
                    235,
                    236,
                    238,
                    237,
                    239,
                    240,
                    242,
                    241,
                    243,
                    244,
                    246,
                    245,
                    247,
                    248,
                    250,
                    249,
                    251,
                    252,
                    254,
                    253,
                    255,
                    256,
                    258,
                    257,
                    259,
                    260,
                    262,
                    261,
                    263,
                    264,
                    266,
                    265,
                    267,
                    268,
                    269
                ],
                [
                    270,
                    272,
                    271,
                    273,
                    274,
                    276,
                    275,
                    277,
                    278,
                    280,
                    279,
                    281,
                    282,
                    284,
                    283,
                    285,
