{
    "total_costs": {
        "num_comms": 20,
        "epairs": 20,
        "geo_mean_fidelity": 0.9984981444645125,
        "total_fidelity_loss": 1.5349026633094085,
        "total_fidelity": 0.2126571606388517,
        "execution_time": 2.9101922512054443,
        "remote_hops": 20,
        "remote_swaps": 0,
        "local_fidelity": 0.4118795791026874,
        "remote_fidelity": 0.5163090656306446,
        "local_fidelity_loss": 0.8860039360552424,
        "remote_fidelity_loss": 0.6488987272541662,
        "local_fidelity_log_sum": -0.8870242560871676,
        "remote_fidelity_log_sum": -0.6610497284076812,
        "local_gate_num": 1010
    },
    "records": [
        {
            "layer_start": 0,
            "layer_end": 999,
            "partition": [
                [
                    14,
                    30,
                    9,
                    0,
                    2,
                    1,
                    4,
                    3,
                    5,
                    6,
                    7,
                    8,
                    11,
                    10,
                    12,
                    13,
                    15,
                    16,
                    18,
                    17,
                    19,
                    20,
                    22,
                    24,
                    27,
                    26,
                    28,
                    21,
                    29,
                    23
                ],
                [
                    47,
                    59,
                    31,
                    32,
                    33,
                    34,
                    36,
                    37,
                    38,
                    35,
                    40,
                    39,
                    41,
                    42,
                    44,
                    43,
                    45,
                    46,
                    48,
                    49,
                    51,
                    53,
                    54,
                    52,
                    56,
                    55,
                    57,
                    58,
                    60,
                    61
                ],
                [
                    73,
                    67,
                    25,
                    50,
                    62,
                    64,
                    63,
                    65,
                    66,
                    69,
                    68,
                    71,
                    72,
                    75,
                    74,
                    76,
                    77,
                    79,
                    80,
                    81,
                    78,
                    82,
                    83,
                    85,
                    84,
                    87,
                    86,
                    88,
                    70,
                    89
                ]
            ],
            "mapping_type": "telegate",
            "costs": {
                "num_comms": 20,
                "epairs": 20,
                "geo_mean_fidelity": 0.9984981444645125,
                "total_fidelity_loss": 1.5349026633094085,
                "total_fidelity": 0.2126571606388517,
                "execution_time": 0.0,
                "remote_hops": 20,
                "remote_swaps": 0,
                "local_fidelity": 0.4118795791026874,
                "remote_fidelity": 0.5163090656306446,
                "local_fidelity_loss": 0.8860039360552424,
                "remote_fidelity_loss": 0.6488987272541662,
                "local_fidelity_log_sum": -0.8870242560871676,
                "remote_fidelity_log_sum": -0.6610497284076812,
                "local_gate_num": 1010
            },
            "extra_info": null
        }
    ]
}