{
    "total_costs": {
        "num_comms": 6,
        "epairs": 12,
        "total_fidelity_log_sum": -0.2866782147618926,
        "total_fidelity_loss": 0.28164538546750695,
        "geo_mean_fidelity": 0.9936496224261232,
        "total_fidelity": 0.7507532712927484,
        "execution_time": 0.3442647457122803,
        "remote_hops": 0,
        "remote_swaps": 6,
        "local_fidelity": 0.9603496798280574,
        "remote_fidelity": 0.7817499053336119,
        "local_fidelity_loss": 0.04040861911010161,
        "remote_fidelity_loss": 0.24123676635740532,
        "local_fidelity_log_sum": -0.040457811022223115,
        "remote_fidelity_log_sum": -0.2462204037396695,
        "local_gate_num": 39
    },
    "records": [
        {
            "layer_start": 0,
            "layer_end": 4,
            "partition": [
                [
                    0,
                    1,
                    2
                ],
                [
                    3,
                    4,
                    5
                ]
            ],
            "mapping_type": "teledata",
            "costs": {
                "num_comms": 0,
                "epairs": 0,
                "total_fidelity_log_sum": -0.007257876221521124,
                "total_fidelity_loss": 0.007249040627571233,
                "geo_mean_fidelity": 0.9996371720269187,
                "total_fidelity": 0.9927683985573104,
                "execution_time": 0.0,
                "remote_hops": 0,
                "remote_swaps": 0,
                "local_fidelity": 0.9927683985573104,
                "remote_fidelity": 1.0,
                "local_fidelity_loss": 0.007249040627571233,
                "remote_fidelity_loss": 0.0,
                "local_fidelity_log_sum": -0.007257876221521124,
                "remote_fidelity_log_sum": 0.0,
                "local_gate_num": 20
            },
            "extra_info": null
        },
        {
            "layer_start": 5,
            "layer_end": 5,
            "partition": [
                [
                    1,
                    2,
                    5
                ],
                [
                    0,
                    3,
                    4
                ]
            ],
            "mapping_type": "teledata",
            "costs": {
                "num_comms": 1,
                "epairs": 2,
                "total_fidelity_log_sum": -0.04555246699877205,
                "total_fidelity_loss": 0.04471676664184154,
                "geo_mean_fidelity": 0.9849305423606647,
                "total_fidelity": 0.9554694706412871,
                "execution_time": 0.0,
                "remote_hops": 0,
                "remote_swaps": 1,
                "local_fidelity": 0.9954944475502494,
                "remote_fidelity": 0.9597938722737658,
                "local_fidelity_loss": 0.004510638915607324,
                "remote_fidelity_loss": 0.04020612772623422,
                "local_fidelity_log_sum": -0.004515733042160468,
                "remote_fidelity_log_sum": -0.04103673395661158,
                "local_gate_num": 2
            },
            "extra_info": null
        },
        {
            "layer_start": 6,
            "layer_end": 7,
            "partition": [
                [
                    1,
                    2,
                    3
                ],
                [
                    0,
                    4,
                    5
                ]
            ],
            "mapping_type": "teledata",
            "costs": {
                "num_comms": 1,
                "epairs": 2,
                "total_fidelity_log_sum": -0.049043267626695745,
                "total_fidelity_loss": 0.048201481508705624,
                "geo_mean_fidelity": 0.9878140406583041,
                "total_fidelity": 0.9521399319721087,
                "execution_time": 0.0,
                "remote_hops": 0,
                "remote_swaps": 1,
                "local_fidelity": 0.9920254332489904,
                "remote_fidelity": 0.9597938722737658,
                "local_fidelity_loss": 0.007995353782471404,
                "remote_fidelity_loss": 0.04020612772623422,
                "local_fidelity_log_sum": -0.008006533670084163,
                "remote_fidelity_log_sum": -0.04103673395661158,
                "local_gate_num": 3
            },
            "extra_info": null
        },
        {
            "layer_start": 8,
            "layer_end": 8,
            "partition": [
                [
                    1,
                    3,
                    4
                ],
                [
                    0,
                    2,
                    5
                ]
            ],
            "mapping_type": "teledata",
            "costs": {
                "num_comms": 1,
                "epairs": 2,
                "total_fidelity_log_sum": -0.04555246699877205,
                "total_fidelity_loss": 0.04471676664184154,
                "geo_mean_fidelity": 0.9849305423606647,
                "total_fidelity": 0.9554694706412871,
                "execution_time": 0.0,
                "remote_hops": 0,
                "remote_swaps": 1,
                "local_fidelity": 0.9954944475502494,
                "remote_fidelity": 0.9597938722737658,
                "local_fidelity_loss": 0.004510638915607324,
                "remote_fidelity_loss": 0.04020612772623422,
                "local_fidelity_log_sum": -0.004515733042160468,
                "remote_fidelity_log_sum": -0.04103673395661158,
                "local_gate_num": 2
            },
            "extra_info": null
        },
        {
            "layer_start": 9,
            "layer_end": 9,
            "partition": [
                [
                    2,
                    3,
                    4
                ],
                [
                    0,
                    1,
                    5
                ]
            ],
            "mapping_type": "teledata",
            "costs": {
                "num_comms": 1,
                "epairs": 2,
                "total_fidelity_log_sum": -0.045768768479681504,
                "total_fidelity_loss": 0.04493304473127222,
                "geo_mean_fidelity": 0.9886230207971091,
                "total_fidelity": 0.9552628235296674,
                "execution_time": 0.0,
                "remote_hops": 0,
                "remote_swaps": 1,
                "local_fidelity": 0.9952791439130944,
                "remote_fidelity": 0.9597938722737658,
                "local_fidelity_loss": 0.004726917005037999,
                "remote_fidelity_loss": 0.04020612772623422,
                "local_fidelity_log_sum": -0.004732034523069921,
                "remote_fidelity_log_sum": -0.04103673395661158,
                "local_gate_num": 3
            },
            "extra_info": null
        },
        {
            "layer_start": 10,
            "layer_end": 10,
            "partition": [
                [
                    1,
                    3,
                    4
                ],
                [
                    0,
                    2,
                    5
                ]
            ],
            "mapping_type": "teledata",
            "costs": {
                "num_comms": 1,
                "epairs": 2,
                "total_fidelity_log_sum": -0.045768768479681504,
                "total_fidelity_loss": 0.04493304473127222,
                "geo_mean_fidelity": 0.9886230207971091,
                "total_fidelity": 0.9552628235296675,
                "execution_time": 0.0,
                "remote_hops": 0,
                "remote_swaps": 1,
                "local_fidelity": 0.9952791439130945,
                "remote_fidelity": 0.9597938722737658,
                "local_fidelity_loss": 0.004726917005038,
                "remote_fidelity_loss": 0.04020612772623422,
                "local_fidelity_log_sum": -0.004732034523069922,