{
    "total_costs": {
        "num_comms": 594,
        "epairs": 594,
        "total_fidelity_loss": 53.28461639720182,
        "rgeo_mean_fid": 0.9128323754405018,
        "execution_time": 0.2799255847930908,
        "total_fidelity_log_sum": -55.699219338183255,
        "total_fidelity": 6.458570359142508e-25,
        "remote_hops": 594,
        "remote_swaps": 0,
        "local_fidelity_loss": 1.5233334329904156,
        "remote_fidelity_loss": 51.76128296421141,
        "local_fidelity_log_sum": -1.5246297413619503,
        "remote_fidelity_log_sum": -54.174589596821306,
        "local_fidelity": 0.21770164786019836,
        "remote_fidelity": 2.9667071529426426e-24,
        "local_gate_num": 1782
    },
    "num_records": 1,
    "records": [
        {
            "layer_start": 0,
            "layer_end": 80,
            "partition": [
                [
                    0,
                    1,
                    2,
                    3,
                    4,
                    5,
                    6,
                    7,
                    8,
                    9,
                    10
                ],
                [
                    11,
                    12,
                    13,
                    14,
                    15,
                    16,
                    17,
                    18,
                    19,
                    20,
                    21
                ],
                [
                    22,
                    23,
                    24,
                    25,
                    26,
                    27,
                    28,
                    29,
                    30,
                    31,
                    32
                ],
                [
                    33,
                    34,
                    35,
                    36,
                    37,
                    38,
                    39
                ]
            ],
            "mapping_type": "telegate",
            "costs": {
                "num_comms": 594,
                "epairs": 594,
                "total_fidelity_loss": 53.28461639720182,
                "rgeo_mean_fid": 0.9128323754405018,
                "execution_time": 0.0,
                "total_fidelity_log_sum": -55.699219338183255,
                "total_fidelity": 6.458570359142508e-25,
                "remote_hops": 594,
                "remote_swaps": 0,
                "local_fidelity_loss": 1.5233334329904156,
                "remote_fidelity_loss": 51.76128296421141,
                "local_fidelity_log_sum": -1.5246297413619503,
                "remote_fidelity_log_sum": -54.174589596821306,
                "local_fidelity": 0.21770164786019836,
                "remote_fidelity": 2.9667071529426426e-24,
                "local_gate_num": 1782
            },
            "logical_phy_map": {
                "0": [
                    0,
                    2
                ],
                "1": [
                    0,
                    1
                ],
                "2": [
                    0,
                    3
                ],
                "3": [
                    0,
                    0
                ],
                "4": [
                    0,
                    5
                ],
                "5": [
                    0,
                    6
                ],
                "6": [
                    0,
                    7
                ],
                "7": [
                    0,
                    4
                ],
                "8": [
                    0,
                    8
                ],
                "9": [
                    0,
                    9
                ],
                "10": [
                    0,
                    10
                ],
                "11": [
                    1,
                    2
                ],
                "12": [
                    1,
                    1
                ],
                "13": [
                    1,
                    3
                ],
                "14": [
                    1,
                    0
                ],
                "15": [
                    1,
                    5
                ],
                "16": [
                    1,
                    6
                ],
                "17": [
                    1,
                    7
                ],
                "18": [
                    1,
                    4
                ],
                "19": [
                    1,
                    8
                ],
                "20": [
                    1,
                    9
                ],
                "21": [
                    1,
                    10
                ],
                "22": [
                    2,
                    2
                ],
                "23": [
                    2,
                    1
                ],
                "24": [
                    2,
                    3
                ],
                "25": [
                    2,
                    0
                ],
                "26": [
                    2,
                    5
                ],
                "27": [
                    2,
                    6
                ],
                "28": [
                    2,
                    7
                ],
                "29": [
                    2,
                    4
                ],
                "30": [
                    2,
                    8
                ],
                "31": [
                    2,
                    9
                ],
                "32": [
                    2,
                    10
                ],
                "33": [
                    3,
                    5
                ],
                "34": [
                    3,
                    6
                ],
                "35": [
                    3,
                    4
                ],
                "36": [
                    3,
                    3
                ],
                "37": [
                    3,
                    8
                ],
                "38": [
                    3,
                    7
                ],
                "39": [
                    3,
                    9
                ]
            },
            "extra_info": null
        }
    ]
}