{
    "total_costs": {
        "num_comms": 1000,
        "epairs": 1000,
        "total_fidelity_loss": 91.09804759378014,
        "rgeo_mean_fid": 0.9105177786569509,
        "execution_time": 0.24189543724060059,
        "total_fidelity_log_sum": -95.36245402100954,
        "total_fidelity": 3.842487274853877e-42,
        "remote_hops": 1000,
        "remote_swaps": 0,
        "local_fidelity_loss": 1.619135880112203,
        "remote_fidelity_loss": 89.47891171366794,
        "local_fidelity_log_sum": -1.6206002728480613,
        "remote_fidelity_log_sum": -93.74185374816147,
        "local_fidelity": 0.19777994151493003,
        "remote_fidelity": 1.9428093897802143e-41,
        "local_gate_num": 1759
    },
    "num_records": 1,
    "records": [
        {
            "layer_start": 0,
            "layer_end": 80,
            "partition": [
                [
                    0,
                    1,
                    2,
                    3,
                    4,
                    5,
                    6,
                    7,
                    8,
                    9
                ],
                [
                    10,
                    11,
                    12,
                    13,
                    14,
                    15,
                    16,
                    17,
                    18,
                    19
                ],
                [
                    20,
                    21,
                    22,
                    23,
                    24,
                    25,
                    26,
                    27,
                    28,
                    29
                ],
                [
                    30,
                    31,
                    32,
                    33,
                    34,
                    35,
                    36,
                    37,
                    38,
                    39
                ]
            ],
            "mapping_type": "telegate",
            "costs": {
                "num_comms": 1000,
                "epairs": 1000,
                "total_fidelity_loss": 91.09804759378014,
                "rgeo_mean_fid": 0.9105177786569509,
                "execution_time": 0.0,
                "total_fidelity_log_sum": -95.36245402100954,
                "total_fidelity": 3.842487274853877e-42,
                "remote_hops": 1000,
                "remote_swaps": 0,
                "local_fidelity_loss": 1.619135880112203,
                "remote_fidelity_loss": 89.47891171366794,
                "local_fidelity_log_sum": -1.6206002728480613,
                "remote_fidelity_log_sum": -93.74185374816147,
                "local_fidelity": 0.19777994151493003,
                "remote_fidelity": 1.9428093897802143e-41,
                "local_gate_num": 1759
            },
            "logical_phy_map": {
                "0": [
                    0,
                    7
                ],
                "1": [
                    0,
                    8
                ],
                "2": [
                    0,
                    6
                ],
                "3": [
                    0,
                    9
                ],
                "4": [
                    0,
                    4
                ],
                "5": [
                    0,
                    3
                ],
                "6": [
                    0,
                    2
                ],
                "7": [
                    0,
                    5
                ],
                "8": [
                    0,
                    1
                ],
                "9": [
                    0,
                    0
                ],
                "10": [
                    1,
                    2
                ],
                "11": [
                    1,
                    1
                ],
                "12": [
                    1,
                    5
                ],
                "13": [
                    1,
                    0
                ],
                "14": [
                    1,
                    3
                ],
                "15": [
                    1,
                    4
                ],
                "16": [
                    1,
                    7
                ],
                "17": [
                    1,
                    6
                ],
                "18": [
                    1,
                    8
                ],
                "19": [
                    1,
                    9
                ],
                "20": [
                    2,
                    2
                ],
                "21": [
                    2,
                    1
                ],
                "22": [
                    2,
                    5
                ],
                "23": [
                    2,
                    0
                ],
                "24": [
                    2,
                    3
                ],
                "25": [
                    2,
                    4
                ],
                "26": [
                    2,
                    6
                ],
                "27": [
                    2,
                    7
                ],
                "28": [
                    2,
                    8
                ],
                "29": [
                    2,
                    9
                ],
                "30": [
                    3,
                    2
                ],
                "31": [
                    3,
                    1
                ],
                "32": [
                    3,
                    5
                ],
                "33": [
                    3,
                    0
                ],
                "34": [
                    3,
                    3
                ],
                "35": [
                    3,
                    4
                ],
                "36": [
                    3,
                    6
                ],
                "37": [
                    3,
                    7
                ],
                "38": [
                    3,
                    8
                ],
                "39": [
                    3,
                    9
                ]
            },
            "extra_info": null
        }
    ]
}