{
    "total_costs": {
        "num_comms": 6,
        "epairs": 9,
        "total_fidelity_log_sum": -0.30035181345261713,
        "total_fidelity_loss": 0.29529985609964365,
        "geo_mean_fidelity": 0.9949222269950289,
        "total_fidelity": 0.7405576367068998,
        "execution_time": 0.24370193481445312,
        "remote_hops": 3,
        "remote_swaps": 3,
        "local_fidelity": 0.9473076129006588,
        "remote_fidelity": 0.7817499053336118,
        "local_fidelity_loss": 0.054063089742238356,
        "remote_fidelity_loss": 0.24123676635740532,
        "local_fidelity_log_sum": -0.054131409712947665,
        "remote_fidelity_log_sum": -0.24622040373966947,
        "local_gate_num": 53
    },
    "records": [
        {
            "layer_start": 0,
            "layer_end": 4,
            "partition": [
                [
                    3,
                    4,
                    5
                ],
                [
                    0,
                    1,
                    2
                ]
            ],
            "mapping_type": "teledata",
            "costs": {
                "num_comms": 0,
                "epairs": 0,
                "total_fidelity_log_sum": -0.007257876221521123,
                "total_fidelity_loss": 0.007249040627571233,
                "geo_mean_fidelity": 0.9996371720269187,
                "total_fidelity": 0.9927683985573104,
                "execution_time": 0.0,
                "remote_hops": 0,
                "remote_swaps": 0,
                "local_fidelity": 0.9927683985573104,
                "remote_fidelity": 1.0,
                "local_fidelity_loss": 0.007249040627571233,
                "remote_fidelity_loss": 0.0,
                "local_fidelity_log_sum": -0.007257876221521123,
                "remote_fidelity_log_sum": 0.0,
                "local_gate_num": 20
            },
            "extra_info": null
        },
        {
            "layer_start": 5,
            "layer_end": 7,
            "partition": [
                [
                    4,
                    5,
                    0
                ],
                [
                    1,
                    2,
                    3
                ]
            ],
            "mapping_type": "telegate",
            "costs": {
                "num_comms": 2,
                "epairs": 3,
                "total_fidelity_log_sum": -0.10205315091840318,
                "total_fidelity_loss": 0.1003665845357025,
                "geo_mean_fidelity": 0.9932195483086549,
                "total_fidelity": 0.9029815560943759,
                "execution_time": 0.0,
                "remote_hops": 1,
                "remote_swaps": 1,
                "local_fidelity": 0.980218588200428,
                "remote_fidelity": 0.9212042772542698,
                "local_fidelity_loss": 0.019954329083234062,
                "remote_fidelity_loss": 0.08041225545246844,
                "local_fidelity_log_sum": -0.019979683005180018,
                "remote_fidelity_log_sum": -0.08207346791322316,
                "local_gate_num": 13
            },
            "extra_info": null
        },
        {
            "layer_start": 8,
            "layer_end": 9,
            "partition": [
                [
                    0,
                    5,
                    1
                ],
                [
                    2,
                    3,
                    4
                ]
            ],
            "mapping_type": "telegate",
            "costs": {
                "num_comms": 2,
                "epairs": 3,
                "total_fidelity_log_sum": -0.09027459589820185,
                "total_fidelity_loss": 0.08860218461758868,
                "geo_mean_fidelity": 0.9850668560184037,
                "total_fidelity": 0.9136802579698945,
                "execution_time": 0.0,
                "remote_hops": 1,
                "remote_swaps": 1,
                "local_fidelity": 0.9918324095207186,
                "remote_fidelity": 0.9212042772542698,
                "local_fidelity_loss": 0.008189929165120242,
                "remote_fidelity_loss": 0.08041225545246844,
                "local_fidelity_log_sum": -0.00820112798497869,
                "remote_fidelity_log_sum": -0.08207346791322316,
                "local_gate_num": 4
            },
            "extra_info": null
        },
        {
            "layer_start": 10,
            "layer_end": 13,
            "partition": [
                [
                    0,
                    1,
                    2
                ],
                [
                    3,
                    4,
                    5
                ]
            ],
            "mapping_type": "telegate",
            "costs": {
                "num_comms": 2,
                "epairs": 3,
                "total_fidelity_log_sum": -0.100766190414491,
                "total_fidelity_loss": 0.09908204631878126,
                "geo_mean_fidelity": 0.9944175185945174,
                "total_fidelity": 0.9041444058031552,
                "execution_time": 0.0,
                "remote_hops": 1,
                "remote_swaps": 1,
                "local_fidelity": 0.9814809029090019,
                "remote_fidelity": 0.9212042772542698,
                "local_fidelity_loss": 0.01866979086631282,
                "remote_fidelity_loss": 0.08041225545246844,
                "local_fidelity_log_sum": -0.018692722501267835,
                "remote_fidelity_log_sum": -0.08207346791322316,
                "local_gate_num": 16
            },
            "extra_info": null
        }
    ]
}