{
    "total_costs": {
        "num_comms": 25,
        "epairs": 25,
        "total_fidelity_log_sum": -1.1246882684785018,
        "total_fidelity_loss": 1.1050365775477418,
        "geo_mean_fidelity": 0.9940669389556681,
        "total_fidelity": 0.3247536875418984,
        "execution_time": 0.06027984619140625,
        "remote_hops": 25,
        "remote_swaps": 0,
        "local_fidelity": 0.8784798092787192,
        "remote_fidelity": 0.3696768942345291,
        "local_fidelity_loss": 0.12945598354933474,
        "remote_fidelity_loss": 0.9755805939984069,
        "local_fidelity_log_sum": -0.12956235479642778,
        "remote_fidelity_log_sum": -0.995125913682074,
        "local_gate_num": 164
    },
    "records": [
        {
            "layer_start": 0,
            "layer_end": 20,
            "partition": [
                [
                    0,
                    1,
                    2,
                    3,
                    4
                ],
                [
                    5,
                    6,
                    7,
                    8,
                    9
                ]
            ],
            "mapping_type": "telegate",
            "costs": {
                "num_comms": 25,
                "epairs": 25,
                "total_fidelity_log_sum": -1.1246882684785018,
                "total_fidelity_loss": 1.1050365775477418,
                "geo_mean_fidelity": 0.9940669389556681,
                "total_fidelity": 0.3247536875418984,
                "execution_time": 0.0,
                "remote_hops": 25,
                "remote_swaps": 0,
                "local_fidelity": 0.8784798092787192,
                "remote_fidelity": 0.3696768942345291,
                "local_fidelity_loss": 0.12945598354933474,
                "remote_fidelity_loss": 0.9755805939984069,
                "local_fidelity_log_sum": -0.12956235479642778,
                "remote_fidelity_log_sum": -0.995125913682074,
                "local_gate_num": 164
            },
            "extra_info": null
        }
    ]
}