{
    "total_costs": {
        "num_comms": 1000,
        "epairs": 1000,
        "total_fidelity_loss": 92.34169896942029,
        "rgeo_mean_fid": 0.9094671279009328,
        "execution_time": 0.23343706130981445,
        "total_fidelity_log_sum": -96.73992736496199,
        "total_fidelity": 9.691329635572757e-43,
        "remote_hops": 1000,
        "remote_swaps": 0,
        "local_fidelity_loss": 1.8415924483340453,
        "remote_fidelity_loss": 90.50010652108625,
        "local_fidelity_log_sum": -1.8435026432224686,
        "remote_fidelity_log_sum": -94.89642472173952,
        "local_fidelity": 0.15826211841585056,
        "remote_fidelity": 6.123594030321114e-42,
        "local_gate_num": 1819
    },
    "num_records": 1,
    "records": [
        {
            "layer_start": 0,
            "layer_end": 80,
            "partition": [
                [
                    0,
                    1,
                    2,
                    3,
                    4,
                    5,
                    6,
                    7,
                    8,
                    9
                ],
                [
                    10,
                    11,
                    12,
                    13,
                    14,
                    15,
                    16,
                    17,
                    18,
                    19
                ],
                [
                    20,
                    21,
                    22,
                    23,
                    24,
                    25,
                    26,
                    27,
                    28,
                    29
                ],
                [
                    30,
                    31,
                    32,
                    33,
                    34,
                    35,
                    36,
                    37,
                    38,
                    39
                ]
            ],
            "mapping_type": "telegate",
            "costs": {
                "num_comms": 1000,
                "epairs": 1000,
                "total_fidelity_loss": 92.34169896942029,
                "rgeo_mean_fid": 0.9094671279009328,
                "execution_time": 0.0,
                "total_fidelity_log_sum": -96.73992736496199,
                "total_fidelity": 9.691329635572757e-43,
                "remote_hops": 1000,
                "remote_swaps": 0,
                "local_fidelity_loss": 1.8415924483340453,
                "remote_fidelity_loss": 90.50010652108625,
                "local_fidelity_log_sum": -1.8435026432224686,
                "remote_fidelity_log_sum": -94.89642472173952,
                "local_fidelity": 0.15826211841585056,
                "remote_fidelity": 6.123594030321114e-42,
                "local_gate_num": 1819
            },
            "logical_phy_map": {
                "0": [
                    0,
                    7
                ],
                "1": [
                    0,
                    8
                ],
                "2": [
                    0,
                    6
                ],
                "3": [
                    0,
                    5
                ],
                "4": [
                    0,
                    9
                ],
                "5": [
                    0,
                    3
                ],
                "6": [
                    0,
                    4
                ],
                "7": [
                    0,
                    2
                ],
                "8": [
                    0,
                    1
                ],
                "9": [
                    0,
                    0
                ],
                "10": [
                    1,
                    2
                ],
                "11": [
                    1,
                    1
                ],
                "12": [
                    1,
                    3
                ],
                "13": [
                    1,
                    0
                ],
                "14": [
                    1,
                    5
                ],
                "15": [
                    1,
                    4
                ],
                "16": [
                    1,
                    8
                ],
                "17": [
                    1,
                    7
                ],
                "18": [
                    1,
                    6
                ],
                "19": [
                    1,
                    9
                ],
                "20": [
                    2,
                    7
                ],
                "21": [
                    2,
                    6
                ],
                "22": [
                    2,
                    8
                ],
                "23": [
                    2,
                    9
                ],
                "24": [
                    2,
                    4
                ],
                "25": [
                    2,
                    5
                ],
                "26": [
                    2,
                    3
                ],
                "27": [
                    2,
                    2
                ],
                "28": [
                    2,
                    1
                ],
                "29": [
                    2,
                    0
                ],
                "30": [
                    3,
                    2
                ],
                "31": [
                    3,
                    1
                ],
                "32": [
                    3,
                    3
                ],
                "33": [
                    3,
                    0
                ],
                "34": [
                    3,
                    5
                ],
                "35": [
                    3,
                    4
                ],
                "36": [
                    3,
                    8
                ],
                "37": [
                    3,
                    7
                ],
                "38": [
                    3,
                    6
                ],
                "39": [
                    3,
                    9
                ]
            },
            "extra_info": null
        }
    ]
}