{
    "total_costs": {
        "num_comms": 100,
        "epairs": 100,
        "total_fidelity_loss": 10.760807026387042,
        "rgeo_mean_fid": 0.9,
        "execution_time": 0.1365339756011963,
        "total_fidelity_log_sum": -11.297531724309412,
        "total_fidelity": 1.2403501771302617e-05,
        "remote_hops": 100,
        "remote_swaps": 0,
        "local_fidelity_loss": 0.760807026387062,
        "remote_fidelity_loss": 9.99999999999998,
        "local_fidelity_log_sum": -0.7614801585267849,
        "remote_fidelity_log_sum": -10.536051565782627,
        "local_fidelity": 0.4669747186056123,
        "remote_fidelity": 2.6561398887587544e-05,
        "local_gate_num": 850
    },
    "num_records": 1,
    "records": [
        {
            "layer_start": 0,
            "layer_end": 40,
            "partition": [
                [
                    0,
                    1,
                    2,
                    3,
                    4,
                    5,
                    6,
                    7,
                    8,
                    9
                ],
                [
                    10,
                    11,
                    12,
                    13,
                    14,
                    15,
                    16,
                    17,
                    18,
                    19
                ]
            ],
            "mapping_type": "telegate",
            "costs": {
                "num_comms": 100,
                "epairs": 100,
                "total_fidelity_loss": 10.760807026387042,
                "rgeo_mean_fid": 0.9,
                "execution_time": 0.0,
                "total_fidelity_log_sum": -11.297531724309412,
                "total_fidelity": 1.2403501771302617e-05,
                "remote_hops": 100,
                "remote_swaps": 0,
                "local_fidelity_loss": 0.760807026387062,
                "remote_fidelity_loss": 9.99999999999998,
                "local_fidelity_log_sum": -0.7614801585267849,
                "remote_fidelity_log_sum": -10.536051565782627,
                "local_fidelity": 0.4669747186056123,
                "remote_fidelity": 2.6561398887587544e-05,
                "local_gate_num": 850
            },
            "logical_phy_map": {
                "0": [
                    0,
                    2
                ],
                "1": [
                    0,
                    1
                ],
                "2": [
                    0,
                    5
                ],
                "3": [
                    0,
                    0
                ],
                "4": [
                    0,
                    3
                ],
                "5": [
                    0,
                    4
                ],
                "6": [
                    0,
                    7
                ],
                "7": [
                    0,
                    6
                ],
                "8": [
                    0,
                    8
                ],
                "9": [
                    0,
                    9
                ],
                "10": [
                    1,
                    2
                ],
                "11": [
                    1,
                    1
                ],
                "12": [
                    1,
                    5
                ],
                "13": [
                    1,
                    0
                ],
                "14": [
                    1,
                    3
                ],
                "15": [
                    1,
                    4
                ],
                "16": [
                    1,
                    7
                ],
                "17": [
                    1,
                    6
                ],
                "18": [
                    1,
                    8
                ],
                "19": [
                    1,
                    9
                ]
            },
            "extra_info": null
        }
    ]
}