{
    "total_costs": {
        "num_comms": 1000,
        "epairs": 1000,
        "total_fidelity_loss": 82.1559242786212,
        "rgeo_mean_fid": 0.9182436058871128,
        "execution_time": 0.08113670349121094,
        "total_fidelity_log_sum": -85.72837903569267,
        "total_fidelity": 5.869999203098346e-38,
        "remote_hops": 1000,
        "remote_swaps": 0,
        "local_fidelity_loss": 0.43533169381101444,
        "remote_fidelity_loss": 81.72059258481019,
        "local_fidelity_log_sum": -0.43582136084710454,
        "remote_fidelity_log_sum": -85.29255767484557,
        "local_fidelity": 0.6467332474962787,
        "remote_fidelity": 9.076383850409859e-38,
        "local_gate_num": 340
    },
    "num_records": 1,
    "records": [
        {
            "layer_start": 0,
            "layer_end": 80,
            "partition": [
                [
                    0,
                    1,
                    2,
                    3,
                    4,
                    5,
                    6,
                    7,
                    8,
                    9
                ],
                [
                    10,
                    11,
                    12,
                    13,
                    14,
                    15,
                    16,
                    17,
                    18,
                    19
                ],
                [
                    20,
                    21,
                    22,
                    23,
                    24,
                    25,
                    26,
                    27,
                    28,
                    29
                ],
                [
                    30,
                    31,
                    32,
                    33,
                    34,
                    35,
                    36,
                    37,
                    38,
                    39
                ]
            ],
            "mapping_type": "telegate",
            "costs": {
                "num_comms": 1000,
                "epairs": 1000,
                "total_fidelity_loss": 82.1559242786212,
                "rgeo_mean_fid": 0.9182436058871128,
                "execution_time": 0.0,
                "total_fidelity_log_sum": -85.72837903569267,
                "total_fidelity": 5.869999203098346e-38,
                "remote_hops": 1000,
                "remote_swaps": 0,
                "local_fidelity_loss": 0.43533169381101444,
                "remote_fidelity_loss": 81.72059258481019,
                "local_fidelity_log_sum": -0.43582136084710454,
                "remote_fidelity_log_sum": -85.29255767484557,
                "local_fidelity": 0.6467332474962787,
                "remote_fidelity": 9.076383850409859e-38,
                "local_gate_num": 340
            },
            "logical_phy_map": {
                "0": [
                    0,
                    0
                ],
                "1": [
                    0,
                    1
                ],
                "2": [
                    0,
                    2
                ],
                "3": [
                    0,
                    3
                ],
                "4": [
                    0,
                    4
                ],
                "5": [
                    0,
                    5
                ],
                "6": [
                    0,
                    6
                ],
                "7": [
                    0,
                    7
                ],
                "8": [
                    0,
                    8
                ],
                "9": [
                    0,
                    9
                ],
                "10": [
                    1,
                    0
                ],
                "11": [
                    1,
                    1
                ],
                "12": [
                    1,
                    2
                ],
                "13": [
                    1,
                    3
                ],
                "14": [
                    1,
                    4
                ],
                "15": [
                    1,
                    5
                ],
                "16": [
                    1,
                    6
                ],
                "17": [
                    1,
                    7
                ],
                "18": [
                    1,
                    8
                ],
                "19": [
                    1,
                    9
                ],
                "20": [
                    2,
                    0
                ],
                "21": [
                    2,
                    1
                ],
                "22": [
                    2,
                    2
                ],
                "23": [
                    2,
                    3
                ],
                "24": [
                    2,
                    4
                ],
                "25": [
                    2,
                    5
                ],
                "26": [
                    2,
                    6
                ],
                "27": [
                    2,
                    7
                ],
                "28": [
                    2,
                    8
                ],
                "29": [
                    2,
                    9
                ],
                "30": [
                    3,
                    0
                ],
                "31": [
                    3,
                    1
                ],
                "32": [
                    3,
                    2
                ],
                "33": [
                    3,
                    3
                ],
                "34": [
                    3,
                    4
                ],
                "35": [
                    3,
                    5
                ],
                "36": [
                    3,
                    6
                ],
                "37": [
                    3,
                    7
                ],
                "38": [
                    3,
                    8
                ],
                "39": [
                    3,
                    9
                ]
            },
            "extra_info": null
        }
    ]
}