{
    "total_costs": {
        "num_comms": 396,
        "epairs": 396,
        "total_fidelity_loss": 43.67485375430951,
        "rgeo_mean_fid": 0.8999999999999999,
        "execution_time": 0.43272900581359863,
        "total_fidelity_log_sum": -45.801821531649715,
        "total_fidelity": 1.2838717642891444e-20,
        "remote_hops": 396,
        "remote_swaps": 0,
        "local_fidelity_loss": 4.074853754309218,
        "remote_fidelity_loss": 39.60000000000029,
        "local_fidelity_log_sum": -4.079057331150464,
        "remote_fidelity_log_sum": -41.72276420049925,
        "local_fidelity": 0.016923411308456815,
        "remote_fidelity": 7.58636507077967e-19,
        "local_gate_num": 3747
    },
    "num_records": 1,
    "records": [
        {
            "layer_start": 0,
            "layer_end": 80,
            "partition": [
                [
                    0,
                    1,
                    2,
                    3,
                    4,
                    5,
                    6,
                    7,
                    8,
                    9,
                    10,
                    11,
                    12,
                    13,
                    14,
                    15,
                    16,
                    17,
                    18,
                    19,
                    20,
                    21
                ],
                [
                    22,
                    23,
                    24,
                    25,
                    26,
                    27,
                    28,
                    29,
                    30,
                    31,
                    32,
                    33,
                    34,
                    35,
                    36,
                    37,
                    38,
                    39
                ]
            ],
            "mapping_type": "telegate",
            "costs": {
                "num_comms": 396,
                "epairs": 396,
                "total_fidelity_loss": 43.67485375430951,
                "rgeo_mean_fid": 0.8999999999999999,
                "execution_time": 0.0,
                "total_fidelity_log_sum": -45.801821531649715,
                "total_fidelity": 1.2838717642891444e-20,
                "remote_hops": 396,
                "remote_swaps": 0,
                "local_fidelity_loss": 4.074853754309218,
                "remote_fidelity_loss": 39.60000000000029,
                "local_fidelity_log_sum": -4.079057331150464,
                "remote_fidelity_log_sum": -41.72276420049925,
                "local_fidelity": 0.016923411308456815,
                "remote_fidelity": 7.58636507077967e-19,
                "local_gate_num": 3747
            },
            "logical_phy_map": {
                "0": [
                    0,
                    17
                ],
                "1": [
                    0,
                    20
                ],
                "2": [
                    0,
                    18
                ],
                "3": [
                    0,
                    21
                ],
                "4": [
                    0,
                    16
                ],
                "5": [
                    0,
                    19
                ],
                "6": [
                    0,
                    14
                ],
                "7": [
                    0,
                    13
                ],
                "8": [
                    0,
                    12
                ],
                "9": [
                    0,
                    15
                ],
                "10": [
                    0,
                    10
                ],
                "11": [
                    0,
                    11
                ],
                "12": [
                    0,
                    8
                ],
                "13": [
                    0,
                    9
                ],
                "14": [
                    0,
                    6
                ],
                "15": [
                    0,
                    5
                ],
                "16": [
                    0,
                    4
                ],
                "17": [
                    0,
                    7
                ],
                "18": [
                    0,
                    2
                ],
                "19": [
                    0,
                    3
                ],
                "20": [
                    0,
                    1
                ],
                "21": [
                    0,
                    0
                ],
                "22": [
                    1,
                    16
                ],
                "23": [
                    1,
                    19
                ],
                "24": [
                    1,
                    13
                ],
                "25": [
                    1,
                    18
                ],
                "26": [
                    1,
                    15
                ],
                "27": [
                    1,
                    14
                ],
                "28": [
                    1,
                    11
                ],
                "29": [
                    1,
                    12
                ],
                "30": [
                    1,
                    9
                ],
                "31": [
                    1,
                    10
                ],
                "32": [
                    1,
                    5
                ],
                "33": [
                    1,
                    8
                ],
                "34": [
                    1,
                    7
                ],
                "35": [
                    1,
                    6
                ],
                "36": [
                    1,
                    3
                ],
                "37": [
                    1,
                    4
                ],
                "38": [
                    1,
                    1
                ],
                "39": [
                    1,
                    2
                ]
            },
            "extra_info": null
        }
    ]
}