{
    "total_costs": {
        "num_comms": 99,
        "epairs": 99,
        "total_fidelity_loss": 10.760745365243011,
        "rgeo_mean_fid": 0.9,
        "execution_time": 0.1289234161376953,
        "total_fidelity_log_sum": -11.29225124598118,
        "total_fidelity": 1.2469171424599363e-05,
        "remote_hops": 99,
        "remote_swaps": 0,
        "local_fidelity_loss": 0.8607453652430292,
        "remote_fidelity_loss": 9.89999999999998,
        "local_fidelity_log_sum": -0.86156019585638,
        "remote_fidelity_log_sum": -10.4306910501248,
        "local_fidelity": 0.4225023813555136,
        "remote_fidelity": 2.9512665430652825e-05,
        "local_gate_num": 873
    },
    "num_records": 1,
    "records": [
        {
            "layer_start": 0,
            "layer_end": 40,
            "partition": [
                [
                    0,
                    1,
                    2,
                    3,
                    4,
                    5,
                    6,
                    7,
                    8,
                    9,
                    10
                ],
                [
                    11,
                    12,
                    13,
                    14,
                    15,
                    16,
                    17,
                    18,
                    19
                ]
            ],
            "mapping_type": "telegate",
            "costs": {
                "num_comms": 99,
                "epairs": 99,
                "total_fidelity_loss": 10.760745365243011,
                "rgeo_mean_fid": 0.9,
                "execution_time": 0.0,
                "total_fidelity_log_sum": -11.29225124598118,
                "total_fidelity": 1.2469171424599363e-05,
                "remote_hops": 99,
                "remote_swaps": 0,
                "local_fidelity_loss": 0.8607453652430292,
                "remote_fidelity_loss": 9.89999999999998,
                "local_fidelity_log_sum": -0.86156019585638,
                "remote_fidelity_log_sum": -10.4306910501248,
                "local_fidelity": 0.4225023813555136,
                "remote_fidelity": 2.9512665430652825e-05,
                "local_gate_num": 873
            },
            "logical_phy_map": {
                "0": [
                    0,
                    8
                ],
                "1": [
                    0,
                    9
                ],
                "2": [
                    0,
                    7
                ],
                "3": [
                    0,
                    10
                ],
                "4": [
                    0,
                    5
                ],
                "5": [
                    0,
                    4
                ],
                "6": [
                    0,
                    3
                ],
                "7": [
                    0,
                    6
                ],
                "8": [
                    0,
                    2
                ],
                "9": [
                    0,
                    1
                ],
                "10": [
                    0,
                    0
                ],
                "11": [
                    1,
                    6
                ],
                "12": [
                    1,
                    3
                ],
                "13": [
                    1,
                    5
                ],
                "14": [
                    1,
                    2
                ],
                "15": [
                    1,
                    7
                ],
                "16": [
                    1,
                    4
                ],
                "17": [
                    1,
                    8
                ],
                "18": [
                    1,
                    9
                ],
                "19": [
                    1,
                    10
                ]
            },
            "extra_info": null
        }
    ]
}