{
    "total_costs": {
        "num_comms": 400,
        "epairs": 400,
        "total_fidelity_loss": 43.922286579177666,
        "rgeo_mean_fid": 0.8999999999999999,
        "execution_time": 0.3531370162963867,
        "total_fidelity_log_sum": -46.070412985654286,
        "total_fidelity": 9.814628406151279e-21,
        "remote_hops": 400,
        "remote_swaps": 0,
        "local_fidelity_loss": 3.922286579177366,
        "remote_fidelity_loss": 40.0000000000003,
        "local_fidelity_log_sum": -3.926206722523725,
        "remote_fidelity_log_sum": -42.14420626313056,
        "local_fidelity": 0.01971832795852832,
        "remote_fidelity": 4.977414122938543e-19,
        "local_gate_num": 3756
    },
    "num_records": 1,
    "records": [
        {
            "layer_start": 0,
            "layer_end": 80,
            "partition": [
                [
                    0,
                    1,
                    2,
                    3,
                    4,
                    5,
                    6,
                    7,
                    8,
                    9,
                    10,
                    11,
                    12,
                    13,
                    14,
                    15,
                    16,
                    17,
                    18,
                    19
                ],
                [
                    20,
                    21,
                    22,
                    23,
                    24,
                    25,
                    26,
                    27,
                    28,
                    29,
                    30,
                    31,
                    32,
                    33,
                    34,
                    35,
                    36,
                    37,
                    38,
                    39
                ]
            ],
            "mapping_type": "telegate",
            "costs": {
                "num_comms": 400,
                "epairs": 400,
                "total_fidelity_loss": 43.922286579177666,
                "rgeo_mean_fid": 0.8999999999999999,
                "execution_time": 0.0,
                "total_fidelity_log_sum": -46.070412985654286,
                "total_fidelity": 9.814628406151279e-21,
                "remote_hops": 400,
                "remote_swaps": 0,
                "local_fidelity_loss": 3.922286579177366,
                "remote_fidelity_loss": 40.0000000000003,
                "local_fidelity_log_sum": -3.926206722523725,
                "remote_fidelity_log_sum": -42.14420626313056,
                "local_fidelity": 0.01971832795852832,
                "remote_fidelity": 4.977414122938543e-19,
                "local_gate_num": 3756
            },
            "logical_phy_map": {
                "0": [
                    0,
                    15
                ],
                "1": [
                    0,
                    16
                ],
                "2": [
                    0,
                    18
                ],
                "3": [
                    0,
                    17
                ],
                "4": [
                    0,
                    19
                ],
                "5": [
                    0,
                    11
                ],
                "6": [
                    0,
                    14
                ],
                "7": [
                    0,
                    13
                ],
                "8": [
                    0,
                    12
                ],
                "9": [
                    0,
                    9
                ],
                "10": [
                    0,
                    10
                ],
                "11": [
                    0,
                    7
                ],
                "12": [
                    0,
                    8
                ],
                "13": [
                    0,
                    3
                ],
                "14": [
                    0,
                    6
                ],
                "15": [
                    0,
                    5
                ],
                "16": [
                    0,
                    4
                ],
                "17": [
                    0,
                    2
                ],
                "18": [
                    0,
                    1
                ],
                "19": [
                    0,
                    0
                ],
                "20": [
                    1,
                    2
                ],
                "21": [
                    1,
                    5
                ],
                "22": [
                    1,
                    1
                ],
                "23": [
                    1,
                    4
                ],
                "24": [
                    1,
                    0
                ],
                "25": [
                    1,
                    6
                ],
                "26": [
                    1,
                    3
                ],
                "27": [
                    1,
                    8
                ],
                "28": [
                    1,
                    7
                ],
                "29": [
                    1,
                    10
                ],
                "30": [
                    1,
                    9
                ],
                "31": [
                    1,
                    12
                ],
                "32": [
                    1,
                    13
                ],
                "33": [
                    1,
                    14
                ],
                "34": [
                    1,
                    11
                ],
                "35": [
                    1,
                    16
                ],
                "36": [
                    1,
                    17
                ],
                "37": [
                    1,
                    18
                ],
                "38": [
                    1,
                    15
                ],
                "39": [
                    1,
                    19
                ]
            },
            "extra_info": null
        }
    ]
}