{
    "total_costs": {
        "num_comms": 1000,
        "epairs": 1000,
        "total_fidelity_loss": 85.66658480789602,
        "rgeo_mean_fid": 0.9164580086427052,
        "execution_time": 0.533613920211792,
        "total_fidelity_log_sum": -89.3977070423312,
        "total_fidelity": 1.4964738655402576e-39,
        "remote_hops": 1000,
        "remote_swaps": 0,
        "local_fidelity_loss": 2.1566759437330454,
        "remote_fidelity_loss": 83.50990886416297,
        "local_fidelity_log_sum": -2.1586772065278548,
        "remote_fidelity_log_sum": -87.23902983580335,
        "local_fidelity": 0.1154777732967963,
        "remote_fidelity": 1.295897749685631e-38,
        "local_gate_num": 2275
    },
    "num_records": 1,
    "records": [
        {
            "layer_start": 0,
            "layer_end": 100,
            "partition": [
                [
                    0,
                    1,
                    2,
                    3,
                    4,
                    5,
                    6,
                    7,
                    8,
                    9
                ],
                [
                    10,
                    11,
                    12,
                    13,
                    14,
                    15,
                    16,
                    17,
                    18,
                    19
                ],
                [
                    20,
                    21,
                    22,
                    23,
                    24,
                    25,
                    26,
                    27,
                    28,
                    29
                ],
                [
                    30,
                    31,
                    32,
                    33,
                    34,
                    35,
                    36,
                    37,
                    38,
                    39
                ],
                [
                    40,
                    41,
                    42,
                    43,
                    44,
                    45,
                    46,
                    47,
                    48,
                    49
                ]
            ],
            "mapping_type": "telegate",
            "costs": {
                "num_comms": 1000,
                "epairs": 1000,
                "total_fidelity_loss": 85.66658480789602,
                "rgeo_mean_fid": 0.9164580086427052,
                "execution_time": 0.0,
                "total_fidelity_log_sum": -89.3977070423312,
                "total_fidelity": 1.4964738655402576e-39,
                "remote_hops": 1000,
                "remote_swaps": 0,
                "local_fidelity_loss": 2.1566759437330454,
                "remote_fidelity_loss": 83.50990886416297,
                "local_fidelity_log_sum": -2.1586772065278548,
                "remote_fidelity_log_sum": -87.23902983580335,
                "local_fidelity": 0.1154777732967963,
                "remote_fidelity": 1.295897749685631e-38,
                "local_gate_num": 2275
            },
            "logical_phy_map": {
                "0": [
                    0,
                    2
                ],
                "1": [
                    0,
                    5
                ],
                "2": [
                    0,
                    1
                ],
                "3": [
                    0,
                    4
                ],
                "4": [
                    0,
                    0
                ],
                "5": [
                    0,
                    6
                ],
                "6": [
                    0,
                    3
                ],
                "7": [
                    0,
                    7
                ],
                "8": [
                    0,
                    8
                ],
                "9": [
                    0,
                    9
                ],
                "10": [
                    1,
                    2
                ],
                "11": [
                    1,
                    1
                ],
                "12": [
                    1,
                    5
                ],
                "13": [
                    1,
                    0
                ],
                "14": [
                    1,
                    3
                ],
                "15": [
                    1,
                    4
                ],
                "16": [
                    1,
                    6
                ],
                "17": [
                    1,
                    7
                ],
                "18": [
                    1,
                    8
                ],
                "19": [
                    1,
                    9
                ],
                "20": [
                    2,
                    7
                ],
                "21": [
                    2,
                    6
                ],
                "22": [
                    2,
                    8
                ],
                "23": [
                    2,
                    3
                ],
                "24": [
                    2,
                    9
                ],
                "25": [
                    2,
                    5
                ],
                "26": [
                    2,
                    4
                ],
                "27": [
                    2,
                    2
                ],
                "28": [
                    2,
                    1
                ],
                "29": [
                    2,
                    0
                ],
                "30": [
                    3,
                    2
                ],
                "31": [
                    3,
                    5
                ],
                "32": [
                    3,
                    1
                ],
                "33": [
                    3,
                    4
                ],
                "34": [
                    3,
                    0
                ],
                "35": [
                    3,
                    6
                ],
                "36": [
                    3,
                    3
                ],
                "37": [
                    3,
                    7
                ],
                "38": [
                    3,
                    8
                ],
                "39": [
                    3,
                    9
                ],
                "40": [
                    4,
                    7
                ],
                "41": [
                    4,
                    6
                ],
                "42": [
                    4,
                    8
                ],
                "43": [
                    4,
                    3
                ],
                "44": [
                    4,
                    9
                ],
                "45": [
                    4,
                    5
                ],
                "46": [
                    4,
                    4
                ],
                "47": [
                    4,
                    2
                ],
                "48": [
                    4,
                    1
                ],
                "49": [
                    4,
                    0
                ]
            },
            "extra_info": null
        }
    ]
}