{
    "total_costs": {
        "num_comms": 4,
        "epairs": 4,
        "total_fidelity_log_sum": -0.11145409650061192,
        "total_fidelity_loss": 0.1101264857342795,
        "geo_mean_fidelity": 0.9949467157222134,
        "total_fidelity": 0.8945324526307256,
        "execution_time": 0.03268241882324219,
        "remote_hops": 4,
        "remote_swaps": 0,
        "local_fidelity": 0.9917739910762269,
        "remote_fidelity": 0.9019519171500159,
        "local_fidelity_loss": 0.008252171821058286,
        "remote_fidelity_loss": 0.10187431391322121,
        "local_fidelity_log_sum": -0.0082600292312048,
        "remote_fidelity_log_sum": -0.10319406726940711,
        "local_gate_num": 18
    },
    "records": [
        {
            "layer_start": 0,
            "layer_end": 8,
            "partition": [
                [
                    0,
                    1
                ],
                [
                    2,
                    3
                ]
            ],
            "mapping_type": "telegate",
            "costs": {
                "num_comms": 4,
                "epairs": 4,
                "total_fidelity_log_sum": -0.11145409650061192,
                "total_fidelity_loss": 0.1101264857342795,
                "geo_mean_fidelity": 0.9949467157222134,
                "total_fidelity": 0.8945324526307256,
                "execution_time": 0.0,
                "remote_hops": 4,
                "remote_swaps": 0,
                "local_fidelity": 0.9917739910762269,
                "remote_fidelity": 0.9019519171500159,
                "local_fidelity_loss": 0.008252171821058286,
                "remote_fidelity_loss": 0.10187431391322121,
                "local_fidelity_log_sum": -0.0082600292312048,
                "remote_fidelity_log_sum": -0.10319406726940711,
                "local_gate_num": 18
            },
            "logical_phy_map": {
                "0": [
                    0,
                    0
                ],
                "1": [
                    0,
                    1
                ],
                "2": [
                    1,
                    0
                ],
                "3": [
                    1,
                    1
                ]
            },
            "extra_info": null
        }
    ]
}