{
    "total_costs": {
        "num_comms": 300,
        "epairs": 300,
        "total_fidelity_loss": 26.635206354847593,
        "rgeo_mean_fid": 0.9153730000150128,
        "execution_time": 0.19194889068603516,
        "total_fidelity_log_sum": -27.786664104657007,
        "total_fidelity": 8.558646891755038e-13,
        "remote_hops": 300,
        "remote_swaps": 0,
        "local_fidelity_loss": 1.2584079437771996,
        "remote_fidelity_loss": 25.376798411070393,
        "local_fidelity_log_sum": -1.259570159520148,
        "remote_fidelity_log_sum": -26.52709394513686,
        "local_fidelity": 0.28377597869075283,
        "remote_fidelity": 3.0159870934959906e-12,
        "local_gate_num": 1331
    },
    "num_records": 1,
    "records": [
        {
            "layer_start": 0,
            "layer_end": 60,
            "partition": [
                [
                    0,
                    1,
                    2,
                    3,
                    4,
                    5,
                    6,
                    7,
                    8,
                    9
                ],
                [
                    10,
                    11,
                    12,
                    13,
                    14,
                    15,
                    16,
                    17,
                    18,
                    19
                ],
                [
                    20,
                    21,
                    22,
                    23,
                    24,
                    25,
                    26,
                    27,
                    28,
                    29
                ]
            ],
            "mapping_type": "telegate",
            "costs": {
                "num_comms": 300,
                "epairs": 300,
                "total_fidelity_loss": 26.635206354847593,
                "rgeo_mean_fid": 0.9153730000150128,
                "execution_time": 0.0,
                "total_fidelity_log_sum": -27.786664104657007,
                "total_fidelity": 8.558646891755038e-13,
                "remote_hops": 300,
                "remote_swaps": 0,
                "local_fidelity_loss": 1.2584079437771996,
                "remote_fidelity_loss": 25.376798411070393,
                "local_fidelity_log_sum": -1.259570159520148,
                "remote_fidelity_log_sum": -26.52709394513686,
                "local_fidelity": 0.28377597869075283,
                "remote_fidelity": 3.0159870934959906e-12,
                "local_gate_num": 1331
            },
            "logical_phy_map": {
                "0": [
                    0,
                    2
                ],
                "1": [
                    0,
                    1
                ],
                "2": [
                    0,
                    5
                ],
                "3": [
                    0,
                    0
                ],
                "4": [
                    0,
                    3
                ],
                "5": [
                    0,
                    4
                ],
                "6": [
                    0,
                    7
                ],
                "7": [
                    0,
                    6
                ],
                "8": [
                    0,
                    8
                ],
                "9": [
                    0,
                    9
                ],
                "10": [
                    1,
                    7
                ],
                "11": [
                    1,
                    6
                ],
                "12": [
                    1,
                    8
                ],
                "13": [
                    1,
                    3
                ],
                "14": [
                    1,
                    9
                ],
                "15": [
                    1,
                    5
                ],
                "16": [
                    1,
                    4
                ],
                "17": [
                    1,
                    2
                ],
                "18": [
                    1,
                    1
                ],
                "19": [
                    1,
                    0
                ],
                "20": [
                    2,
                    2
                ],
                "21": [
                    2,
                    5
                ],
                "22": [
                    2,
                    1
                ],
                "23": [
                    2,
                    4
                ],
                "24": [
                    2,
                    0
                ],
                "25": [
                    2,
                    6
                ],
                "26": [
                    2,
                    3
                ],
                "27": [
                    2,
                    8
                ],
                "28": [
                    2,
                    7
                ],
                "29": [
                    2,
                    9
                ]
            },
            "extra_info": null
        }
    ]
}