{
    "total_costs": {
        "num_comms": 600,
        "epairs": 600,
        "total_fidelity_loss": 56.74516939893409,
        "rgeo_mean_fid": 0.9082480768070124,
        "execution_time": 0.2650425434112549,
        "total_fidelity_log_sum": -59.46054083897787,
        "total_fidelity": 1.5018107982577515e-26,
        "remote_hops": 600,
        "remote_swaps": 0,
        "local_fidelity_loss": 1.7163043652773993,
        "remote_fidelity_loss": 55.028865033656686,
        "local_fidelity_log_sum": -1.7179056265691446,
        "remote_fidelity_log_sum": -57.74263521240873,
        "local_fidelity": 0.1794415722962471,
        "remote_fidelity": 8.369358220838332e-26,
        "local_gate_num": 1789
    },
    "num_records": 1,
    "records": [
        {
            "layer_start": 0,
            "layer_end": 80,
            "partition": [
                [
                    0,
                    1,
                    2,
                    3,
                    4,
                    5,
                    6,
                    7,
                    8,
                    9
                ],
                [
                    10,
                    11,
                    12,
                    13,
                    14,
                    15,
                    16,
                    17,
                    18,
                    19
                ],
                [
                    20,
                    21,
                    22,
                    23,
                    24,
                    25,
                    26,
                    27,
                    28,
                    29
                ],
                [
                    30,
                    31,
                    32,
                    33,
                    34,
                    35,
                    36,
                    37,
                    38,
                    39
                ]
            ],
            "mapping_type": "telegate",
            "costs": {
                "num_comms": 600,
                "epairs": 600,
                "total_fidelity_loss": 56.74516939893409,
                "rgeo_mean_fid": 0.9082480768070124,
                "execution_time": 0.0,
                "total_fidelity_log_sum": -59.46054083897787,
                "total_fidelity": 1.5018107982577515e-26,
                "remote_hops": 600,
                "remote_swaps": 0,
                "local_fidelity_loss": 1.7163043652773993,
                "remote_fidelity_loss": 55.028865033656686,
                "local_fidelity_log_sum": -1.7179056265691446,
                "remote_fidelity_log_sum": -57.74263521240873,
                "local_fidelity": 0.1794415722962471,
                "remote_fidelity": 8.369358220838332e-26,
                "local_gate_num": 1789
            },
            "logical_phy_map": {
                "0": [
                    0,
                    7
                ],
                "1": [
                    0,
                    6
                ],
                "2": [
                    0,
                    8
                ],
                "3": [
                    0,
                    3
                ],
                "4": [
                    0,
                    9
                ],
                "5": [
                    0,
                    5
                ],
                "6": [
                    0,
                    4
                ],
                "7": [
                    0,
                    2
                ],
                "8": [
                    0,
                    1
                ],
                "9": [
                    0,
                    0
                ],
                "10": [
                    1,
                    2
                ],
                "11": [
                    1,
                    1
                ],
                "12": [
                    1,
                    5
                ],
                "13": [
                    1,
                    0
                ],
                "14": [
                    1,
                    3
                ],
                "15": [
                    1,
                    4
                ],
                "16": [
                    1,
                    6
                ],
                "17": [
                    1,
                    7
                ],
                "18": [
                    1,
                    8
                ],
                "19": [
                    1,
                    9
                ],
                "20": [
                    2,
                    7
                ],
                "21": [
                    2,
                    8
                ],
                "22": [
                    2,
                    6
                ],
                "23": [
                    2,
                    9
                ],
                "24": [
                    2,
                    4
                ],
                "25": [
                    2,
                    3
                ],
                "26": [
                    2,
                    2
                ],
                "27": [
                    2,
                    5
                ],
                "28": [
                    2,
                    1
                ],
                "29": [
                    2,
                    0
                ],
                "30": [
                    3,
                    2
                ],
                "31": [
                    3,
                    1
                ],
                "32": [
                    3,
                    5
                ],
                "33": [
                    3,
                    0
                ],
                "34": [
                    3,
                    3
                ],
                "35": [
                    3,
                    4
                ],
                "36": [
                    3,
                    6
                ],
                "37": [
                    3,
                    7
                ],
                "38": [
                    3,
                    8
                ],
                "39": [
                    3,
                    9
                ]
            },
            "extra_info": null
        }
    ]
}