{
    "total_costs": {
        "num_comms": 297,
        "epairs": 297,
        "total_fidelity_loss": 28.659584106402892,
        "rgeo_mean_fid": 0.9081371132139434,
        "execution_time": 0.16098451614379883,
        "total_fidelity_log_sum": -29.998680179028895,
        "total_fidelity": 9.369981509611598e-14,
        "remote_hops": 297,
        "remote_swaps": 0,
        "local_fidelity_loss": 1.378463423672088,
        "remote_fidelity_loss": 27.281120682730805,
        "local_fidelity_log_sum": -1.3797880854949565,
        "remote_fidelity_log_sum": -28.61889209353394,
        "local_fidelity": 0.25163187185362434,
        "remote_fidelity": 3.7236862884611724e-13,
        "local_gate_num": 1357
    },
    "num_records": 1,
    "records": [
        {
            "layer_start": 0,
            "layer_end": 60,
            "partition": [
                [
                    0,
                    1,
                    2,
                    3,
                    4,
                    5,
                    6,
                    7,
                    8,
                    9,
                    10
                ],
                [
                    11,
                    12,
                    13,
                    14,
                    15,
                    16,
                    17,
                    18,
                    19,
                    20,
                    21
                ],
                [
                    22,
                    23,
                    24,
                    25,
                    26,
                    27,
                    28,
                    29
                ]
            ],
            "mapping_type": "telegate",
            "costs": {
                "num_comms": 297,
                "epairs": 297,
                "total_fidelity_loss": 28.659584106402892,
                "rgeo_mean_fid": 0.9081371132139434,
                "execution_time": 0.0,
                "total_fidelity_log_sum": -29.998680179028895,
                "total_fidelity": 9.369981509611598e-14,
                "remote_hops": 297,
                "remote_swaps": 0,
                "local_fidelity_loss": 1.378463423672088,
                "remote_fidelity_loss": 27.281120682730805,
                "local_fidelity_log_sum": -1.3797880854949565,
                "remote_fidelity_log_sum": -28.61889209353394,
                "local_fidelity": 0.25163187185362434,
                "remote_fidelity": 3.7236862884611724e-13,
                "local_gate_num": 1357
            },
            "logical_phy_map": {
                "0": [
                    0,
                    8
                ],
                "1": [
                    0,
                    9
                ],
                "2": [
                    0,
                    7
                ],
                "3": [
                    0,
                    10
                ],
                "4": [
                    0,
                    5
                ],
                "5": [
                    0,
                    4
                ],
                "6": [
                    0,
                    3
                ],
                "7": [
                    0,
                    6
                ],
                "8": [
                    0,
                    2
                ],
                "9": [
                    0,
                    1
                ],
                "10": [
                    0,
                    0
                ],
                "11": [
                    1,
                    8
                ],
                "12": [
                    1,
                    9
                ],
                "13": [
                    1,
                    7
                ],
                "14": [
                    1,
                    10
                ],
                "15": [
                    1,
                    5
                ],
                "16": [
                    1,
                    4
                ],
                "17": [
                    1,
                    6
                ],
                "18": [
                    1,
                    3
                ],
                "19": [
                    1,
                    2
                ],
                "20": [
                    1,
                    1
                ],
                "21": [
                    1,
                    0
                ],
                "22": [
                    2,
                    4
                ],
                "23": [
                    2,
                    7
                ],
                "24": [
                    2,
                    5
                ],
                "25": [
                    2,
                    8
                ],
                "26": [
                    2,
                    3
                ],
                "27": [
                    2,
                    6
                ],
                "28": [
                    2,
                    2
                ],
                "29": [
                    2,
                    1
                ]
            },
            "extra_info": null
        }
    ]
}