{
    "total_costs": {
        "num_comms": 12,
        "epairs": 17,
        "total_fidelity_log_sum": -0.6546176656231224,
        "total_fidelity_loss": 0.6450870764396108,
        "geo_mean_fidelity": 0.9969457128001248,
        "total_fidelity": 0.5196407011151203,
        "execution_time": 0.684847354888916,
        "remote_hops": 7,
        "remote_swaps": 5,
        "local_fidelity": 0.8378156195974106,
        "remote_fidelity": 0.6202327683563831,
        "local_fidelity_loss": 0.17680839132037546,
        "remote_fidelity_loss": 0.4682786851192353,
        "local_fidelity_log_sum": -0.17695722705572672,
        "remote_fidelity_log_sum": -0.47766043856739565,
        "local_gate_num": 202
    },
    "records": [
        {
            "layer_start": 0,
            "layer_end": 6,
            "partition": [
                [
                    5,
                    6,
                    7,
                    8,
                    9
                ],
                [
                    0,
                    1,
                    2,
                    3,
                    4
                ]
            ],
            "mapping_type": "teledata",
            "costs": {
                "num_comms": 0,
                "epairs": 0,
                "total_fidelity_log_sum": -0.028147859232993733,
                "total_fidelity_loss": 0.02812564725984568,
                "geo_mean_fidelity": 0.9994788791781841,
                "total_fidelity": 0.9722446008319844,
                "execution_time": 0.0,
                "remote_hops": 0,
                "remote_swaps": 0,
                "local_fidelity": 0.9722446008319844,
                "remote_fidelity": 1.0,
                "local_fidelity_loss": 0.02812564725984568,
                "remote_fidelity_loss": 0.0,
                "local_fidelity_log_sum": -0.028147859232993733,
                "remote_fidelity_log_sum": 0.0,
                "local_gate_num": 54
            },
            "extra_info": null
        },
        {
            "layer_start": 7,
            "layer_end": 8,
            "partition": [
                [
                    6,
                    8,
                    9,
                    0,
                    7
                ],
                [
                    5,
                    1,
                    2,
                    3,
                    4
                ]
            ],
            "mapping_type": "telegate",
            "costs": {
                "num_comms": 2,
                "epairs": 3,
                "total_fidelity_log_sum": -0.08832065617099248,
                "total_fidelity_loss": 0.08674938699207957,
                "geo_mean_fidelity": 0.9874620270209851,
                "total_fidelity": 0.9154672794214599,
                "execution_time": 0.0,
                "remote_hops": 1,
                "remote_swaps": 1,
                "local_fidelity": 0.9913272441402889,
                "remote_fidelity": 0.9234763644727455,
                "local_fidelity_loss": 0.008702939472207016,
                "remote_fidelity_loss": 0.07804644751987255,
                "local_fidelity_log_sum": -0.008710583076426543,
                "remote_fidelity_log_sum": -0.07961007309456594,
                "local_gate_num": 5
            },
            "extra_info": null
        },
        {
            "layer_start": 9,
            "layer_end": 13,
            "partition": [
                [
                    7,
                    8,
                    9,
                    0,
                    1
                ],
                [
                    3,
                    5,
                    6,
                    4,
                    2
                ]
            ],
            "mapping_type": "telegate",
            "costs": {
                "num_comms": 5,
                "epairs": 6,
                "total_fidelity_log_sum": -0.2820900629387856,
                "total_fidelity_loss": 0.27810916955878306,
                "geo_mean_fidelity": 0.9968705728643041,
                "total_fidelity": 0.7542057554874017,
                "execution_time": 0.0,
                "remote_hops": 4,
                "remote_swaps": 1,
                "local_fidelity": 0.9202914365884806,
                "remote_fidelity": 0.8195292550838479,
                "local_fidelity_loss": 0.08299305075910171,
                "remote_fidelity_loss": 0.19511611879968138,
                "local_fidelity_log_sum": -0.08306488020237074,
                "remote_fidelity_log_sum": -0.19902518273641484,
                "local_gate_num": 85
            },
            "extra_info": null
        },
        {
            "layer_start": 14,
            "layer_end": 16,
            "partition": [
                [
                    9,
                    0,
                    1,
                    2,
                    3
                ],
                [
                    7,
                    4,
                    5,
                    6,
                    8
                ]
            ],
            "mapping_type": "telegate",
            "costs": {
                "num_comms": 4,
                "epairs": 6,
                "total_fidelity_log_sum": -0.18926162554289092,
                "total_fidelity_loss": 0.18610929392683365,
                "geo_mean_fidelity": 0.9942812140940852,
                "total_fidelity": 0.8275699649281857,
                "execution_time": 0.0,
                "remote_hops": 2,
                "remote_swaps": 2,
                "local_fidelity": 0.9704052809297504,
                "remote_fidelity": 0.8528085957397991,
                "local_fidelity_loss": 0.030016398887088545,
                "remote_fidelity_loss": 0.1560928950397451,
                "local_fidelity_log_sum": -0.030041479353759032,
                "remote_fidelity_log_sum": -0.15922014618913188,
                "local_gate_num": 29
            },
            "extra_info": null
        },
        {
            "layer_start": 17,
            "layer_end": 21,
            "partition": [
                [
                    0,
                    1,
                    2,
                    3,
                    4
                ],
                [
                    5,
                    6,
                    7,
                    8,
                    9
                ]
            ],
            "mapping_type": "teledata",
            "costs": {
                "num_comms": 1,
                "epairs": 2,
                "total_fidelity_log_sum": -0.06679746173745964,
                "total_fidelity_loss": 0.06599357870206879,
                "geo_mean_fidelity": 0.997775894937163,
                "total_fidelity": 0.9353846333309572,
                "execution_time": 0.0,
                "remote_hops": 0,
                "remote_swaps": 1,
                "local_fidelity": 0.9733686145785554,
                "remote_fidelity": 0.9609767762400637,
                "local_fidelity_loss": 0.02697035494213251,
                "remote_fidelity_loss": 0.039023223759936276,
                "local_fidelity_log_sum": -0.026992425190176663,
                "remote_fidelity_log_sum": -0.03980503654728297,
                "local_gate_num": 29
            },
            "extra_info": null
        }
    ]
}