{
    "total_costs": {
        "num_comms": 1000,
        "epairs": 1000,
        "total_fidelity_loss": 85.97618228460226,
        "rgeo_mean_fid": 0.9162226014173458,
        "execution_time": 0.38852572441101074,
        "total_fidelity_log_sum": -89.72806312190903,
        "total_fidelity": 1.0754675581767051e-39,
        "remote_hops": 1000,
        "remote_swaps": 0,
        "local_fidelity_loss": 2.2299907629989693,
        "remote_fidelity_loss": 83.7461915216033,
        "local_fidelity_log_sum": -2.232133938383099,
        "remote_fidelity_log_sum": -87.49592918352593,
        "local_fidelity": 0.10729921574313357,
        "remote_fidelity": 1.0023070073049699e-38,
        "local_gate_num": 2214
    },
    "num_records": 1,
    "records": [
        {
            "layer_start": 0,
            "layer_end": 100,
            "partition": [
                [
                    0,
                    1,
                    2,
                    3,
                    4,
                    5,
                    6,
                    7,
                    8,
                    9
                ],
                [
                    10,
                    11,
                    12,
                    13,
                    14,
                    15,
                    16,
                    17,
                    18,
                    19
                ],
                [
                    20,
                    21,
                    22,
                    23,
                    24,
                    25,
                    26,
                    27,
                    28,
                    29
                ],
                [
                    30,
                    31,
                    32,
                    33,
                    34,
                    35,
                    36,
                    37,
                    38,
                    39
                ],
                [
                    40,
                    41,
                    42,
                    43,
                    44,
                    45,
                    46,
                    47,
                    48,
                    49
                ]
            ],
            "mapping_type": "telegate",
            "costs": {
                "num_comms": 1000,
                "epairs": 1000,
                "total_fidelity_loss": 85.97618228460226,
                "rgeo_mean_fid": 0.9162226014173458,
                "execution_time": 0.0,
                "total_fidelity_log_sum": -89.72806312190903,
                "total_fidelity": 1.0754675581767051e-39,
                "remote_hops": 1000,
                "remote_swaps": 0,
                "local_fidelity_loss": 2.2299907629989693,
                "remote_fidelity_loss": 83.7461915216033,
                "local_fidelity_log_sum": -2.232133938383099,
                "remote_fidelity_log_sum": -87.49592918352593,
                "local_fidelity": 0.10729921574313357,
                "remote_fidelity": 1.0023070073049699e-38,
                "local_gate_num": 2214
            },
            "logical_phy_map": {
                "0": [
                    0,
                    2
                ],
                "1": [
                    0,
                    1
                ],
                "2": [
                    0,
                    5
                ],
                "3": [
                    0,
                    0
                ],
                "4": [
                    0,
                    3
                ],
                "5": [
                    0,
                    4
                ],
                "6": [
                    0,
                    6
                ],
                "7": [
                    0,
                    7
                ],
                "8": [
                    0,
                    8
                ],
                "9": [
                    0,
                    9
                ],
                "10": [
                    1,
                    7
                ],
                "11": [
                    1,
                    8
                ],
                "12": [
                    1,
                    6
                ],
                "13": [
                    1,
                    9
                ],
                "14": [
                    1,
                    4
                ],
                "15": [
                    1,
                    3
                ],
                "16": [
                    1,
                    5
                ],
                "17": [
                    1,
                    2
                ],
                "18": [
                    1,
                    1
                ],
                "19": [
                    1,
                    0
                ],
                "20": [
                    2,
                    7
                ],
                "21": [
                    2,
                    6
                ],
                "22": [
                    2,
                    8
                ],
                "23": [
                    2,
                    3
                ],
                "24": [
                    2,
                    9
                ],
                "25": [
                    2,
                    5
                ],
                "26": [
                    2,
                    4
                ],
                "27": [
                    2,
                    2
                ],
                "28": [
                    2,
                    1
                ],
                "29": [
                    2,
                    0
                ],
                "30": [
                    3,
                    7
                ],
                "31": [
                    3,
                    8
                ],
                "32": [
                    3,
                    6
                ],
                "33": [
                    3,
                    9
                ],
                "34": [
                    3,
                    4
                ],
                "35": [
                    3,
                    3
                ],
                "36": [
                    3,
                    2
                ],
                "37": [
                    3,
                    5
                ],
                "38": [
                    3,
                    1
                ],
                "39": [
                    3,
                    0
                ],
                "40": [
                    4,
                    7
                ],
                "41": [
                    4,
                    8
                ],
                "42": [
                    4,
                    6
                ],
                "43": [
                    4,
                    9
                ],
                "44": [
                    4,
                    4
                ],
                "45": [
                    4,
                    3
                ],
                "46": [
                    4,
                    2
                ],
                "47": [
                    4,
                    5
                ],
                "48": [
                    4,
                    1
                ],
                "49": [
                    4,
                    0
                ]
            },
            "extra_info": null
        }
    ]
}