{
    "total_costs": {
        "num_comms": 4000,
        "epairs": 4000,
        "total_fidelity_loss": 369.2651653299362,
        "rgeo_mean_fid": 0.9101113095355146,
        "execution_time": 1.1672847270965576,
        "total_fidelity_log_sum": -386.5801989277387,
        "total_fidelity": 1.2892964671038634e-168,
        "remote_hops": 4000,
        "remote_swaps": 0,
        "local_fidelity_loss": 9.816918777163671,
        "remote_fidelity_loss": 359.44824655277256,
        "local_fidelity_log_sum": -9.826723805324145,
        "remote_fidelity_log_sum": -376.75347512241456,
        "local_fidelity": 5.398934717899628e-05,
        "remote_fidelity": 2.388057152884864e-164,
        "local_gate_num": 9380
    },
    "num_records": 1,
    "records": [
        {
            "layer_start": 0,
            "layer_end": 200,
            "partition": [
                [
                    0,
                    1,
                    2,
                    3,
                    4,
                    5,
                    6,
                    7,
                    8,
                    9,
                    10,
                    11,
                    12,
                    13,
                    14,
                    15,
                    16,
                    17,
                    18,
                    19
                ],
                [
                    20,
                    21,
                    22,
                    23,
                    24,
                    25,
                    26,
                    27,
                    28,
                    29,
                    30,
                    31,
                    32,
                    33,
                    34,
                    35,
                    36,
                    37,
                    38,
                    39
                ],
                [
                    40,
                    41,
                    42,
                    43,
                    44,
                    45,
                    46,
                    47,
                    48,
                    49,
                    50,
                    51,
                    52,
                    53,
                    54,
                    55,
                    56,
                    57,
                    58,
                    59
                ],
                [
                    60,
                    61,
                    62,
                    63,
                    64,
                    65,
                    66,
                    67,
                    68,
                    69,
                    70,
                    71,
                    72,
                    73,
                    74,
                    75,
                    76,
                    77,
                    78,
                    79
                ],
                [
                    80,
                    81,
                    82,
                    83,
                    84,
                    85,
                    86,
                    87,
                    88,
                    89,
                    90,
                    91,
                    92,
                    93,
                    94,
                    95,
                    96,
                    97,
                    98,
                    99
                ]
            ],
            "mapping_type": "telegate",
            "costs": {
                "num_comms": 4000,
                "epairs": 4000,
                "total_fidelity_loss": 369.2651653299362,
                "rgeo_mean_fid": 0.9101113095355146,
                "execution_time": 0.0,
                "total_fidelity_log_sum": -386.5801989277387,
                "total_fidelity": 1.2892964671038634e-168,
                "remote_hops": 4000,
                "remote_swaps": 0,
                "local_fidelity_loss": 9.816918777163671,
                "remote_fidelity_loss": 359.44824655277256,
                "local_fidelity_log_sum": -9.826723805324145,
                "remote_fidelity_log_sum": -376.75347512241456,
                "local_fidelity": 5.398934717899628e-05,
                "remote_fidelity": 2.388057152884864e-164,
                "local_gate_num": 9380
            },
            "logical_phy_map": {
                "0": [
                    0,
                    2
                ],
                "1": [
                    0,
                    1
                ],
                "2": [
                    0,
                    5
                ],
                "3": [
                    0,
                    0
                ],
                "4": [
                    0,
                    3
                ],
                "5": [
                    0,
                    4
                ],
                "6": [
                    0,
                    7
                ],
                "7": [
                    0,
                    6
                ],
                "8": [
                    0,
                    9
                ],
                "9": [
                    0,
                    8
                ],
                "10": [
                    0,
                    10
                ],
                "11": [
                    0,
                    13
                ],
                "12": [
                    0,
                    12
                ],
                "13": [
                    0,
                    14
                ],
                "14": [
                    0,
                    11
                ],
                "15": [
                    0,
                    17
                ],
                "16": [
                    0,
                    16
                ],
                "17": [
                    0,
                    15
                ],
                "18": [
                    0,
                    18
                ],
                "19": [
                    0,
                    19
                ],
                "20": [
                    1,
                    15
                ],
                "21": [
                    1,
                    16
                ],
                "22": [
                    1,
                    18
                ],
                "23": [
                    1,
                    17
                ],
                "24": [
                    1,
                    19
                ],
                "25": [
                    1,
                    11
                ],
                "26": [
                    1,
                    14
                ],
                "27": [
                    1,
                    13
                ],
                "28": [
                    1,
                    12
                ],
                "29": [
                    1,
                    9
                ],
                "30": [
                    1,
                    10
                ],
                "31": [
                    1,
                    7
                ],
                "32": [
                    1,
                    8
                ],
                "33": [
                    1,
                    3
                ],
                "34": [
                    1,
                    6
                ],
                "35": [
                    1,
                    5
                ],
                "36": [
                    1,
                    4
                ],
                "37": [
                    1,
                    2
                ],
                "38": [
                    1,
                    1
                ],
                "39": [
                    1,
                    0
                ],
                "40": [
                    2,
                    2
                ],