{
    "total_costs": {
        "num_comms": 96,
        "epairs": 96,
        "total_fidelity_loss": 10.511684324158832,
        "rgeo_mean_fid": 0.9,
        "execution_time": 0.11555600166320801,
        "total_fidelity_log_sum": -11.027203824998821,
        "total_fidelity": 1.6253475014590503e-05,
        "remote_hops": 96,
        "remote_swaps": 0,
        "local_fidelity_loss": 0.9116843241588505,
        "remote_fidelity_loss": 9.599999999999982,
        "local_fidelity_log_sum": -0.912594321847502,
        "remote_fidelity_log_sum": -10.11460950315132,
        "local_fidelity": 0.4014813000702383,
        "remote_fidelity": 4.048376602284338e-05,
        "local_gate_num": 920
    },
    "num_records": 1,
    "records": [
        {
            "layer_start": 0,
            "layer_end": 40,
            "partition": [
                [
                    0,
                    1,
                    2,
                    3,
                    4,
                    5,
                    6,
                    7,
                    8,
                    9,
                    10,
                    11
                ],
                [
                    12,
                    13,
                    14,
                    15,
                    16,
                    17,
                    18,
                    19
                ]
            ],
            "mapping_type": "telegate",
            "costs": {
                "num_comms": 96,
                "epairs": 96,
                "total_fidelity_loss": 10.511684324158832,
                "rgeo_mean_fid": 0.9,
                "execution_time": 0.0,
                "total_fidelity_log_sum": -11.027203824998821,
                "total_fidelity": 1.6253475014590503e-05,
                "remote_hops": 96,
                "remote_swaps": 0,
                "local_fidelity_loss": 0.9116843241588505,
                "remote_fidelity_loss": 9.599999999999982,
                "local_fidelity_log_sum": -0.912594321847502,
                "remote_fidelity_log_sum": -10.11460950315132,
                "local_fidelity": 0.4014813000702383,
                "remote_fidelity": 4.048376602284338e-05,
                "local_gate_num": 920
            },
            "logical_phy_map": {
                "0": [
                    0,
                    9
                ],
                "1": [
                    0,
                    10
                ],
                "2": [
                    0,
                    8
                ],
                "3": [
                    0,
                    11
                ],
                "4": [
                    0,
                    4
                ],
                "5": [
                    0,
                    7
                ],
                "6": [
                    0,
                    6
                ],
                "7": [
                    0,
                    5
                ],
                "8": [
                    0,
                    3
                ],
                "9": [
                    0,
                    2
                ],
                "10": [
                    0,
                    1
                ],
                "11": [
                    0,
                    0
                ],
                "12": [
                    1,
                    3
                ],
                "13": [
                    1,
                    2
                ],
                "14": [
                    1,
                    6
                ],
                "15": [
                    1,
                    1
                ],
                "16": [
                    1,
                    4
                ],
                "17": [
                    1,
                    5
                ],
                "18": [
                    1,
                    7
                ],
                "19": [
                    1,
                    8
                ]
            },
            "extra_info": null
        }
    ]
}