{
    "total_costs": {
        "num_comms": 5400,
        "epairs": 5400,
        "total_fidelity_loss": 491.04149261879655,
        "rgeo_mean_fid": 0.9126106685000125,
        "execution_time": 1.5456020832061768,
        "total_fidelity_log_sum": -513.3800060980069,
        "total_fidelity": 1.1012761455669943e-223,
        "remote_hops": 5400,
        "remote_swaps": 0,
        "local_fidelity_loss": 19.55008866581386,
        "remote_fidelity_loss": 471.4914039529827,
        "local_fidelity_log_sum": -19.572036308324503,
        "remote_fidelity_log_sum": -493.80796978968243,
        "local_fidelity": 3.1620783864281117e-09,
        "remote_fidelity": 3.4827604220494907e-215,
        "local_gate_num": 17229
    },
    "num_records": 1,
    "records": [
        {
            "layer_start": 0,
            "layer_end": 240,
            "partition": [
                [
                    0,
                    1,
                    2,
                    3,
                    4,
                    5,
                    6,
                    7,
                    8,
                    9,
                    10,
                    11,
                    12,
                    13,
                    14,
                    15,
                    16,
                    17,
                    18,
                    19,
                    20,
                    21,
                    22,
                    23,
                    24,
                    25,
                    26,
                    27,
                    28,
                    29
                ],
                [
                    30,
                    31,
                    32,
                    33,
                    34,
                    35,
                    36,
                    37,
                    38,
                    39,
                    40,
                    41,
                    42,
                    43,
                    44,
                    45,
                    46,
                    47,
                    48,
                    49,
                    50,
                    51,
                    52,
                    53,
                    54,
                    55,
                    56,
                    57,
                    58,
                    59
                ],
                [
                    60,
                    61,
                    62,
                    63,
                    64,
                    65,
                    66,
                    67,
                    68,
                    69,
                    70,
                    71,
                    72,
                    73,
                    74,
                    75,
                    76,
                    77,
                    78,
                    79,
                    80,
                    81,
                    82,
                    83,
                    84,
                    85,
                    86,
                    87,
                    88,
                    89
                ],
                [
                    90,
                    91,
                    92,
                    93,
                    94,
                    95,
                    96,
                    97,
                    98,
                    99,
                    100,
                    101,
                    102,
                    103,
                    104,
                    105,
                    106,
                    107,
                    108,
                    109,
                    110,
                    111,
                    112,
                    113,
                    114,
                    115,
                    116,
                    117,
                    118,
                    119
                ]
            ],
            "mapping_type": "telegate",
            "costs": {
                "num_comms": 5400,
                "epairs": 5400,
                "total_fidelity_loss": 491.04149261879655,
                "rgeo_mean_fid": 0.9126106685000125,
                "execution_time": 0.0,
                "total_fidelity_log_sum": -513.3800060980069,
                "total_fidelity": 1.1012761455669943e-223,
                "remote_hops": 5400,
                "remote_swaps": 0,
                "local_fidelity_loss": 19.55008866581386,
                "remote_fidelity_loss": 471.4914039529827,
                "local_fidelity_log_sum": -19.572036308324503,
                "remote_fidelity_log_sum": -493.80796978968243,
                "local_fidelity": 3.1620783864281117e-09,
                "remote_fidelity": 3.4827604220494907e-215,
                "local_gate_num": 17229
            },
            "logical_phy_map": {
                "0": [
                    0,
                    9
                ],
                "1": [
                    0,
                    0
                ],
                "2": [
                    0,
                    12
                ],
                "3": [
                    0,
                    1
                ],
                "4": [
                    0,
                    11
                ],
                "5": [
                    0,
                    3
                ],
                "6": [
                    0,
                    2
                ],
                "7": [
                    0,
                    5
                ],
                "8": [
                    0,
                    4
                ],
                "9": [
                    0,
                    7
                ],
                "10": [
                    0,
                    6
                ],
                "11": [
                    0,
                    10
                ],
                "12": [
                    0,
                    8
                ],
                "13": [
                    0,
                    18
                ],
                "14": [
                    0,
                    19
                ],
                "15": [
                    0,
                    16
                ],
                "16": [
                    0,
                    17
                ],
                "17": [
                    0,
                    14
                ],
                "18": [
                    0,
                    15
                ],
                "19": [
                    0,
                    20
                ],
                "20": [
                    0,
                    13
                ],
                "21": [
                    0,
                    22
                ],
                "22": [
                    0,
                    23
                ],
                "23": [
                    0,
                    24
                ],
                "24": [
                    0,
                    21
                ],
                "25": [
                    0,
                    26
                ],
                "26": [
                    0,
                    27
                ],
                "27": [
                    0,
                    25
                ],
                "28": [
                    0,
                    28
                ],
                "29": [
                    0,
                    29
                ],
                "30": [
                    1,
                    9
                ],
                "31": [
                    1,
                    0
                ],
                "32": [
                    1,
                    12
                ],
                "33": [
                    1,
                    1
                ],
                "34": [
                    1,
                    11
                ],