{
    "total_costs": {
        "num_comms": 100,
        "epairs": 100,
        "total_fidelity_loss": 7.998703047022889,
        "rgeo_mean_fid": 0.9299999999999999,
        "execution_time": 0.07401657104492188,
        "total_fidelity_log_sum": -8.25698396227476,
        "total_fidelity": 0.00025944029412481976,
        "remote_hops": 100,
        "remote_swaps": 0,
        "local_fidelity_loss": 0.9987030470228839,
        "remote_fidelity_loss": 7.000000000000004,
        "local_fidelity_log_sum": -0.9999146787912123,
        "remote_fidelity_log_sum": -7.257069283483547,
        "local_fidelity": 0.3679108304291166,
        "remote_fidelity": 0.0007051716684236203,
        "local_gate_num": 880
    },
    "num_records": 1,
    "records": [
        {
            "layer_start": 0,
            "layer_end": 40,
            "partition": [
                [
                    0,
                    1,
                    2,
                    3,
                    4,
                    5,
                    6,
                    7,
                    8,
                    9
                ],
                [
                    10,
                    11,
                    12,
                    13,
                    14,
                    15,
                    16,
                    17,
                    18,
                    19
                ]
            ],
            "mapping_type": "telegate",
            "costs": {
                "num_comms": 100,
                "epairs": 100,
                "total_fidelity_loss": 7.998703047022889,
                "rgeo_mean_fid": 0.9299999999999999,
                "execution_time": 0.0,
                "total_fidelity_log_sum": -8.25698396227476,
                "total_fidelity": 0.00025944029412481976,
                "remote_hops": 100,
                "remote_swaps": 0,
                "local_fidelity_loss": 0.9987030470228839,
                "remote_fidelity_loss": 7.000000000000004,
                "local_fidelity_log_sum": -0.9999146787912123,
                "remote_fidelity_log_sum": -7.257069283483547,
                "local_fidelity": 0.3679108304291166,
                "remote_fidelity": 0.0007051716684236203,
                "local_gate_num": 880
            },
            "logical_phy_map": {
                "0": [
                    0,
                    0
                ],
                "1": [
                    0,
                    3
                ],
                "2": [
                    0,
                    1
                ],
                "3": [
                    0,
                    6
                ],
                "4": [
                    0,
                    2
                ],
                "5": [
                    0,
                    4
                ],
                "6": [
                    0,
                    5
                ],
                "7": [
                    0,
                    7
                ],
                "8": [
                    0,
                    9
                ],
                "9": [
                    0,
                    8
                ],
                "10": [
                    1,
                    0
                ],
                "11": [
                    1,
                    1
                ],
                "12": [
                    1,
                    3
                ],
                "13": [
                    1,
                    2
                ],
                "14": [
                    1,
                    5
                ],
                "15": [
                    1,
                    6
                ],
                "16": [
                    1,
                    7
                ],
                "17": [
                    1,
                    4
                ],
                "18": [
                    1,
                    9
                ],
                "19": [
                    1,
                    8
                ]
            },
            "extra_info": null
        }
    ]
}