{
    "total_costs": {
        "num_comms": 9,
        "epairs": 9,
        "total_fidelity_log_sum": -0.2772862992487351,
        "total_fidelity_loss": 0.2745772389107314,
        "geo_mean_fidelity": 0.9949711183017433,
        "total_fidelity": 0.7578374977423459,
        "execution_time": 0.06494951248168945,
        "remote_hops": 9,
        "remote_swaps": 0,
        "local_fidelity": 0.9397746740470939,
        "remote_fidelity": 0.8064034057001723,
        "local_fidelity_loss": 0.061957850266222594,
        "remote_fidelity_loss": 0.2126193886445088,
        "local_fidelity_log_sum": -0.06211514091329125,
        "remote_fidelity_log_sum": -0.21517115833544384,
        "local_gate_num": 46
    },
    "records": [
        {
            "layer_start": 0,
            "layer_end": 12,
            "partition": [
                [
                    0,
                    1,
                    2
                ],
                [
                    3,
                    4,
                    5
                ]
            ],
            "mapping_type": "telegate",
            "costs": {
                "num_comms": 9,
                "epairs": 9,
                "total_fidelity_log_sum": -0.2772862992487351,
                "total_fidelity_loss": 0.2745772389107314,
                "geo_mean_fidelity": 0.9949711183017433,
                "total_fidelity": 0.7578374977423459,
                "execution_time": 0.0,
                "remote_hops": 9,
                "remote_swaps": 0,
                "local_fidelity": 0.9397746740470939,
                "remote_fidelity": 0.8064034057001723,
                "local_fidelity_loss": 0.061957850266222594,
                "remote_fidelity_loss": 0.2126193886445088,
                "local_fidelity_log_sum": -0.06211514091329125,
                "remote_fidelity_log_sum": -0.21517115833544384,
                "local_gate_num": 46
            },
            "logical_phy_map": {
                "0": [
                    0,
                    0
                ],
                "1": [
                    0,
                    2
                ],
                "2": [
                    0,
                    1
                ],
                "3": [
                    1,
                    0
                ],
                "4": [
                    1,
                    2
                ],
                "5": [
                    1,
                    1
                ]
            },
            "extra_info": null
        }
    ]
}