{
    "total_costs": {
        "num_comms": 12,
        "epairs": 24,
        "total_fidelity_log_sum": -0.5917597629918718,
        "total_fidelity_loss": 0.5822826703537551,
        "geo_mean_fidelity": 0.995527005265289,
        "total_fidelity": 0.5533526579010782,
        "execution_time": 0.6371252536773682,
        "remote_hops": 0,
        "remote_swaps": 12,
        "local_fidelity": 0.8921693372755244,
        "remote_fidelity": 0.6202327683563832,
        "local_fidelity_loss": 0.11400398523451985,
        "remote_fidelity_loss": 0.4682786851192353,
        "local_fidelity_log_sum": -0.11409932442447629,
        "remote_fidelity_log_sum": -0.47766043856739554,
        "local_gate_num": 120
    },
    "records": [
        {
            "layer_start": 0,
            "layer_end": 6,
            "partition": [
                [
                    0,
                    1,
                    2,
                    3,
                    4
                ],
                [
                    5,
                    6,
                    7,
                    8,
                    9
                ]
            ],
            "mapping_type": "teledata",
            "costs": {
                "num_comms": 0,
                "epairs": 0,
                "total_fidelity_log_sum": -0.028147859232993733,
                "total_fidelity_loss": 0.02812564725984568,
                "geo_mean_fidelity": 0.9994788791781841,
                "total_fidelity": 0.9722446008319844,
                "execution_time": 0.0,
                "remote_hops": 0,
                "remote_swaps": 0,
                "local_fidelity": 0.9722446008319844,
                "remote_fidelity": 1.0,
                "local_fidelity_loss": 0.02812564725984568,
                "remote_fidelity_loss": 0.0,
                "local_fidelity_log_sum": -0.028147859232993733,
                "remote_fidelity_log_sum": 0.0,
                "local_gate_num": 54
            },
            "extra_info": null
        },
        {
            "layer_start": 7,
            "layer_end": 7,
            "partition": [
                [
                    0,
                    1,
                    4,
                    5,
                    6
                ],
                [
                    2,
                    3,
                    7,
                    8,
                    9
                ]
            ],
            "mapping_type": "teledata",
            "costs": {
                "num_comms": 2,
                "epairs": 4,
                "total_fidelity_log_sum": -0.08491624288599728,
                "total_fidelity_loss": 0.08334792291725907,
                "geo_mean_fidelity": 0.9831601538283855,
                "total_fidelity": 0.9185892195614633,
                "execution_time": 0.0,
                "remote_hops": 0,
                "remote_swaps": 2,
                "local_fidelity": 0.9947078830609027,
                "remote_fidelity": 0.9234763644727455,
                "local_fidelity_loss": 0.0053014753973865125,
                "remote_fidelity_loss": 0.07804644751987255,
                "local_fidelity_log_sum": -0.0053061697914313375,
                "remote_fidelity_log_sum": -0.07961007309456594,
                "local_gate_num": 3
            },
            "extra_info": null
        },
        {
            "layer_start": 8,
            "layer_end": 8,
            "partition": [
                [
                    0,
                    1,
                    3,
                    5,
                    6
                ],
                [
                    2,
                    4,
                    7,
                    8,
                    9
                ]
            ],
            "mapping_type": "teledata",
            "costs": {
                "num_comms": 1,
                "epairs": 2,
                "total_fidelity_log_sum": -0.04511120633871431,
                "total_fidelity_loss": 0.04432469915732279,
                "geo_mean_fidelity": 0.9887855544237791,
                "total_fidelity": 0.9558911747644446,
                "execution_time": 0.0,
                "remote_hops": 0,
                "remote_swaps": 1,
                "local_fidelity": 0.9947078830609027,
                "remote_fidelity": 0.9609767762400637,
                "local_fidelity_loss": 0.0053014753973865125,
                "remote_fidelity_loss": 0.039023223759936276,
                "local_fidelity_log_sum": -0.0053061697914313375,
                "remote_fidelity_log_sum": -0.03980503654728297,
                "local_gate_num": 3
            },
            "extra_info": null
        },
        {
            "layer_start": 9,
            "layer_end": 9,
            "partition": [
                [
                    0,
                    1,
                    6,
                    7,
                    8
                ],
                [
                    2,
                    3,
                    4,
                    5,
                    9
                ]
            ],
            "mapping_type": "teledata",
            "costs": {
                "num_comms": 2,
                "epairs": 4,
                "total_fidelity_log_sum": -0.08660669715749228,
                "total_fidelity_loss": 0.08503694917570892,
                "geo_mean_fidelity": 0.9856692276996228,
                "total_fidelity": 0.917037698248895,
                "execution_time": 0.0,
                "remote_hops": 0,
                "remote_swaps": 2,
                "local_fidelity": 0.9930277953269258,
                "remote_fidelity": 0.9234763644727455,
                "local_fidelity_loss": 0.0069905016558363675,
                "remote_fidelity_loss": 0.07804644751987255,
                "local_fidelity_log_sum": -0.006996624062926331,
                "remote_fidelity_log_sum": -0.07961007309456594,
                "local_gate_num": 4
            },
            "extra_info": null
        },
        {
            "layer_start": 10,
            "layer_end": 11,
            "partition": [
                [
                    0,
                    1,
                    7,
                    8,
                    9
                ],
                [
                    2,
                    3,
                    4,
                    5,
                    6
                ]
            ],
            "mapping_type": "teledata",
            "costs": {
                "num_comms": 1,
                "epairs": 2,
                "total_fidelity_log_sum": -0.05020607389520451,
                "total_fidelity_loss": 0.04941518949059315,
                "geo_mean_fidelity": 0.9928533632635783,
                "total_fidelity": 0.951033421144255,
                "execution_time": 0.0,
                "remote_hops": 0,
                "remote_swaps": 1,
                "local_fidelity": 0.989652866394219,
                "remote_fidelity": 0.9609767762400637,
                "local_fidelity_loss": 0.010391965730656871,
                "remote_fidelity_loss": 0.039023223759936276,
                "local_fidelity_log_sum": -0.010401037347921537,
                "remote_fidelity_log_sum": -0.03980503654728297,
                "local_gate_num": 6
            },
            "extra_info": null
        },
        {
            "layer_start": 12,
            "layer_end": 12,
            "partition": [
                [
                    0,
                    1,
                    3,
                    8,
                    9
                ],
                [
                    2,
                    4,
                    5,
                    6,
                    7
                ]
            ],
            "mapping_type": "teledata",
            "costs": {
                "num_comms": 1,
                "epairs": 2,
                "total_fidelity_log_sum": -0.04511120633871431,