{
    "total_costs": {
        "num_comms": 300,
        "epairs": 300,
        "total_fidelity_loss": 26.296640139707623,
        "rgeo_mean_fid": 0.9169603952273078,
        "execution_time": 0.17023038864135742,
        "total_fidelity_log_sum": -27.39689765920482,
        "total_fidelity": 1.2638005072469368e-12,
        "remote_hops": 300,
        "remote_swaps": 0,
        "local_fidelity_loss": 1.3881494474304852,
        "remote_fidelity_loss": 24.908490692277137,
        "local_fidelity_log_sum": -1.3895985113051212,
        "remote_fidelity_log_sum": -26.0072991478997,
        "local_fidelity": 0.24917532562795752,
        "remote_fidelity": 5.0719328009785015e-12,
        "local_gate_num": 1335
    },
    "num_records": 1,
    "records": [
        {
            "layer_start": 0,
            "layer_end": 60,
            "partition": [
                [
                    0,
                    1,
                    2,
                    3,
                    4,
                    5,
                    6,
                    7,
                    8,
                    9
                ],
                [
                    10,
                    11,
                    12,
                    13,
                    14,
                    15,
                    16,
                    17,
                    18,
                    19
                ],
                [
                    20,
                    21,
                    22,
                    23,
                    24,
                    25,
                    26,
                    27,
                    28,
                    29
                ]
            ],
            "mapping_type": "telegate",
            "costs": {
                "num_comms": 300,
                "epairs": 300,
                "total_fidelity_loss": 26.296640139707623,
                "rgeo_mean_fid": 0.9169603952273078,
                "execution_time": 0.0,
                "total_fidelity_log_sum": -27.39689765920482,
                "total_fidelity": 1.2638005072469368e-12,
                "remote_hops": 300,
                "remote_swaps": 0,
                "local_fidelity_loss": 1.3881494474304852,
                "remote_fidelity_loss": 24.908490692277137,
                "local_fidelity_log_sum": -1.3895985113051212,
                "remote_fidelity_log_sum": -26.0072991478997,
                "local_fidelity": 0.24917532562795752,
                "remote_fidelity": 5.0719328009785015e-12,
                "local_gate_num": 1335
            },
            "logical_phy_map": {
                "0": [
                    0,
                    7
                ],
                "1": [
                    0,
                    6
                ],
                "2": [
                    0,
                    8
                ],
                "3": [
                    0,
                    9
                ],
                "4": [
                    0,
                    4
                ],
                "5": [
                    0,
                    5
                ],
                "6": [
                    0,
                    3
                ],
                "7": [
                    0,
                    2
                ],
                "8": [
                    0,
                    1
                ],
                "9": [
                    0,
                    0
                ],
                "10": [
                    1,
                    7
                ],
                "11": [
                    1,
                    8
                ],
                "12": [
                    1,
                    6
                ],
                "13": [
                    1,
                    5
                ],
                "14": [
                    1,
                    9
                ],
                "15": [
                    1,
                    3
                ],
                "16": [
                    1,
                    4
                ],
                "17": [
                    1,
                    2
                ],
                "18": [
                    1,
                    1
                ],
                "19": [
                    1,
                    0
                ],
                "20": [
                    2,
                    7
                ],
                "21": [
                    2,
                    6
                ],
                "22": [
                    2,
                    8
                ],
                "23": [
                    2,
                    9
                ],
                "24": [
                    2,
                    4
                ],
                "25": [
                    2,
                    5
                ],
                "26": [
                    2,
                    2
                ],
                "27": [
                    2,
                    3
                ],
                "28": [
                    2,
                    1
                ],
                "29": [
                    2,
                    0
                ]
            },
            "extra_info": null
        }
    ]
}