{
    "total_costs": {
        "num_comms": 1200,
        "epairs": 1200,
        "total_fidelity_loss": 88.00178482029395,
        "rgeo_mean_fid": 0.9317362791139093,
        "execution_time": 0.3390524387359619,
        "total_fidelity_log_sum": -91.24356969842424,
        "total_fidelity": 2.362768492000088e-40,
        "remote_hops": 1200,
        "remote_swaps": 0,
        "local_fidelity_loss": 6.389695814929899,
        "remote_fidelity_loss": 81.61208900536406,
        "local_fidelity_log_sum": -6.397009703940781,
        "remote_fidelity_log_sum": -84.84655999448346,
        "local_fidelity": 0.0016665332574653036,
        "remote_fidelity": 1.4177745817048478e-37,
        "local_gate_num": 5609
    },
    "num_records": 1,
    "records": [
        {
            "layer_start": 0,
            "layer_end": 120,
            "partition": [
                [
                    0,
                    1,
                    2,
                    3,
                    4,
                    5,
                    6,
                    7,
                    8,
                    9,
                    10,
                    11,
                    12,
                    13,
                    14,
                    15,
                    16,
                    17,
                    18,
                    19
                ],
                [
                    20,
                    21,
                    22,
                    23,
                    24,
                    25,
                    26,
                    27,
                    28,
                    29,
                    30,
                    31,
                    32,
                    33,
                    34,
                    35,
                    36,
                    37,
                    38,
                    39
                ],
                [
                    40,
                    41,
                    42,
                    43,
                    44,
                    45,
                    46,
                    47,
                    48,
                    49,
                    50,
                    51,
                    52,
                    53,
                    54,
                    55,
                    56,
                    57,
                    58,
                    59
                ]
            ],
            "mapping_type": "telegate",
            "costs": {
                "num_comms": 1200,
                "epairs": 1200,
                "total_fidelity_loss": 88.00178482029395,
                "rgeo_mean_fid": 0.9317362791139093,
                "execution_time": 0.0,
                "total_fidelity_log_sum": -91.24356969842424,
                "total_fidelity": 2.362768492000088e-40,
                "remote_hops": 1200,
                "remote_swaps": 0,
                "local_fidelity_loss": 6.389695814929899,
                "remote_fidelity_loss": 81.61208900536406,
                "local_fidelity_log_sum": -6.397009703940781,
                "remote_fidelity_log_sum": -84.84655999448346,
                "local_fidelity": 0.0016665332574653036,
                "remote_fidelity": 1.4177745817048478e-37,
                "local_gate_num": 5609
            },
            "logical_phy_map": {
                "0": [
                    0,
                    17
                ],
                "1": [
                    0,
                    19
                ],
                "2": [
                    0,
                    14
                ],
                "3": [
                    0,
                    18
                ],
                "4": [
                    0,
                    16
                ],
                "5": [
                    0,
                    15
                ],
                "6": [
                    0,
                    6
                ],
                "7": [
                    0,
                    13
                ],
                "8": [
                    0,
                    8
                ],
                "9": [
                    0,
                    7
                ],
                "10": [
                    0,
                    10
                ],
                "11": [
                    0,
                    9
                ],
                "12": [
                    0,
                    12
                ],
                "13": [
                    0,
                    11
                ],
                "14": [
                    0,
                    4
                ],
                "15": [
                    0,
                    5
                ],
                "16": [
                    0,
                    3
                ],
                "17": [
                    0,
                    2
                ],
                "18": [
                    0,
                    1
                ],
                "19": [
                    0,
                    0
                ],
                "20": [
                    1,
                    17
                ],
                "21": [
                    1,
                    19
                ],
                "22": [
                    1,
                    14
                ],
                "23": [
                    1,
                    18
                ],
                "24": [
                    1,
                    16
                ],
                "25": [
                    1,
                    15
                ],
                "26": [
                    1,
                    6
                ],
                "27": [
                    1,
                    13
                ],
                "28": [
                    1,
                    8
                ],
                "29": [
                    1,
                    7
                ],
                "30": [
                    1,
                    10
                ],
                "31": [
                    1,
                    9
                ],
                "32": [
                    1,
                    12
                ],
                "33": [
                    1,
                    11
                ],
                "34": [
                    1,
                    4
                ],
                "35": [
                    1,
                    5
                ],
                "36": [
                    1,
                    2
                ],
                "37": [
                    1,
                    3
                ],
                "38": [
                    1,
                    1
                ],
                "39": [
                    1,
                    0
                ],
                "40": [
                    2,
                    2
                ],
                "41": [
                    2,
                    1
                ],
                "42": [
                    2,
                    3
                ],
                "43": [
                    2,
                    0
                ],
                "44": [
                    2,
                    5
                ],
                "45": [
                    2,
                    4
                ],
                "46": [
                    2,
                    11
                ],
                "47": [
                    2,
                    12
                ],
                "48": [
                    2,
                    9
                ],
                "49": [
                    2,
                    10
                ],
                "50": [
                    2,
                    7
                ],
                "51": [
                    2,
                    8
                ],