{
    "total_costs": {
        "num_comms": 1200,
        "epairs": 1200,
        "total_fidelity_loss": 101.27333436231473,
        "rgeo_mean_fid": 0.9204716256889888,
        "execution_time": 0.6458518505096436,
        "total_fidelity_log_sum": -105.28898227242696,
        "total_fidelity": 1.8774829160340898e-46,
        "remote_hops": 1200,
        "remote_swaps": 0,
        "local_fidelity_loss": 5.839675528124113,
        "remote_fidelity_loss": 95.43365883419061,
        "local_fidelity_log_sum": -5.846057863810277,
        "remote_fidelity_log_sum": -99.44292440861669,
        "local_fidelity": 0.002891274519662761,
        "remote_fidelity": 6.49361692660398e-44,
        "local_gate_num": 5649
    },
    "num_records": 1,
    "records": [
        {
            "layer_start": 0,
            "layer_end": 120,
            "partition": [
                [
                    0,
                    1,
                    2,
                    3,
                    4,
                    5,
                    6,
                    7,
                    8,
                    9,
                    10,
                    11,
                    12,
                    13,
                    14,
                    15,
                    16,
                    17,
                    18,
                    19
                ],
                [
                    20,
                    21,
                    22,
                    23,
                    24,
                    25,
                    26,
                    27,
                    28,
                    29,
                    30,
                    31,
                    32,
                    33,
                    34,
                    35,
                    36,
                    37,
                    38,
                    39
                ],
                [
                    40,
                    41,
                    42,
                    43,
                    44,
                    45,
                    46,
                    47,
                    48,
                    49,
                    50,
                    51,
                    52,
                    53,
                    54,
                    55,
                    56,
                    57,
                    58,
                    59
                ]
            ],
            "mapping_type": "telegate",
            "costs": {
                "num_comms": 1200,
                "epairs": 1200,
                "total_fidelity_loss": 101.27333436231473,
                "rgeo_mean_fid": 0.9204716256889888,
                "execution_time": 0.0,
                "total_fidelity_log_sum": -105.28898227242696,
                "total_fidelity": 1.8774829160340898e-46,
                "remote_hops": 1200,
                "remote_swaps": 0,
                "local_fidelity_loss": 5.839675528124113,
                "remote_fidelity_loss": 95.43365883419061,
                "local_fidelity_log_sum": -5.846057863810277,
                "remote_fidelity_log_sum": -99.44292440861669,
                "local_fidelity": 0.002891274519662761,
                "remote_fidelity": 6.49361692660398e-44,
                "local_gate_num": 5649
            },
            "logical_phy_map": {
                "0": [
                    0,
                    2
                ],
                "1": [
                    0,
                    3
                ],
                "2": [
                    0,
                    1
                ],
                "3": [
                    0,
                    4
                ],
                "4": [
                    0,
                    0
                ],
                "5": [
                    0,
                    6
                ],
                "6": [
                    0,
                    5
                ],
                "7": [
                    0,
                    8
                ],
                "8": [
                    0,
                    7
                ],
                "9": [
                    0,
                    10
                ],
                "10": [
                    0,
                    11
                ],
                "11": [
                    0,
                    12
                ],
                "12": [
                    0,
                    9
                ],
                "13": [
                    0,
                    14
                ],
                "14": [
                    0,
                    13
                ],
                "15": [
                    0,
                    16
                ],
                "16": [
                    0,
                    15
                ],
                "17": [
                    0,
                    19
                ],
                "18": [
                    0,
                    18
                ],
                "19": [
                    0,
                    17
                ],
                "20": [
                    1,
                    2
                ],
                "21": [
                    1,
                    1
                ],
                "22": [
                    1,
                    3
                ],
                "23": [
                    1,
                    0
                ],
                "24": [
                    1,
                    5
                ],
                "25": [
                    1,
                    4
                ],
                "26": [
                    1,
                    7
                ],
                "27": [
                    1,
                    6
                ],
                "28": [
                    1,
                    11
                ],
                "29": [
                    1,
                    8
                ],
                "30": [
                    1,
                    9
                ],
                "31": [
                    1,
                    10
                ],
                "32": [
                    1,
                    13
                ],
                "33": [
                    1,
                    12
                ],
                "34": [
                    1,
                    15
                ],
                "35": [
                    1,
                    14
                ],
                "36": [
                    1,
                    19
                ],
                "37": [
                    1,
                    16
                ],
                "38": [
                    1,
                    18
                ],
                "39": [
                    1,
                    17
                ],
                "40": [
                    2,
                    2
                ],
                "41": [
                    2,
                    1
                ],
                "42": [
                    2,
                    3
                ],
                "43": [
                    2,
                    0
                ],
                "44": [
                    2,
                    5
                ],
                "45": [
                    2,
                    4
                ],
                "46": [
                    2,
                    7
                ],
                "47": [
                    2,
                    6
                ],
                "48": [
                    2,
                    11
                ],
                "49": [
                    2,
                    8
                ],
                "50": [
                    2,
                    9
                ],
                "51": [
                    2,
                    10
                ],