{
    "total_costs": {
        "num_comms": 2400,
        "epairs": 2400,
        "total_fidelity_loss": 210.90376632756954,
        "rgeo_mean_fid": 0.9155466363401906,
        "execution_time": 0.8804543018341064,
        "total_fidelity_log_sum": -220.0803109725841,
        "total_fidelity": 2.6322999107835285e-96,
        "remote_hops": 2400,
        "remote_swaps": 0,
        "local_fidelity_loss": 8.309730967113431,
        "remote_fidelity_loss": 202.5940353604561,
        "local_fidelity_log_sum": -8.318770195623534,
        "remote_fidelity_log_sum": -211.76154077696057,
        "local_fidelity": 0.0002438956237705788,
        "remote_fidelity": 1.0792731210542794e-92,
        "local_gate_num": 7466
    },
    "num_records": 1,
    "records": [
        {
            "layer_start": 0,
            "layer_end": 160,
            "partition": [
                [
                    0,
                    1,
                    2,
                    3,
                    4,
                    5,
                    6,
                    7,
                    8,
                    9,
                    10,
                    11,
                    12,
                    13,
                    14,
                    15,
                    16,
                    17,
                    18,
                    19
                ],
                [
                    20,
                    21,
                    22,
                    23,
                    24,
                    25,
                    26,
                    27,
                    28,
                    29,
                    30,
                    31,
                    32,
                    33,
                    34,
                    35,
                    36,
                    37,
                    38,
                    39
                ],
                [
                    40,
                    41,
                    42,
                    43,
                    44,
                    45,
                    46,
                    47,
                    48,
                    49,
                    50,
                    51,
                    52,
                    53,
                    54,
                    55,
                    56,
                    57,
                    58,
                    59
                ],
                [
                    60,
                    61,
                    62,
                    63,
                    64,
                    65,
                    66,
                    67,
                    68,
                    69,
                    70,
                    71,
                    72,
                    73,
                    74,
                    75,
                    76,
                    77,
                    78,
                    79
                ]
            ],
            "mapping_type": "telegate",
            "costs": {
                "num_comms": 2400,
                "epairs": 2400,
                "total_fidelity_loss": 210.90376632756954,
                "rgeo_mean_fid": 0.9155466363401906,
                "execution_time": 0.0,
                "total_fidelity_log_sum": -220.0803109725841,
                "total_fidelity": 2.6322999107835285e-96,
                "remote_hops": 2400,
                "remote_swaps": 0,
                "local_fidelity_loss": 8.309730967113431,
                "remote_fidelity_loss": 202.5940353604561,
                "local_fidelity_log_sum": -8.318770195623534,
                "remote_fidelity_log_sum": -211.76154077696057,
                "local_fidelity": 0.0002438956237705788,
                "remote_fidelity": 1.0792731210542794e-92,
                "local_gate_num": 7466
            },
            "logical_phy_map": {
                "0": [
                    0,
                    19
                ],
                "1": [
                    0,
                    18
                ],
                "2": [
                    0,
                    16
                ],
                "3": [
                    0,
                    17
                ],
                "4": [
                    0,
                    14
                ],
                "5": [
                    0,
                    15
                ],
                "6": [
                    0,
                    12
                ],
                "7": [
                    0,
                    13
                ],
                "8": [
                    0,
                    10
                ],
                "9": [
                    0,
                    9
                ],
                "10": [
                    0,
                    8
                ],
                "11": [
                    0,
                    11
                ],
                "12": [
                    0,
                    6
                ],
                "13": [
                    0,
                    7
                ],
                "14": [
                    0,
                    4
                ],
                "15": [
                    0,
                    5
                ],
                "16": [
                    0,
                    3
                ],
                "17": [
                    0,
                    2
                ],
                "18": [
                    0,
                    1
                ],
                "19": [
                    0,
                    0
                ],
                "20": [
                    1,
                    2
                ],
                "21": [
                    1,
                    3
                ],
                "22": [
                    1,
                    1
                ],
                "23": [
                    1,
                    4
                ],
                "24": [
                    1,
                    0
                ],
                "25": [
                    1,
                    6
                ],
                "26": [
                    1,
                    5
                ],
                "27": [
                    1,
                    8
                ],
                "28": [
                    1,
                    7
                ],
                "29": [
                    1,
                    10
                ],
                "30": [
                    1,
                    11
                ],
                "31": [
                    1,
                    12
                ],
                "32": [
                    1,
                    9
                ],
                "33": [
                    1,
                    14
                ],
                "34": [
                    1,
                    13
                ],
                "35": [
                    1,
                    16
                ],
                "36": [
                    1,
                    15
                ],
                "37": [
                    1,
                    19
                ],
                "38": [
                    1,
                    18
                ],
                "39": [
                    1,
                    17
                ],
                "40": [
                    2,
                    19
                ],
                "41": [
                    2,
                    18
                ],
                "42": [
                    2,
                    16
                ],
                "43": [
                    2,
                    17
                ],
                "44": [
                    2,
                    14
                ],
                "45": [
                    2,
                    15
                ],
                "46": [
                    2,
                    12
                ],