{
    "total_costs": {
        "num_comms": 600,
        "epairs": 600,
        "total_fidelity_loss": 53.6046523103202,
        "rgeo_mean_fid": 0.913604027980667,
        "execution_time": 0.286984920501709,
        "total_fidelity_log_sum": -56.0078210704724,
        "total_fidelity": 4.743647024822147e-25,
        "remote_hops": 600,
        "remote_swaps": 0,
        "local_fidelity_loss": 1.7912855711699265,
        "remote_fidelity_loss": 51.81336673915027,
        "local_fidelity_log_sum": -1.7930023627285534,
        "remote_fidelity_log_sum": -54.21481870774385,
        "local_fidelity": 0.16645964642862535,
        "remote_fidelity": 2.8497279230111367e-24,
        "local_gate_num": 1790
    },
    "num_records": 1,
    "records": [
        {
            "layer_start": 0,
            "layer_end": 80,
            "partition": [
                [
                    0,
                    1,
                    2,
                    3,
                    4,
                    5,
                    6,
                    7,
                    8,
                    9
                ],
                [
                    10,
                    11,
                    12,
                    13,
                    14,
                    15,
                    16,
                    17,
                    18,
                    19
                ],
                [
                    20,
                    21,
                    22,
                    23,
                    24,
                    25,
                    26,
                    27,
                    28,
                    29
                ],
                [
                    30,
                    31,
                    32,
                    33,
                    34,
                    35,
                    36,
                    37,
                    38,
                    39
                ]
            ],
            "mapping_type": "telegate",
            "costs": {
                "num_comms": 600,
                "epairs": 600,
                "total_fidelity_loss": 53.6046523103202,
                "rgeo_mean_fid": 0.913604027980667,
                "execution_time": 0.0,
                "total_fidelity_log_sum": -56.0078210704724,
                "total_fidelity": 4.743647024822147e-25,
                "remote_hops": 600,
                "remote_swaps": 0,
                "local_fidelity_loss": 1.7912855711699265,
                "remote_fidelity_loss": 51.81336673915027,
                "local_fidelity_log_sum": -1.7930023627285534,
                "remote_fidelity_log_sum": -54.21481870774385,
                "local_fidelity": 0.16645964642862535,
                "remote_fidelity": 2.8497279230111367e-24,
                "local_gate_num": 1790
            },
            "logical_phy_map": {
                "0": [
                    0,
                    7
                ],
                "1": [
                    0,
                    8
                ],
                "2": [
                    0,
                    6
                ],
                "3": [
                    0,
                    9
                ],
                "4": [
                    0,
                    4
                ],
                "5": [
                    0,
                    3
                ],
                "6": [
                    0,
                    2
                ],
                "7": [
                    0,
                    5
                ],
                "8": [
                    0,
                    1
                ],
                "9": [
                    0,
                    0
                ],
                "10": [
                    1,
                    7
                ],
                "11": [
                    1,
                    8
                ],
                "12": [
                    1,
                    6
                ],
                "13": [
                    1,
                    9
                ],
                "14": [
                    1,
                    4
                ],
                "15": [
                    1,
                    3
                ],
                "16": [
                    1,
                    5
                ],
                "17": [
                    1,
                    2
                ],
                "18": [
                    1,
                    1
                ],
                "19": [
                    1,
                    0
                ],
                "20": [
                    2,
                    7
                ],
                "21": [
                    2,
                    6
                ],
                "22": [
                    2,
                    8
                ],
                "23": [
                    2,
                    3
                ],
                "24": [
                    2,
                    9
                ],
                "25": [
                    2,
                    5
                ],
                "26": [
                    2,
                    4
                ],
                "27": [
                    2,
                    2
                ],
                "28": [
                    2,
                    1
                ],
                "29": [
                    2,
                    0
                ],
                "30": [
                    3,
                    2
                ],
                "31": [
                    3,
                    5
                ],
                "32": [
                    3,
                    1
                ],
                "33": [
                    3,
                    4
                ],
                "34": [
                    3,
                    0
                ],
                "35": [
                    3,
                    6
                ],
                "36": [
                    3,
                    3
                ],
                "37": [
                    3,
                    7
                ],
                "38": [
                    3,
                    8
                ],
                "39": [
                    3,
                    9
                ]
            },
            "extra_info": null
        }
    ]
}