{
    "total_costs": {
        "num_comms": 899,
        "epairs": 899,
        "total_fidelity_loss": 121.94330047163407,
        "rgeo_mean_fid": 0.9299999999999996,
        "execution_time": 0.5225791931152344,
        "total_fidelity_log_sum": -305.0231651982649,
        "total_fidelity": 3.3893974761073856e-133,
        "remote_hops": 899,
        "remote_swaps": 0,
        "local_fidelity_loss": 59.01330047163384,
        "remote_fidelity_loss": 62.93000000000023,
        "local_fidelity_log_sum": -239.78211233974744,
        "remote_fidelity_log_sum": -65.24105285851743,
        "local_fidelity": 7.310578615656067e-105,
        "remote_fidelity": 4.6362916730678146e-29,
        "local_gate_num": 8703
    },
    "num_records": 1,
    "records": [
        {
            "layer_start": 0,
            "layer_end": 120,
            "partition": [
                [
                    0,
                    1,
                    2,
                    3,
                    4,
                    5,
                    6,
                    7,
                    8,
                    9,
                    10,
                    11,
                    12,
                    13,
                    14,
                    15,
                    16,
                    17,
                    18,
                    19,
                    20,
                    21,
                    22,
                    23,
                    24,
                    25,
                    26,
                    27,
                    28,
                    29,
                    30
                ],
                [
                    31,
                    32,
                    33,
                    34,
                    35,
                    36,
                    37,
                    38,
                    39,
                    40,
                    41,
                    42,
                    43,
                    44,
                    45,
                    46,
                    47,
                    48,
                    49,
                    50,
                    51,
                    52,
                    53,
                    54,
                    55,
                    56,
                    57,
                    58,
                    59
                ]
            ],
            "mapping_type": "telegate",
            "costs": {
                "num_comms": 899,
                "epairs": 899,
                "total_fidelity_loss": 121.94330047163407,
                "rgeo_mean_fid": 0.9299999999999996,
                "execution_time": 0.0,
                "total_fidelity_log_sum": -305.0231651982649,
                "total_fidelity": 3.3893974761073856e-133,
                "remote_hops": 899,
                "remote_swaps": 0,
                "local_fidelity_loss": 59.01330047163384,
                "remote_fidelity_loss": 62.93000000000023,
                "local_fidelity_log_sum": -239.78211233974744,
                "remote_fidelity_log_sum": -65.24105285851743,
                "local_fidelity": 7.310578615656067e-105,
                "remote_fidelity": 4.6362916730678146e-29,
                "local_gate_num": 8703
            },
            "logical_phy_map": {
                "0": [
                    0,
                    13
                ],
                "1": [
                    0,
                    9
                ],
                "2": [
                    0,
                    12
                ],
                "3": [
                    0,
                    0
                ],
                "4": [
                    0,
                    11
                ],
                "5": [
                    0,
                    2
                ],
                "6": [
                    0,
                    1
                ],
                "7": [
                    0,
                    4
                ],
                "8": [
                    0,
                    3
                ],
                "9": [
                    0,
                    6
                ],
                "10": [
                    0,
                    5
                ],
                "11": [
                    0,
                    8
                ],
                "12": [
                    0,
                    7
                ],
                "13": [
                    0,
                    20
                ],
                "14": [
                    0,
                    10
                ],
                "15": [
                    0,
                    18
                ],
                "16": [
                    0,
                    19
                ],
                "17": [
                    0,
                    16
                ],
                "18": [
                    0,
                    17
                ],
                "19": [
                    0,
                    14
                ],
                "20": [
                    0,
                    15
                ],
                "21": [
                    0,
                    24
                ],
                "22": [
                    0,
                    21
                ],
                "23": [
                    0,
                    22
                ],
                "24": [
                    0,
                    23
                ],
                "25": [
                    0,
                    25
                ],
                "26": [
                    0,
                    28
                ],
                "27": [
                    0,
                    26
                ],
                "28": [
                    0,
                    27
                ],
                "29": [
                    0,
                    29
                ],
                "30": [
                    0,
                    30
                ],
                "31": [
                    1,
                    13
                ],
                "32": [
                    1,
                    12
                ],
                "33": [
                    1,
                    9
                ],
                "34": [
                    1,
                    11
                ],
                "35": [
                    1,
                    1
                ],
                "36": [
                    1,
                    0
                ],
                "37": [
                    1,
                    2
                ],
                "38": [
                    1,
                    3
                ],
                "39": [
                    1,
                    4
                ],
                "40": [
                    1,
                    5
                ],
                "41": [
                    1,
                    6
                ],
                "42": [
                    1,
                    7
                ],
                "43": [
                    1,
                    8
                ],
                "44": [
                    1,
                    10
                ],
                "45": [
                    1,
                    20
                ],
                "46": [
                    1,
                    19
                ],
                "47": [
                    1,
                    18
                ],
                "48": [
                    1,
                    17
                ],
                "49": [
                    1,
                    16
                ],
                "50": [
                    1,
                    15
                ],
                "51": [
                    1,
                    14
                ],
                "52": [
                    1,
                    21
                ],