{
    "total_costs": {
        "num_comms": 300,
        "epairs": 300,
        "total_fidelity_loss": 27.863823822856425,
        "rgeo_mean_fid": 0.9113657288060011,
        "execution_time": 0.2310161590576172,
        "total_fidelity_log_sum": -29.12365974602165,
        "total_fidelity": 2.247787643425262e-13,
        "remote_hops": 300,
        "remote_swaps": 0,
        "local_fidelity_loss": 1.279152308262731,
        "remote_fidelity_loss": 26.584671514593694,
        "local_fidelity_log_sum": -1.2803586475299549,
        "remote_fidelity_log_sum": -27.843301098491697,
        "local_fidelity": 0.2779376009417144,
        "remote_fidelity": 8.087382332614435e-13,
        "local_gate_num": 1304
    },
    "num_records": 1,
    "records": [
        {
            "layer_start": 0,
            "layer_end": 60,
            "partition": [
                [
                    0,
                    1,
                    2,
                    3,
                    4,
                    5,
                    6,
                    7,
                    8,
                    9
                ],
                [
                    10,
                    11,
                    12,
                    13,
                    14,
                    15,
                    16,
                    17,
                    18,
                    19
                ],
                [
                    20,
                    21,
                    22,
                    23,
                    24,
                    25,
                    26,
                    27,
                    28,
                    29
                ]
            ],
            "mapping_type": "telegate",
            "costs": {
                "num_comms": 300,
                "epairs": 300,
                "total_fidelity_loss": 27.863823822856425,
                "rgeo_mean_fid": 0.9113657288060011,
                "execution_time": 0.0,
                "total_fidelity_log_sum": -29.12365974602165,
                "total_fidelity": 2.247787643425262e-13,
                "remote_hops": 300,
                "remote_swaps": 0,
                "local_fidelity_loss": 1.279152308262731,
                "remote_fidelity_loss": 26.584671514593694,
                "local_fidelity_log_sum": -1.2803586475299549,
                "remote_fidelity_log_sum": -27.843301098491697,
                "local_fidelity": 0.2779376009417144,
                "remote_fidelity": 8.087382332614435e-13,
                "local_gate_num": 1304
            },
            "logical_phy_map": {
                "0": [
                    0,
                    7
                ],
                "1": [
                    0,
                    8
                ],
                "2": [
                    0,
                    6
                ],
                "3": [
                    0,
                    9
                ],
                "4": [
                    0,
                    4
                ],
                "5": [
                    0,
                    3
                ],
                "6": [
                    0,
                    2
                ],
                "7": [
                    0,
                    5
                ],
                "8": [
                    0,
                    1
                ],
                "9": [
                    0,
                    0
                ],
                "10": [
                    1,
                    2
                ],
                "11": [
                    1,
                    1
                ],
                "12": [
                    1,
                    5
                ],
                "13": [
                    1,
                    0
                ],
                "14": [
                    1,
                    3
                ],
                "15": [
                    1,
                    4
                ],
                "16": [
                    1,
                    6
                ],
                "17": [
                    1,
                    7
                ],
                "18": [
                    1,
                    8
                ],
                "19": [
                    1,
                    9
                ],
                "20": [
                    2,
                    7
                ],
                "21": [
                    2,
                    8
                ],
                "22": [
                    2,
                    6
                ],
                "23": [
                    2,
                    9
                ],
                "24": [
                    2,
                    4
                ],
                "25": [
                    2,
                    3
                ],
                "26": [
                    2,
                    2
                ],
                "27": [
                    2,
                    5
                ],
                "28": [
                    2,
                    1
                ],
                "29": [
                    2,
                    0
                ]
            },
            "extra_info": null
        }
    ]
}