{
    "total_costs": {
        "num_comms": 2700,
        "epairs": 2700,
        "total_fidelity_loss": 244.83539148022078,
        "rgeo_mean_fid": 0.9147828380722852,
        "execution_time": 0.7728264331817627,
        "total_fidelity_log_sum": -255.3010137802887,
        "total_fidelity": 1.331001334502178e-111,
        "remote_hops": 2700,
        "remote_swaps": 0,
        "local_fidelity_loss": 14.799136548001036,
        "remote_fidelity_loss": 230.03625493221975,
        "local_fidelity_log_sum": -14.815855029103604,
        "remote_fidelity_log_sum": -240.4851587511851,
        "local_fidelity": 3.6775273914486696e-07,
        "remote_fidelity": 3.619283265155677e-105,
        "local_gate_num": 12992
    },
    "num_records": 1,
    "records": [
        {
            "layer_start": 0,
            "layer_end": 180,
            "partition": [
                [
                    0,
                    1,
                    2,
                    3,
                    4,
                    5,
                    6,
                    7,
                    8,
                    9,
                    10,
                    11,
                    12,
                    13,
                    14,
                    15,
                    16,
                    17,
                    18,
                    19,
                    20,
                    21,
                    22,
                    23,
                    24,
                    25,
                    26,
                    27,
                    28,
                    29
                ],
                [
                    30,
                    31,
                    32,
                    33,
                    34,
                    35,
                    36,
                    37,
                    38,
                    39,
                    40,
                    41,
                    42,
                    43,
                    44,
                    45,
                    46,
                    47,
                    48,
                    49,
                    50,
                    51,
                    52,
                    53,
                    54,
                    55,
                    56,
                    57,
                    58,
                    59
                ],
                [
                    60,
                    61,
                    62,
                    63,
                    64,
                    65,
                    66,
                    67,
                    68,
                    69,
                    70,
                    71,
                    72,
                    73,
                    74,
                    75,
                    76,
                    77,
                    78,
                    79,
                    80,
                    81,
                    82,
                    83,
                    84,
                    85,
                    86,
                    87,
                    88,
                    89
                ]
            ],
            "mapping_type": "telegate",
            "costs": {
                "num_comms": 2700,
                "epairs": 2700,
                "total_fidelity_loss": 244.83539148022078,
                "rgeo_mean_fid": 0.9147828380722852,
                "execution_time": 0.0,
                "total_fidelity_log_sum": -255.3010137802887,
                "total_fidelity": 1.331001334502178e-111,
                "remote_hops": 2700,
                "remote_swaps": 0,
                "local_fidelity_loss": 14.799136548001036,
                "remote_fidelity_loss": 230.03625493221975,
                "local_fidelity_log_sum": -14.815855029103604,
                "remote_fidelity_log_sum": -240.4851587511851,
                "local_fidelity": 3.6775273914486696e-07,
                "remote_fidelity": 3.619283265155677e-105,
                "local_gate_num": 12992
            },
            "logical_phy_map": {
                "0": [
                    0,
                    9
                ],
                "1": [
                    0,
                    12
                ],
                "2": [
                    0,
                    0
                ],
                "3": [
                    0,
                    11
                ],
                "4": [
                    0,
                    2
                ],
                "5": [
                    0,
                    1
                ],
                "6": [
                    0,
                    4
                ],
                "7": [
                    0,
                    3
                ],
                "8": [
                    0,
                    6
                ],
                "9": [
                    0,
                    5
                ],
                "10": [
                    0,
                    8
                ],
                "11": [
                    0,
                    7
                ],
                "12": [
                    0,
                    19
                ],
                "13": [
                    0,
                    10
                ],
                "14": [
                    0,
                    17
                ],
                "15": [
                    0,
                    18
                ],
                "16": [
                    0,
                    15
                ],
                "17": [
                    0,
                    16
                ],
                "18": [
                    0,
                    13
                ],
                "19": [
                    0,
                    14
                ],
                "20": [
                    0,
                    23
                ],
                "21": [
                    0,
                    20
                ],
                "22": [
                    0,
                    21
                ],
                "23": [
                    0,
                    22
                ],
                "24": [
                    0,
                    24
                ],
                "25": [
                    0,
                    27
                ],
                "26": [
                    0,
                    26
                ],
                "27": [
                    0,
                    25
                ],
                "28": [
                    0,
                    28
                ],
                "29": [
                    0,
                    29
                ],
                "30": [
                    1,
                    9
                ],
                "31": [
                    1,
                    0
                ],
                "32": [
                    1,
                    12
                ],
                "33": [
                    1,
                    1
                ],
                "34": [
                    1,
                    11
                ],
                "35": [
                    1,
                    3
                ],
                "36": [
                    1,
                    2
                ],
                "37": [
                    1,
                    5
                ],
                "38": [
                    1,
                    4
                ],
                "39": [
                    1,
                    7
                ],
                "40": [
                    1,
                    6
                ],
                "41": [
                    1,
                    10
                ],
                "42": [
                    1,
                    8
                ],
                "43": [
                    1,
                    18
                ],