{
    "total_costs": {
        "remote_hops": 28,
        "remote_swaps": 0,
        "remote_fidelity_loss": 0.5600000000000005,
        "remote_fidelity": 0.5679761759500592,
        "local_fidelity_loss": 0.21295187369112642,
        "local_fidelity": 0.8080487027793702,
        "execution_time": 0.029680728912353516,
        "num_comms": 28,
        "total_fidelity_loss": 0.772951873691127,
        "total_fidelity": 0.4589524121860327
    },
    "records": [
        {
            "layer_start": 0,
            "layer_end": 53,
            "partition": [
                [
                    2,
                    3,
                    4,
                    5,
                    6
                ],
                [
                    7,
                    8,
                    9,
                    0,
                    1
                ]
            ],
            "mapping_type": "telegate",
            "costs": {
                "remote_hops": 28,
                "remote_swaps": 0,
                "remote_fidelity_loss": 0.5600000000000005,
                "remote_fidelity": 0.5679761759500592,
                "local_fidelity_loss": 0.21295187369112642,
                "local_fidelity": 0.8080487027793702,
                "execution_time": 0.0,
                "num_comms": 28,
                "total_fidelity_loss": 0.772951873691127,
                "total_fidelity": 0.4589524121860327
            },
            "extra_info": null
        }
    ]
}