{
    "total_costs": {
        "remote_hops": 0,
        "remote_swaps": 16,
        "remote_fidelity_loss": 0.3200000000000003,
        "remote_fidelity": 0.7237977205924954,
        "local_fidelity_loss": 0.45591135603814925,
        "local_fidelity": 0.6336253339244549,
        "execution_time": 0.29053521156311035,
        "num_comms": 16,
        "total_fidelity_loss": 0.7759113560381495,
        "total_fidelity": 0.45861657240417913
    },
    "records": [
        {
            "layer_start": 0,
            "layer_end": 10,
            "partition": [
                [
                    5,
                    6,
                    7,
                    8,
                    9
                ],
                [
                    0,
                    1,
                    2,
                    3,
                    4
                ]
            ],
            "mapping_type": "teledata",
            "costs": {
                "remote_hops": 0,
                "remote_swaps": 0,
                "remote_fidelity_loss": 0.0,
                "remote_fidelity": 1.0,
                "local_fidelity_loss": 0.03971205137127213,
                "local_fidelity": 0.9610353756937267,
                "execution_time": 0.0,
                "num_comms": 0,
                "total_fidelity_loss": 0.03971205137127213,
                "total_fidelity": 0.9610353756937267
            },
            "extra_info": null
        },
        {
            "layer_start": 11,
            "layer_end": 14,
            "partition": [
                [
                    3,
                    4,
                    5,
                    8,
                    9
                ],
                [
                    0,
                    1,
                    2,
                    6,
                    7
                ]
            ],
            "mapping_type": "teledata",
            "costs": {
                "remote_hops": 0,
                "remote_swaps": 2,
                "remote_fidelity_loss": 0.040000000000000036,
                "remote_fidelity": 0.9603999999999999,
                "local_fidelity_loss": 0.03867165959854834,
                "local_fidelity": 0.9620347629484741,
                "execution_time": 0.0,
                "num_comms": 2,
                "total_fidelity_loss": 0.07867165959854838,
                "total_fidelity": 0.9239381863357145
            },
            "extra_info": null
        },
        {
            "layer_start": 15,
            "layer_end": 18,
            "partition": [
                [
                    1,
                    2,
                    3,
                    8,
                    9
                ],
                [
                    0,
                    4,
                    5,
                    6,
                    7
                ]
            ],
            "mapping_type": "teledata",
            "costs": {
                "remote_hops": 0,
                "remote_swaps": 2,
                "remote_fidelity_loss": 0.040000000000000036,
                "remote_fidelity": 0.9603999999999999,
                "local_fidelity_loss": 0.055552561834659744,
                "local_fidelity": 0.9459198415726445,
                "execution_time": 0.0,
                "num_comms": 2,
                "total_fidelity_loss": 0.09555256183465978,
                "total_fidelity": 0.9084614158463677
            },
            "extra_info": null
        },
        {
            "layer_start": 19,
            "layer_end": 22,
            "partition": [
                [
                    0,
                    1,
                    5,
                    8,
                    9
                ],
                [
                    2,
                    3,
                    4,
                    6,
                    7
                ]
            ],
            "mapping_type": "teledata",
            "costs": {
                "remote_hops": 0,
                "remote_swaps": 2,
                "remote_fidelity_loss": 0.040000000000000036,
                "remote_fidelity": 0.9603999999999999,
                "local_fidelity_loss": 0.07133761088570767,
                "local_fidelity": 0.9310920549312983,
                "execution_time": 0.0,
                "num_comms": 2,
                "total_fidelity_loss": 0.1113376108857077,
                "total_fidelity": 0.8942208095560188
            },
            "extra_info": null
        },
        {
            "layer_start": 23,
            "layer_end": 26,
            "partition": [
                [
                    3,
                    4,
                    5,
                    8,
                    9
                ],
                [
                    0,
                    1,
                    2,
                    6,
                    7
                ]
            ],
            "mapping_type": "teledata",
            "costs": {
                "remote_hops": 0,
                "remote_swaps": 2,
                "remote_fidelity_loss": 0.040000000000000036,
                "remote_fidelity": 0.9603999999999999,
                "local_fidelity_loss": 0.0496279692541806,
                "local_fidelity": 0.9515416019984889,
                "execution_time": 0.0,
                "num_comms": 2,
                "total_fidelity_loss": 0.08962796925418064,
                "total_fidelity": 0.9138605545593487
            },
            "extra_info": null
        },
        {
            "layer_start": 27,
            "layer_end": 30,
            "partition": [
                [
                    1,
                    2,
                    3,
                    4,
                    5
                ],
                [
                    0,
                    6,
                    7,
                    8,
                    9
                ]
            ],
            "mapping_type": "teledata",
            "costs": {
                "remote_hops": 0,
                "remote_swaps": 2,
                "remote_fidelity_loss": 0.040000000000000036,
                "remote_fidelity": 0.9603999999999999,
                "local_fidelity_loss": 0.03854471372185094,
                "local_fidelity": 0.9621586879918701,
                "execution_time": 0.0,
                "num_comms": 2,
                "total_fidelity_loss": 0.07854471372185098,
                "total_fidelity": 0.924057203947392
            },
            "extra_info": null
        },
        {
            "layer_start": 31,
            "layer_end": 34,
            "partition": [
                [
                    0,
                    1,
                    4,
                    5,
                    6
                ],
                [
                    2,
                    3,
                    7,
                    8,
                    9
                ]
            ],
            "mapping_type": "teledata",
            "costs": {
                "remote_hops": 0,
                "remote_swaps": 2,
                "remote_fidelity_loss": 0.040000000000000036,
                "remote_fidelity": 0.9603999999999999,
                "local_fidelity_loss": 0.02388476210756313,
                "local_fidelity": 0.9763771023375699,
                "execution_time": 0.0,
                "num_comms": 2,
                "total_fidelity_loss": 0.06388476210756316,
                "total_fidelity": 0.9377125690850021
            },
            "extra_info": null
        },
        {
            "layer_start": 35,
            "layer_end": 41,
            "partition": [
                [
                    0,
                    1,
                    2,
                    3,
                    6
                ],
                [
                    4,
                    5,
                    7,
                    8,
                    9
                ]
            ],