{
    "total_costs": {
        "num_comms": 1299,
        "epairs": 1299,
        "total_fidelity_loss": 123.44836444713387,
        "rgeo_mean_fid": 0.9129159547255885,
        "execution_time": 1.4380345344543457,
        "total_fidelity_log_sum": -128.75752774210818,
        "total_fidelity": 1.2059136140059994e-56,
        "remote_hops": 1299,
        "remote_swaps": 0,
        "local_fidelity_loss": 10.392436224226875,
        "remote_fidelity_loss": 113.055928222907,
        "local_fidelity_log_sum": -10.403745626271087,
        "remote_fidelity_log_sum": -118.3537821158371,
        "local_fidelity": 3.031870751381297e-05,
        "remote_fidelity": 3.977457196869604e-52,
        "local_gate_num": 11135
    },
    "num_records": 1,
    "records": [
        {
            "layer_start": 0,
            "layer_end": 398,
            "partition": [
                [
                    0,
                    1,
                    2,
                    3,
                    4,
                    5,
                    6,
                    7,
                    8,
                    9,
                    10,
                    11,
                    12,
                    13,
                    14,
                    15,
                    16,
                    17,
                    18,
                    19
                ],
                [
                    20,
                    21,
                    22,
                    23,
                    24,
                    25,
                    26,
                    27,
                    28,
                    29,
                    30,
                    31,
                    32,
                    33,
                    34,
                    35,
                    36,
                    37,
                    38,
                    39
                ],
                [
                    40,
                    41,
                    42,
                    43,
                    44,
                    45,
                    46,
                    47,
                    48,
                    49,
                    50,
                    51,
                    52,
                    53,
                    54,
                    55,
                    56,
                    57,
                    58,
                    59
                ],
                [
                    60,
                    61,
                    62,
                    63,
                    64,
                    65,
                    66,
                    67,
                    68,
                    69,
                    70,
                    71,
                    72,
                    73,
                    74,
                    75,
                    76,
                    77,
                    78,
                    79
                ],
                [
                    80,
                    81,
                    82,
                    83,
                    84,
                    85,
                    86,
                    87,
                    88,
                    89,
                    90,
                    91,
                    92,
                    93,
                    94,
                    95,
                    96,
                    97,
                    98,
                    99
                ]
            ],
            "mapping_type": "telegate",
            "costs": {
                "num_comms": 1299,
                "epairs": 1299,
                "total_fidelity_loss": 123.44836444713387,
                "rgeo_mean_fid": 0.9129159547255885,
                "execution_time": 0.0,
                "total_fidelity_log_sum": -128.75752774210818,
                "total_fidelity": 1.2059136140059994e-56,
                "remote_hops": 1299,
                "remote_swaps": 0,
                "local_fidelity_loss": 10.392436224226875,
                "remote_fidelity_loss": 113.055928222907,
                "local_fidelity_log_sum": -10.403745626271087,
                "remote_fidelity_log_sum": -118.3537821158371,
                "local_fidelity": 3.031870751381297e-05,
                "remote_fidelity": 3.977457196869604e-52,
                "local_gate_num": 11135
            },
            "logical_phy_map": {
                "0": [
                    0,
                    0
                ],
                "1": [
                    0,
                    1
                ],
                "2": [
                    0,
                    3
                ],
                "3": [
                    0,
                    2
                ],
                "4": [
                    0,
                    5
                ],
                "5": [
                    0,
                    4
                ],
                "6": [
                    0,
                    7
                ],
                "7": [
                    0,
                    6
                ],
                "8": [
                    0,
                    11
                ],
                "9": [
                    0,
                    8
                ],
                "10": [
                    0,
                    9
                ],
                "11": [
                    0,
                    10
                ],
                "12": [
                    0,
                    13
                ],
                "13": [
                    0,
                    12
                ],
                "14": [
                    0,
                    15
                ],
                "15": [
                    0,
                    14
                ],
                "16": [
                    0,
                    17
                ],
                "17": [
                    0,
                    16
                ],
                "18": [
                    0,
                    18
                ],
                "19": [
                    0,
                    19
                ],
                "20": [
                    1,
                    17
                ],
                "21": [
                    1,
                    18
                ],
                "22": [
                    1,
                    19
                ],
                "23": [
                    1,
                    16
                ],
                "24": [
                    1,
                    14
                ],
                "25": [
                    1,
                    15
                ],
                "26": [
                    1,
                    12
                ],
                "27": [
                    1,
                    13
                ],
                "28": [
                    1,
                    10
                ],
                "29": [
                    1,
                    9
                ],
                "30": [
                    1,
                    8
                ],
                "31": [
                    1,
                    11
                ],
                "32": [
                    1,
                    6
                ],
                "33": [
                    1,
                    7
                ],
                "34": [
                    1,
                    4
                ],
                "35": [
                    1,
                    5
                ],
                "36": [
                    1,
                    0
                ],
                "37": [
                    1,
                    3
                ],
                "38": [
                    1,
                    1
                ],
                "39": [
                    1,
                    2
                ],
                "40": [
                    2,
                    0
                ],