{
    "total_costs": {
        "num_comms": 1299,
        "epairs": 1299,
        "total_fidelity_loss": 120.07482012393625,
        "rgeo_mean_fid": 0.9150849012709585,
        "execution_time": 1.2472989559173584,
        "total_fidelity_log_sum": -125.05598538908586,
        "total_fidelity": 4.885124276433093e-55,
        "remote_hops": 1299,
        "remote_swaps": 0,
        "local_fidelity_loss": 9.774951012876793,
        "remote_fidelity_loss": 110.29986911105945,
        "local_fidelity_log_sum": -9.784765160840116,
        "remote_fidelity_log_sum": -115.27122022824574,
        "local_fidelity": 5.630286360220911e-05,
        "remote_fidelity": 8.676511217879545e-51,
        "local_gate_num": 11216
    },
    "num_records": 1,
    "records": [
        {
            "layer_start": 0,
            "layer_end": 398,
            "partition": [
                [
                    0,
                    1,
                    2,
                    3,
                    4,
                    5,
                    6,
                    7,
                    8,
                    9,
                    10,
                    11,
                    12,
                    13,
                    14,
                    15,
                    16,
                    17,
                    18,
                    19
                ],
                [
                    20,
                    21,
                    22,
                    23,
                    24,
                    25,
                    26,
                    27,
                    28,
                    29,
                    30,
                    31,
                    32,
                    33,
                    34,
                    35,
                    36,
                    37,
                    38,
                    39
                ],
                [
                    40,
                    41,
                    42,
                    43,
                    44,
                    45,
                    46,
                    47,
                    48,
                    49,
                    50,
                    51,
                    52,
                    53,
                    54,
                    55,
                    56,
                    57,
                    58,
                    59
                ],
                [
                    60,
                    61,
                    62,
                    63,
                    64,
                    65,
                    66,
                    67,
                    68,
                    69,
                    70,
                    71,
                    72,
                    73,
                    74,
                    75,
                    76,
                    77,
                    78,
                    79
                ],
                [
                    80,
                    81,
                    82,
                    83,
                    84,
                    85,
                    86,
                    87,
                    88,
                    89,
                    90,
                    91,
                    92,
                    93,
                    94,
                    95,
                    96,
                    97,
                    98,
                    99
                ]
            ],
            "mapping_type": "telegate",
            "costs": {
                "num_comms": 1299,
                "epairs": 1299,
                "total_fidelity_loss": 120.07482012393625,
                "rgeo_mean_fid": 0.9150849012709585,
                "execution_time": 0.0,
                "total_fidelity_log_sum": -125.05598538908586,
                "total_fidelity": 4.885124276433093e-55,
                "remote_hops": 1299,
                "remote_swaps": 0,
                "local_fidelity_loss": 9.774951012876793,
                "remote_fidelity_loss": 110.29986911105945,
                "local_fidelity_log_sum": -9.784765160840116,
                "remote_fidelity_log_sum": -115.27122022824574,
                "local_fidelity": 5.630286360220911e-05,
                "remote_fidelity": 8.676511217879545e-51,
                "local_gate_num": 11216
            },
            "logical_phy_map": {
                "0": [
                    0,
                    19
                ],
                "1": [
                    0,
                    18
                ],
                "2": [
                    0,
                    15
                ],
                "3": [
                    0,
                    16
                ],
                "4": [
                    0,
                    17
                ],
                "5": [
                    0,
                    14
                ],
                "6": [
                    0,
                    11
                ],
                "7": [
                    0,
                    12
                ],
                "8": [
                    0,
                    13
                ],
                "9": [
                    0,
                    10
                ],
                "10": [
                    0,
                    8
                ],
                "11": [
                    0,
                    9
                ],
                "12": [
                    0,
                    6
                ],
                "13": [
                    0,
                    7
                ],
                "14": [
                    0,
                    4
                ],
                "15": [
                    0,
                    3
                ],
                "16": [
                    0,
                    0
                ],
                "17": [
                    0,
                    5
                ],
                "18": [
                    0,
                    1
                ],
                "19": [
                    0,
                    2
                ],
                "20": [
                    1,
                    19
                ],
                "21": [
                    1,
                    18
                ],
                "22": [
                    1,
                    15
                ],
                "23": [
                    1,
                    17
                ],
                "24": [
                    1,
                    16
                ],
                "25": [
                    1,
                    11
                ],
                "26": [
                    1,
                    14
                ],
                "27": [
                    1,
                    13
                ],
                "28": [
                    1,
                    12
                ],
                "29": [
                    1,
                    9
                ],
                "30": [
                    1,
                    10
                ],
                "31": [
                    1,
                    7
                ],
                "32": [
                    1,
                    8
                ],
                "33": [
                    1,
                    3
                ],
                "34": [
                    1,
                    6
                ],
                "35": [
                    1,
                    0
                ],
                "36": [
                    1,
                    4
                ],
                "37": [
                    1,
                    1
                ],
                "38": [
                    1,
                    5
                ],
                "39": [
                    1,
                    2
                ],
                "40": [
                    2,
                    0
                ],