{
    "total_costs": {
        "num_comms": 96,
        "epairs": 96,
        "total_fidelity_loss": 10.431042552675555,
        "rgeo_mean_fid": 0.9,
        "execution_time": 0.17412495613098145,
        "total_fidelity_log_sum": -10.946442993697536,
        "total_fidelity": 1.762058047858983e-05,
        "remote_hops": 96,
        "remote_swaps": 0,
        "local_fidelity_loss": 0.831042552675573,
        "remote_fidelity_loss": 9.599999999999982,
        "local_fidelity_log_sum": -0.8318334905462166,
        "remote_fidelity_log_sum": -10.11460950315132,
        "local_fidelity": 0.4352505265603807,
        "remote_fidelity": 4.048376602284338e-05,
        "local_gate_num": 1059
    },
    "num_records": 1,
    "records": [
        {
            "layer_start": 0,
            "layer_end": 78,
            "partition": [
                [
                    0,
                    1,
                    2,
                    3,
                    4,
                    5,
                    6,
                    7,
                    8,
                    9,
                    10,
                    11
                ],
                [
                    12,
                    13,
                    14,
                    15,
                    16,
                    17,
                    18,
                    19
                ]
            ],
            "mapping_type": "telegate",
            "costs": {
                "num_comms": 96,
                "epairs": 96,
                "total_fidelity_loss": 10.431042552675555,
                "rgeo_mean_fid": 0.9,
                "execution_time": 0.0,
                "total_fidelity_log_sum": -10.946442993697536,
                "total_fidelity": 1.762058047858983e-05,
                "remote_hops": 96,
                "remote_swaps": 0,
                "local_fidelity_loss": 0.831042552675573,
                "remote_fidelity_loss": 9.599999999999982,
                "local_fidelity_log_sum": -0.8318334905462166,
                "remote_fidelity_log_sum": -10.11460950315132,
                "local_fidelity": 0.4352505265603807,
                "remote_fidelity": 4.048376602284338e-05,
                "local_gate_num": 1059
            },
            "logical_phy_map": {
                "0": [
                    0,
                    11
                ],
                "1": [
                    0,
                    10
                ],
                "2": [
                    0,
                    8
                ],
                "3": [
                    0,
                    9
                ],
                "4": [
                    0,
                    4
                ],
                "5": [
                    0,
                    7
                ],
                "6": [
                    0,
                    6
                ],
                "7": [
                    0,
                    5
                ],
                "8": [
                    0,
                    0
                ],
                "9": [
                    0,
                    3
                ],
                "10": [
                    0,
                    1
                ],
                "11": [
                    0,
                    2
                ],
                "12": [
                    1,
                    6
                ],
                "13": [
                    1,
                    5
                ],
                "14": [
                    1,
                    7
                ],
                "15": [
                    1,
                    4
                ],
                "16": [
                    1,
                    11
                ],
                "17": [
                    1,
                    8
                ],
                "18": [
                    1,
                    10
                ],
                "19": [
                    1,
                    9
                ]
            },
            "extra_info": null
        }
    ]
}