{
    "total_costs": {
        "num_comms": 66,
        "epairs": 71,
        "total_fidelity_loss": 7.099999999999995,
        "rgeo_mean_fid": 0.8928449218714702,
        "execution_time": 0.03706622123718262,
        "total_fidelity_log_sum": -7.480596611705659,
        "total_fidelity": 0.0005639208733960186,
        "remote_hops": 61,
        "remote_swaps": 5,
        "local_fidelity_loss": 0.0,
        "remote_fidelity_loss": 7.099999999999995,
        "local_fidelity_log_sum": 0.0,
        "remote_fidelity_log_sum": -7.480596611705659,
        "local_fidelity": 1.0,
        "remote_fidelity": 0.0005639208733960186,
        "local_gate_num": 506
    },
    "num_records": 1,
    "records": [
        {
            "layer_start": 0,
            "layer_end": 78,
            "partition": [
                [
                    0,
                    1,
                    2,
                    3,
                    4,
                    5,
                    6,
                    7,
                    8,
                    9
                ],
                [
                    10,
                    11,
                    12,
                    13,
                    14,
                    15,
                    16,
                    17,
                    18,
                    19
                ]
            ],
            "mapping_type": "autocomm",
            "costs": {
                "num_comms": 66,
                "epairs": 71,
                "total_fidelity_loss": 7.099999999999995,
                "rgeo_mean_fid": 0.8928449218714702,
                "execution_time": 0.03706622123718262,
                "total_fidelity_log_sum": -7.480596611705659,
                "total_fidelity": 0.0005639208733960186,
                "remote_hops": 61,
                "remote_swaps": 5,
                "local_fidelity_loss": 0.0,
                "remote_fidelity_loss": 7.099999999999995,
                "local_fidelity_log_sum": 0.0,
                "remote_fidelity_log_sum": -7.480596611705659,
                "local_fidelity": 1.0,
                "remote_fidelity": 0.0005639208733960186,
                "local_gate_num": 506
            },
            "logical_phy_map": {},
            "extra_info": {
                "autocomm_epr_cnt": 71,
                "autocomm_latency": 1055.300000000002,
                "autocomm_comm_costs": [
                    46,
                    5,
                    10,
                    5
                ],
                "autocomm_assigned_block_count": 520,
                "autocomm_event_count": 66
            }
        }
    ]
}