{
    "total_costs": {
        "remote_hops": 100,
        "remote_swaps": 0,
        "remote_fidelity_loss": 2.0000000000000018,
        "remote_fidelity": 0.132619555894753,
        "local_fidelity_loss": 1.7891192662466087,
        "local_fidelity": 0.16673801753109424,
        "execution_time": 0.14277148246765137,
        "num_comms": 100,
        "total_fidelity_loss": 3.7891192662466104,
        "total_fidelity": 0.022112721835745256
    },
    "records": [
        {
            "layer_start": 0,
            "layer_end": 103,
            "partition": [
                [
                    5,
                    6,
                    7,
                    8,
                    9,
                    10,
                    11,
                    12,
                    13,
                    14
                ],
                [
                    15,
                    16,
                    17,
                    19,
                    3,
                    4,
                    0,
                    1,
                    2,
                    18
                ]
            ],
            "mapping_type": "telegate",
            "costs": {
                "remote_hops": 100,
                "remote_swaps": 0,
                "remote_fidelity_loss": 2.0000000000000018,
                "remote_fidelity": 0.132619555894753,
                "local_fidelity_loss": 1.7891192662466087,
                "local_fidelity": 0.16673801753109424,
                "execution_time": 0.0,
                "num_comms": 100,
                "total_fidelity_loss": 3.7891192662466104,
                "total_fidelity": 0.022112721835745256
            },
            "extra_info": null
        }
    ]
}