{
    "total_costs": {
        "num_comms": 294,
        "epairs": 294,
        "total_fidelity_loss": 27.112442919639953,
        "rgeo_mean_fid": 0.9123070585178241,
        "execution_time": 0.33816099166870117,
        "total_fidelity_log_sum": -28.33862827023636,
        "total_fidelity": 4.928220347904032e-13,
        "remote_hops": 294,
        "remote_swaps": 0,
        "local_fidelity_loss": 1.354295715241074,
        "remote_fidelity_loss": 25.758147204398878,
        "local_fidelity_log_sum": -1.3557026409994282,
        "remote_fidelity_log_sum": -26.98292562923693,
        "local_fidelity": 0.2577661137669961,
        "remote_fidelity": 1.911896127804768e-12,
        "local_gate_num": 1572
    },
    "num_records": 1,
    "records": [
        {
            "layer_start": 0,
            "layer_end": 118,
            "partition": [
                [
                    0,
                    1,
                    2,
                    3,
                    4,
                    5,
                    6,
                    7,
                    8,
                    9
                ],
                [
                    10,
                    11,
                    12,
                    13,
                    14,
                    15,
                    16,
                    17,
                    18,
                    19
                ],
                [
                    20,
                    21,
                    22,
                    23,
                    24,
                    25,
                    26,
                    27,
                    28,
                    29
                ]
            ],
            "mapping_type": "telegate",
            "costs": {
                "num_comms": 294,
                "epairs": 294,
                "total_fidelity_loss": 27.112442919639953,
                "rgeo_mean_fid": 0.9123070585178241,
                "execution_time": 0.0,
                "total_fidelity_log_sum": -28.33862827023636,
                "total_fidelity": 4.928220347904032e-13,
                "remote_hops": 294,
                "remote_swaps": 0,
                "local_fidelity_loss": 1.354295715241074,
                "remote_fidelity_loss": 25.758147204398878,
                "local_fidelity_log_sum": -1.3557026409994282,
                "remote_fidelity_log_sum": -26.98292562923693,
                "local_fidelity": 0.2577661137669961,
                "remote_fidelity": 1.911896127804768e-12,
                "local_gate_num": 1572
            },
            "logical_phy_map": {
                "0": [
                    0,
                    9
                ],
                "1": [
                    0,
                    6
                ],
                "2": [
                    0,
                    7
                ],
                "3": [
                    0,
                    8
                ],
                "4": [
                    0,
                    4
                ],
                "5": [
                    0,
                    5
                ],
                "6": [
                    0,
                    0
                ],
                "7": [
                    0,
                    3
                ],
                "8": [
                    0,
                    1
                ],
                "9": [
                    0,
                    2
                ],
                "10": [
                    1,
                    0
                ],
                "11": [
                    1,
                    1
                ],
                "12": [
                    1,
                    3
                ],
                "13": [
                    1,
                    2
                ],
                "14": [
                    1,
                    5
                ],
                "15": [
                    1,
                    4
                ],
                "16": [
                    1,
                    9
                ],
                "17": [
                    1,
                    8
                ],
                "18": [
                    1,
                    6
                ],
                "19": [
                    1,
                    7
                ],
                "20": [
                    2,
                    0
                ],
                "21": [
                    2,
                    1
                ],
                "22": [
                    2,
                    2
                ],
                "23": [
                    2,
                    3
                ],
                "24": [
                    2,
                    5
                ],
                "25": [
                    2,
                    4
                ],
                "26": [
                    2,
                    9
                ],
                "27": [
                    2,
                    8
                ],
                "28": [
                    2,
                    6
                ],
                "29": [
                    2,
                    7
                ]
            },
            "extra_info": null
        }
    ]
}