{
    "total_costs": {
        "num_comms": 294,
        "epairs": 294,
        "total_fidelity_loss": 26.186503227579333,
        "rgeo_mean_fid": 0.9155123603212825,
        "execution_time": 0.24580883979797363,
        "total_fidelity_log_sum": -27.300435690697395,
        "total_fidelity": 1.3917826747065285e-12,
        "remote_hops": 294,
        "remote_swaps": 0,
        "local_fidelity_loss": 1.347341944795564,
        "remote_fidelity_loss": 24.83916128278377,
        "local_fidelity_log_sum": -1.3486400368635165,
        "remote_fidelity_log_sum": -25.951795653833877,
        "local_fidelity": 0.2595930576849739,
        "remote_fidelity": 5.3614017536459306e-12,
        "local_gate_num": 1599
    },
    "num_records": 1,
    "records": [
        {
            "layer_start": 0,
            "layer_end": 118,
            "partition": [
                [
                    0,
                    1,
                    2,
                    3,
                    4,
                    5,
                    6,
                    7,
                    8,
                    9
                ],
                [
                    10,
                    11,
                    12,
                    13,
                    14,
                    15,
                    16,
                    17,
                    18,
                    19
                ],
                [
                    20,
                    21,
                    22,
                    23,
                    24,
                    25,
                    26,
                    27,
                    28,
                    29
                ]
            ],
            "mapping_type": "telegate",
            "costs": {
                "num_comms": 294,
                "epairs": 294,
                "total_fidelity_loss": 26.186503227579333,
                "rgeo_mean_fid": 0.9155123603212825,
                "execution_time": 0.0,
                "total_fidelity_log_sum": -27.300435690697395,
                "total_fidelity": 1.3917826747065285e-12,
                "remote_hops": 294,
                "remote_swaps": 0,
                "local_fidelity_loss": 1.347341944795564,
                "remote_fidelity_loss": 24.83916128278377,
                "local_fidelity_log_sum": -1.3486400368635165,
                "remote_fidelity_log_sum": -25.951795653833877,
                "local_fidelity": 0.2595930576849739,
                "remote_fidelity": 5.3614017536459306e-12,
                "local_gate_num": 1599
            },
            "logical_phy_map": {
                "0": [
                    0,
                    0
                ],
                "1": [
                    0,
                    1
                ],
                "2": [
                    0,
                    2
                ],
                "3": [
                    0,
                    4
                ],
                "4": [
                    0,
                    5
                ],
                "5": [
                    0,
                    9
                ],
                "6": [
                    0,
                    3
                ],
                "7": [
                    0,
                    8
                ],
                "8": [
                    0,
                    6
                ],
                "9": [
                    0,
                    7
                ],
                "10": [
                    1,
                    0
                ],
                "11": [
                    1,
                    1
                ],
                "12": [
                    1,
                    2
                ],
                "13": [
                    1,
                    4
                ],
                "14": [
                    1,
                    5
                ],
                "15": [
                    1,
                    9
                ],
                "16": [
                    1,
                    3
                ],
                "17": [
                    1,
                    8
                ],
                "18": [
                    1,
                    6
                ],
                "19": [
                    1,
                    7
                ],
                "20": [
                    2,
                    9
                ],
                "21": [
                    2,
                    8
                ],
                "22": [
                    2,
                    7
                ],
                "23": [
                    2,
                    3
                ],
                "24": [
                    2,
                    6
                ],
                "25": [
                    2,
                    0
                ],
                "26": [
                    2,
                    4
                ],
                "27": [
                    2,
                    1
                ],
                "28": [
                    2,
                    5
                ],
                "29": [
                    2,
                    2
                ]
            },
            "extra_info": null
        }
    ]
}