{
    "total_costs": {
        "num_comms": 291,
        "epairs": 291,
        "total_fidelity_loss": 25.59821693297716,
        "rgeo_mean_fid": 0.9163367932528766,
        "execution_time": 0.2368004322052002,
        "total_fidelity_log_sum": -26.694179427977517,
        "total_fidelity": 2.551908952563842e-12,
        "remote_hops": 291,
        "remote_swaps": 0,
        "local_fidelity_loss": 1.2679469395036396,
        "remote_fidelity_loss": 24.33026999347352,
        "local_fidelity_log_sum": -1.2691300625053006,
        "remote_fidelity_log_sum": -25.425049365472216,
        "local_fidelity": 0.28107603403214243,
        "remote_fidelity": 9.079069872858739e-12,
        "local_gate_num": 1583
    },
    "num_records": 1,
    "records": [
        {
            "layer_start": 0,
            "layer_end": 118,
            "partition": [
                [
                    0,
                    1,
                    2,
                    3,
                    4,
                    5,
                    6,
                    7,
                    8,
                    9,
                    10
                ],
                [
                    11,
                    12,
                    13,
                    14,
                    15,
                    16,
                    17,
                    18,
                    19,
                    20,
                    21
                ],
                [
                    22,
                    23,
                    24,
                    25,
                    26,
                    27,
                    28,
                    29
                ]
            ],
            "mapping_type": "telegate",
            "costs": {
                "num_comms": 291,
                "epairs": 291,
                "total_fidelity_loss": 25.59821693297716,
                "rgeo_mean_fid": 0.9163367932528766,
                "execution_time": 0.0,
                "total_fidelity_log_sum": -26.694179427977517,
                "total_fidelity": 2.551908952563842e-12,
                "remote_hops": 291,
                "remote_swaps": 0,
                "local_fidelity_loss": 1.2679469395036396,
                "remote_fidelity_loss": 24.33026999347352,
                "local_fidelity_log_sum": -1.2691300625053006,
                "remote_fidelity_log_sum": -25.425049365472216,
                "local_fidelity": 0.28107603403214243,
                "remote_fidelity": 9.079069872858739e-12,
                "local_gate_num": 1583
            },
            "logical_phy_map": {
                "0": [
                    0,
                    0
                ],
                "1": [
                    0,
                    1
                ],
                "2": [
                    0,
                    3
                ],
                "3": [
                    0,
                    2
                ],
                "4": [
                    0,
                    5
                ],
                "5": [
                    0,
                    6
                ],
                "6": [
                    0,
                    10
                ],
                "7": [
                    0,
                    4
                ],
                "8": [
                    0,
                    9
                ],
                "9": [
                    0,
                    7
                ],
                "10": [
                    0,
                    8
                ],
                "11": [
                    1,
                    10
                ],
                "12": [
                    1,
                    9
                ],
                "13": [
                    1,
                    8
                ],
                "14": [
                    1,
                    4
                ],
                "15": [
                    1,
                    7
                ],
                "16": [
                    1,
                    6
                ],
                "17": [
                    1,
                    5
                ],
                "18": [
                    1,
                    0
                ],
                "19": [
                    1,
                    3
                ],
                "20": [
                    1,
                    1
                ],
                "21": [
                    1,
                    2
                ],
                "22": [
                    2,
                    10
                ],
                "23": [
                    2,
                    9
                ],
                "24": [
                    2,
                    7
                ],
                "25": [
                    2,
                    8
                ],
                "26": [
                    2,
                    3
                ],
                "27": [
                    2,
                    4
                ],
                "28": [
                    2,
                    6
                ],
                "29": [
                    2,
                    5
                ]
            },
            "extra_info": null
        }
    ]
}