{
    "total_costs": {
        "num_comms": 294,
        "epairs": 294,
        "total_fidelity_loss": 23.77757712160765,
        "rgeo_mean_fid": 0.9234085114819474,
        "execution_time": 0.22983860969543457,
        "total_fidelity_log_sum": -24.69200552738549,
        "total_fidelity": 1.889723449877019e-11,
        "remote_hops": 294,
        "remote_swaps": 0,
        "local_fidelity_loss": 1.263882186504474,
        "remote_fidelity_loss": 22.513694935103175,
        "local_fidelity_log_sum": -1.2650414140916717,
        "remote_fidelity_log_sum": -23.426964113293817,
        "local_fidelity": 0.2822276076984765,
        "remote_fidelity": 6.695742720874929e-11,
        "local_gate_num": 1599
    },
    "num_records": 1,
    "records": [
        {
            "layer_start": 0,
            "layer_end": 118,
            "partition": [
                [
                    0,
                    1,
                    2,
                    3,
                    4,
                    5,
                    6,
                    7,
                    8,
                    9
                ],
                [
                    10,
                    11,
                    12,
                    13,
                    14,
                    15,
                    16,
                    17,
                    18,
                    19
                ],
                [
                    20,
                    21,
                    22,
                    23,
                    24,
                    25,
                    26,
                    27,
                    28,
                    29
                ]
            ],
            "mapping_type": "telegate",
            "costs": {
                "num_comms": 294,
                "epairs": 294,
                "total_fidelity_loss": 23.77757712160765,
                "rgeo_mean_fid": 0.9234085114819474,
                "execution_time": 0.0,
                "total_fidelity_log_sum": -24.69200552738549,
                "total_fidelity": 1.889723449877019e-11,
                "remote_hops": 294,
                "remote_swaps": 0,
                "local_fidelity_loss": 1.263882186504474,
                "remote_fidelity_loss": 22.513694935103175,
                "local_fidelity_log_sum": -1.2650414140916717,
                "remote_fidelity_log_sum": -23.426964113293817,
                "local_fidelity": 0.2822276076984765,
                "remote_fidelity": 6.695742720874929e-11,
                "local_gate_num": 1599
            },
            "logical_phy_map": {
                "0": [
                    0,
                    9
                ],
                "1": [
                    0,
                    8
                ],
                "2": [
                    0,
                    7
                ],
                "3": [
                    0,
                    6
                ],
                "4": [
                    0,
                    4
                ],
                "5": [
                    0,
                    3
                ],
                "6": [
                    0,
                    0
                ],
                "7": [
                    0,
                    5
                ],
                "8": [
                    0,
                    1
                ],
                "9": [
                    0,
                    2
                ],
                "10": [
                    1,
                    9
                ],
                "11": [
                    1,
                    8
                ],
                "12": [
                    1,
                    7
                ],
                "13": [
                    1,
                    3
                ],
                "14": [
                    1,
                    6
                ],
                "15": [
                    1,
                    0
                ],
                "16": [
                    1,
                    4
                ],
                "17": [
                    1,
                    1
                ],
                "18": [
                    1,
                    5
                ],
                "19": [
                    1,
                    2
                ],
                "20": [
                    2,
                    0
                ],
                "21": [
                    2,
                    1
                ],
                "22": [
                    2,
                    2
                ],
                "23": [
                    2,
                    5
                ],
                "24": [
                    2,
                    3
                ],
                "25": [
                    2,
                    4
                ],
                "26": [
                    2,
                    9
                ],
                "27": [
                    2,
                    6
                ],
                "28": [
                    2,
                    8
                ],
                "29": [
                    2,
                    7
                ]
            },
            "extra_info": null
        }
    ]
}