{
    "total_costs": {
        "num_comms": 739,
        "epairs": 739,
        "total_fidelity_loss": 74.14301190097869,
        "rgeo_mean_fid": 0.9019406638073502,
        "execution_time": 0.4288797378540039,
        "total_fidelity_log_sum": -77.95089728779686,
        "total_fidelity": 1.4007332843029458e-34,
        "remote_hops": 739,
        "remote_swaps": 0,
        "local_fidelity_loss": 1.6796892350641643,
        "remote_fidelity_loss": 72.46332266591453,
        "local_fidelity_log_sum": -1.6812612703299874,
        "remote_fidelity_log_sum": -76.26963601746688,
        "local_fidelity": 0.18613905625297422,
        "remote_fidelity": 7.525198163674284e-34,
        "local_gate_num": 2081
    },
    "num_records": 1,
    "records": [
        {
            "layer_start": 0,
            "layer_end": 158,
            "partition": [
                [
                    0,
                    1,
                    2,
                    3,
                    4,
                    5,
                    6,
                    7,
                    8,
                    9
                ],
                [
                    10,
                    11,
                    12,
                    13,
                    14,
                    15,
                    16,
                    17,
                    18,
                    19
                ],
                [
                    20,
                    21,
                    22,
                    23,
                    24,
                    25,
                    26,
                    27,
                    28,
                    29
                ],
                [
                    30,
                    31,
                    32,
                    33,
                    34,
                    35,
                    36,
                    37,
                    38,
                    39
                ]
            ],
            "mapping_type": "telegate",
            "costs": {
                "num_comms": 739,
                "epairs": 739,
                "total_fidelity_loss": 74.14301190097869,
                "rgeo_mean_fid": 0.9019406638073502,
                "execution_time": 0.0,
                "total_fidelity_log_sum": -77.95089728779686,
                "total_fidelity": 1.4007332843029458e-34,
                "remote_hops": 739,
                "remote_swaps": 0,
                "local_fidelity_loss": 1.6796892350641643,
                "remote_fidelity_loss": 72.46332266591453,
                "local_fidelity_log_sum": -1.6812612703299874,
                "remote_fidelity_log_sum": -76.26963601746688,
                "local_fidelity": 0.18613905625297422,
                "remote_fidelity": 7.525198163674284e-34,
                "local_gate_num": 2081
            },
            "logical_phy_map": {
                "0": [
                    0,
                    9
                ],
                "1": [
                    0,
                    8
                ],
                "2": [
                    0,
                    7
                ],
                "3": [
                    0,
                    6
                ],
                "4": [
                    0,
                    4
                ],
                "5": [
                    0,
                    3
                ],
                "6": [
                    0,
                    0
                ],
                "7": [
                    0,
                    5
                ],
                "8": [
                    0,
                    1
                ],
                "9": [
                    0,
                    2
                ],
                "10": [
                    1,
                    9
                ],
                "11": [
                    1,
                    8
                ],
                "12": [
                    1,
                    6
                ],
                "13": [
                    1,
                    7
                ],
                "14": [
                    1,
                    4
                ],
                "15": [
                    1,
                    3
                ],
                "16": [
                    1,
                    0
                ],
                "17": [
                    1,
                    5
                ],
                "18": [
                    1,
                    1
                ],
                "19": [
                    1,
                    2
                ],
                "20": [
                    2,
                    0
                ],
                "21": [
                    2,
                    1
                ],
                "22": [
                    2,
                    2
                ],
                "23": [
                    2,
                    5
                ],
                "24": [
                    2,
                    3
                ],
                "25": [
                    2,
                    4
                ],
                "26": [
                    2,
                    9
                ],
                "27": [
                    2,
                    6
                ],
                "28": [
                    2,
                    8
                ],
                "29": [
                    2,
                    7
                ],
                "30": [
                    3,
                    0
                ],
                "31": [
                    3,
                    1
                ],
                "32": [
                    3,
                    5
                ],
                "33": [
                    3,
                    2
                ],
                "34": [
                    3,
                    3
                ],
                "35": [
                    3,
                    4
                ],
                "36": [
                    3,
                    9
                ],
                "37": [
                    3,
                    6
                ],
                "38": [
                    3,
                    8
                ],
                "39": [
                    3,
                    7
                ]
            },
            "extra_info": null
        }
    ]
}