{
    "total_costs": {
        "num_comms": 739,
        "epairs": 739,
        "total_fidelity_loss": 69.8564303198544,
        "rgeo_mean_fid": 0.9077324110469546,
        "execution_time": 0.47190284729003906,
        "total_fidelity_log_sum": -73.22802464902344,
        "total_fidelity": 1.5756979654580534e-32,
        "remote_hops": 739,
        "remote_swaps": 0,
        "local_fidelity_loss": 1.6870667929673198,
        "remote_fidelity_loss": 68.16936352688708,
        "local_fidelity_log_sum": -1.688652769367821,
        "remote_fidelity_log_sum": -71.53937187965562,
        "local_fidelity": 0.18476828187744804,
        "remote_fidelity": 8.527967838674674e-32,
        "local_gate_num": 2081
    },
    "num_records": 1,
    "records": [
        {
            "layer_start": 0,
            "layer_end": 158,
            "partition": [
                [
                    0,
                    1,
                    2,
                    3,
                    4,
                    5,
                    6,
                    7,
                    8,
                    9
                ],
                [
                    10,
                    11,
                    12,
                    13,
                    14,
                    15,
                    16,
                    17,
                    18,
                    19
                ],
                [
                    20,
                    21,
                    22,
                    23,
                    24,
                    25,
                    26,
                    27,
                    28,
                    29
                ],
                [
                    30,
                    31,
                    32,
                    33,
                    34,
                    35,
                    36,
                    37,
                    38,
                    39
                ]
            ],
            "mapping_type": "telegate",
            "costs": {
                "num_comms": 739,
                "epairs": 739,
                "total_fidelity_loss": 69.8564303198544,
                "rgeo_mean_fid": 0.9077324110469546,
                "execution_time": 0.0,
                "total_fidelity_log_sum": -73.22802464902344,
                "total_fidelity": 1.5756979654580534e-32,
                "remote_hops": 739,
                "remote_swaps": 0,
                "local_fidelity_loss": 1.6870667929673198,
                "remote_fidelity_loss": 68.16936352688708,
                "local_fidelity_log_sum": -1.688652769367821,
                "remote_fidelity_log_sum": -71.53937187965562,
                "local_fidelity": 0.18476828187744804,
                "remote_fidelity": 8.527967838674674e-32,
                "local_gate_num": 2081
            },
            "logical_phy_map": {
                "0": [
                    0,
                    0
                ],
                "1": [
                    0,
                    1
                ],
                "2": [
                    0,
                    5
                ],
                "3": [
                    0,
                    2
                ],
                "4": [
                    0,
                    3
                ],
                "5": [
                    0,
                    4
                ],
                "6": [
                    0,
                    9
                ],
                "7": [
                    0,
                    6
                ],
                "8": [
                    0,
                    8
                ],
                "9": [
                    0,
                    7
                ],
                "10": [
                    1,
                    9
                ],
                "11": [
                    1,
                    8
                ],
                "12": [
                    1,
                    6
                ],
                "13": [
                    1,
                    7
                ],
                "14": [
                    1,
                    4
                ],
                "15": [
                    1,
                    3
                ],
                "16": [
                    1,
                    0
                ],
                "17": [
                    1,
                    5
                ],
                "18": [
                    1,
                    1
                ],
                "19": [
                    1,
                    2
                ],
                "20": [
                    2,
                    0
                ],
                "21": [
                    2,
                    1
                ],
                "22": [
                    2,
                    2
                ],
                "23": [
                    2,
                    4
                ],
                "24": [
                    2,
                    5
                ],
                "25": [
                    2,
                    9
                ],
                "26": [
                    2,
                    3
                ],
                "27": [
                    2,
                    8
                ],
                "28": [
                    2,
                    6
                ],
                "29": [
                    2,
                    7
                ],
                "30": [
                    3,
                    9
                ],
                "31": [
                    3,
                    8
                ],
                "32": [
                    3,
                    7
                ],
                "33": [
                    3,
                    6
                ],
                "34": [
                    3,
                    4
                ],
                "35": [
                    3,
                    3
                ],
                "36": [
                    3,
                    0
                ],
                "37": [
                    3,
                    5
                ],
                "38": [
                    3,
                    1
                ],
                "39": [
                    3,
                    2
                ]
            },
            "extra_info": null
        }
    ]
}