{
    "total_costs": {
        "num_comms": 509,
        "epairs": 509,
        "total_fidelity_loss": 40.72853488970841,
        "rgeo_mean_fid": 0.9230206026260397,
        "execution_time": 0.5405433177947998,
        "total_fidelity_log_sum": -42.32614182917759,
        "total_fidelity": 4.149446441309306e-19,
        "remote_hops": 509,
        "remote_swaps": 0,
        "local_fidelity_loss": 1.5519738045885374,
        "remote_fidelity_loss": 39.17656108511988,
        "local_fidelity_log_sum": -1.5533466405940226,
        "remote_fidelity_log_sum": -40.772795188583565,
        "local_fidelity": 0.21153884340572096,
        "remote_fidelity": 1.961552958550915e-18,
        "local_gate_num": 2081
    },
    "num_records": 1,
    "records": [
        {
            "layer_start": 0,
            "layer_end": 158,
            "partition": [
                [
                    0,
                    1,
                    2,
                    3,
                    4,
                    5,
                    6,
                    7,
                    8,
                    9
                ],
                [
                    10,
                    11,
                    12,
                    13,
                    14,
                    15,
                    16,
                    17,
                    18,
                    19
                ],
                [
                    20,
                    21,
                    22,
                    23,
                    24,
                    25,
                    26,
                    27,
                    28,
                    29
                ],
                [
                    30,
                    31,
                    32,
                    33,
                    34,
                    35,
                    36,
                    37,
                    38,
                    39
                ]
            ],
            "mapping_type": "telegate",
            "costs": {
                "num_comms": 509,
                "epairs": 509,
                "total_fidelity_loss": 40.72853488970841,
                "rgeo_mean_fid": 0.9230206026260397,
                "execution_time": 0.0,
                "total_fidelity_log_sum": -42.32614182917759,
                "total_fidelity": 4.149446441309306e-19,
                "remote_hops": 509,
                "remote_swaps": 0,
                "local_fidelity_loss": 1.5519738045885374,
                "remote_fidelity_loss": 39.17656108511988,
                "local_fidelity_log_sum": -1.5533466405940226,
                "remote_fidelity_log_sum": -40.772795188583565,
                "local_fidelity": 0.21153884340572096,
                "remote_fidelity": 1.961552958550915e-18,
                "local_gate_num": 2081
            },
            "logical_phy_map": {
                "0": [
                    0,
                    9
                ],
                "1": [
                    0,
                    8
                ],
                "2": [
                    0,
                    7
                ],
                "3": [
                    0,
                    3
                ],
                "4": [
                    0,
                    6
                ],
                "5": [
                    0,
                    0
                ],
                "6": [
                    0,
                    4
                ],
                "7": [
                    0,
                    1
                ],
                "8": [
                    0,
                    5
                ],
                "9": [
                    0,
                    2
                ],
                "10": [
                    1,
                    9
                ],
                "11": [
                    1,
                    8
                ],
                "12": [
                    1,
                    7
                ],
                "13": [
                    1,
                    3
                ],
                "14": [
                    1,
                    6
                ],
                "15": [
                    1,
                    0
                ],
                "16": [
                    1,
                    4
                ],
                "17": [
                    1,
                    1
                ],
                "18": [
                    1,
                    5
                ],
                "19": [
                    1,
                    2
                ],
                "20": [
                    2,
                    9
                ],
                "21": [
                    2,
                    8
                ],
                "22": [
                    2,
                    6
                ],
                "23": [
                    2,
                    7
                ],
                "24": [
                    2,
                    4
                ],
                "25": [
                    2,
                    3
                ],
                "26": [
                    2,
                    0
                ],
                "27": [
                    2,
                    5
                ],
                "28": [
                    2,
                    1
                ],
                "29": [
                    2,
                    2
                ],
                "30": [
                    3,
                    9
                ],
                "31": [
                    3,
                    8
                ],
                "32": [
                    3,
                    6
                ],
                "33": [
                    3,
                    7
                ],
                "34": [
                    3,
                    4
                ],
                "35": [
                    3,
                    3
                ],
                "36": [
                    3,
                    0
                ],
                "37": [
                    3,
                    5
                ],
                "38": [
                    3,
                    1
                ],
                "39": [
                    3,
                    2
                ]
            },
            "extra_info": null
        }
    ]
}