{
    "total_costs": {
        "num_comms": 503,
        "epairs": 503,
        "total_fidelity_loss": 45.47179809482987,
        "rgeo_mean_fid": 0.9128054523432495,
        "execution_time": 0.44446253776550293,
        "total_fidelity_log_sum": -47.53050144300201,
        "total_fidelity": 2.2791111258590604e-21,
        "remote_hops": 503,
        "remote_swaps": 0,
        "local_fidelity_loss": 1.6390679635081966,
        "remote_fidelity_loss": 43.832730131321675,
        "local_fidelity_log_sum": -1.6405502986561928,
        "remote_fidelity_log_sum": -45.889951144345815,
        "local_fidelity": 0.19387332470026172,
        "remote_fidelity": 1.1755671541624847e-20,
        "local_gate_num": 2138
    },
    "num_records": 1,
    "records": [
        {
            "layer_start": 0,
            "layer_end": 158,
            "partition": [
                [
                    0,
                    1,
                    2,
                    3,
                    4,
                    5,
                    6,
                    7,
                    8,
                    9,
                    10
                ],
                [
                    11,
                    12,
                    13,
                    14,
                    15,
                    16,
                    17,
                    18,
                    19,
                    20,
                    21
                ],
                [
                    22,
                    23,
                    24,
                    25,
                    26,
                    27,
                    28,
                    29,
                    30,
                    31,
                    32
                ],
                [
                    33,
                    34,
                    35,
                    36,
                    37,
                    38,
                    39
                ]
            ],
            "mapping_type": "telegate",
            "costs": {
                "num_comms": 503,
                "epairs": 503,
                "total_fidelity_loss": 45.47179809482987,
                "rgeo_mean_fid": 0.9128054523432495,
                "execution_time": 0.0,
                "total_fidelity_log_sum": -47.53050144300201,
                "total_fidelity": 2.2791111258590604e-21,
                "remote_hops": 503,
                "remote_swaps": 0,
                "local_fidelity_loss": 1.6390679635081966,
                "remote_fidelity_loss": 43.832730131321675,
                "local_fidelity_log_sum": -1.6405502986561928,
                "remote_fidelity_log_sum": -45.889951144345815,
                "local_fidelity": 0.19387332470026172,
                "remote_fidelity": 1.1755671541624847e-20,
                "local_gate_num": 2138
            },
            "logical_phy_map": {
                "0": [
                    0,
                    10
                ],
                "1": [
                    0,
                    9
                ],
                "2": [
                    0,
                    8
                ],
                "3": [
                    0,
                    4
                ],
                "4": [
                    0,
                    7
                ],
                "5": [
                    0,
                    6
                ],
                "6": [
                    0,
                    5
                ],
                "7": [
                    0,
                    0
                ],
                "8": [
                    0,
                    3
                ],
                "9": [
                    0,
                    1
                ],
                "10": [
                    0,
                    2
                ],
                "11": [
                    1,
                    10
                ],
                "12": [
                    1,
                    9
                ],
                "13": [
                    1,
                    8
                ],
                "14": [
                    1,
                    4
                ],
                "15": [
                    1,
                    7
                ],
                "16": [
                    1,
                    6
                ],
                "17": [
                    1,
                    5
                ],
                "18": [
                    1,
                    0
                ],
                "19": [
                    1,
                    3
                ],
                "20": [
                    1,
                    1
                ],
                "21": [
                    1,
                    2
                ],
                "22": [
                    2,
                    0
                ],
                "23": [
                    2,
                    1
                ],
                "24": [
                    2,
                    3
                ],
                "25": [
                    2,
                    2
                ],
                "26": [
                    2,
                    5
                ],
                "27": [
                    2,
                    6
                ],
                "28": [
                    2,
                    10
                ],
                "29": [
                    2,
                    4
                ],
                "30": [
                    2,
                    9
                ],
                "31": [
                    2,
                    7
                ],
                "32": [
                    2,
                    8
                ],
                "33": [
                    3,
                    9
                ],
                "34": [
                    3,
                    8
                ],
                "35": [
                    3,
                    7
                ],
                "36": [
                    3,
                    3
                ],
                "37": [
                    3,
                    4
                ],
                "38": [
                    3,
                    6
                ],
                "39": [
                    3,
                    5
                ]
            },
            "extra_info": null
        }
    ]
}