{
    "total_costs": {
        "num_comms": 309,
        "epairs": 309,
        "total_fidelity_loss": 34.874524636787825,
        "rgeo_mean_fid": 0.9000000000000005,
        "execution_time": 0.5091474056243896,
        "total_fidelity_log_sum": -36.5349013520476,
        "total_fidelity": 1.3586073066818148e-16,
        "remote_hops": 309,
        "remote_swaps": 0,
        "local_fidelity_loss": 3.9745246367876534,
        "remote_fidelity_loss": 30.90000000000017,
        "local_fidelity_log_sum": -3.9785020137794365,
        "remote_fidelity_log_sum": -32.556399338268164,
        "local_fidelity": 0.01871365114339559,
        "remote_fidelity": 7.259979873896996e-15,
        "local_gate_num": 4544
    },
    "num_records": 1,
    "records": [
        {
            "layer_start": 0,
            "layer_end": 158,
            "partition": [
                [
                    0,
                    1,
                    2,
                    3,
                    4,
                    5,
                    6,
                    7,
                    8,
                    9,
                    10,
                    11,
                    12,
                    13,
                    14,
                    15,
                    16,
                    17,
                    18,
                    19
                ],
                [
                    20,
                    21,
                    22,
                    23,
                    24,
                    25,
                    26,
                    27,
                    28,
                    29,
                    30,
                    31,
                    32,
                    33,
                    34,
                    35,
                    36,
                    37,
                    38,
                    39
                ]
            ],
            "mapping_type": "telegate",
            "costs": {
                "num_comms": 309,
                "epairs": 309,
                "total_fidelity_loss": 34.874524636787825,
                "rgeo_mean_fid": 0.9000000000000005,
                "execution_time": 0.0,
                "total_fidelity_log_sum": -36.5349013520476,
                "total_fidelity": 1.3586073066818148e-16,
                "remote_hops": 309,
                "remote_swaps": 0,
                "local_fidelity_loss": 3.9745246367876534,
                "remote_fidelity_loss": 30.90000000000017,
                "local_fidelity_log_sum": -3.9785020137794365,
                "remote_fidelity_log_sum": -32.556399338268164,
                "local_fidelity": 0.01871365114339559,
                "remote_fidelity": 7.259979873896996e-15,
                "local_gate_num": 4544
            },
            "logical_phy_map": {
                "0": [
                    0,
                    19
                ],
                "1": [
                    0,
                    18
                ],
                "2": [
                    0,
                    15
                ],
                "3": [
                    0,
                    16
                ],
                "4": [
                    0,
                    17
                ],
                "5": [
                    0,
                    14
                ],
                "6": [
                    0,
                    12
                ],
                "7": [
                    0,
                    11
                ],
                "8": [
                    0,
                    10
                ],
                "9": [
                    0,
                    13
                ],
                "10": [
                    0,
                    8
                ],
                "11": [
                    0,
                    9
                ],
                "12": [
                    0,
                    6
                ],
                "13": [
                    0,
                    7
                ],
                "14": [
                    0,
                    4
                ],
                "15": [
                    0,
                    3
                ],
                "16": [
                    0,
                    0
                ],
                "17": [
                    0,
                    5
                ],
                "18": [
                    0,
                    1
                ],
                "19": [
                    0,
                    2
                ],
                "20": [
                    1,
                    0
                ],
                "21": [
                    1,
                    1
                ],
                "22": [
                    1,
                    2
                ],
                "23": [
                    1,
                    5
                ],
                "24": [
                    1,
                    4
                ],
                "25": [
                    1,
                    3
                ],
                "26": [
                    1,
                    7
                ],
                "27": [
                    1,
                    6
                ],
                "28": [
                    1,
                    9
                ],
                "29": [
                    1,
                    8
                ],
                "30": [
                    1,
                    13
                ],
                "31": [
                    1,
                    10
                ],
                "32": [
                    1,
                    11
                ],
                "33": [
                    1,
                    12
                ],
                "34": [
                    1,
                    17
                ],
                "35": [
                    1,
                    14
                ],
                "36": [
                    1,
                    19
                ],
                "37": [
                    1,
                    16
                ],
                "38": [
                    1,
                    18
                ],
                "39": [
                    1,
                    15
                ]
            },
            "extra_info": null
        }
    ]
}