{
    "total_costs": {
        "remote_hops": 4,
        "remote_swaps": 0,
        "remote_fidelity_loss": 0.08000000000000007,
        "remote_fidelity": 0.9223681599999999,
        "local_fidelity_loss": 0.029201962620707473,
        "local_fidelity": 0.9711855581493655,
        "execution_time": 0.038034677505493164,
        "num_comms": 4,
        "total_fidelity_loss": 0.10920196262070754,
        "total_fidelity": 0.8957906362888031
    },
    "records": [
        {
            "layer_start": 0,
            "layer_end": 23,
            "partition": [
                [
                    1,
                    2
                ],
                [
                    3,
                    0
                ]
            ],
            "mapping_type": "telegate",
            "costs": {
                "remote_hops": 4,
                "remote_swaps": 0,
                "remote_fidelity_loss": 0.08000000000000007,
                "remote_fidelity": 0.9223681599999999,
                "local_fidelity_loss": 0.029201962620707473,
                "local_fidelity": 0.9711855581493655,
                "execution_time": 0.0,
                "num_comms": 4,
                "total_fidelity_loss": 0.10920196262070754,
                "total_fidelity": 0.8957906362888031
            },
            "extra_info": null
        }
    ]
}