{
    "total_costs": {
        "num_comms": 509,
        "epairs": 509,
        "total_fidelity_loss": 46.84016652496957,
        "rgeo_mean_fid": 0.9113096341261865,
        "execution_time": 0.35694217681884766,
        "total_fidelity_log_sum": -48.99232497377779,
        "total_fidelity": 5.283279762907967e-22,
        "remote_hops": 509,
        "remote_swaps": 0,
        "local_fidelity_loss": 1.7185742166384799,
        "remote_fidelity_loss": 45.12159230833109,
        "local_fidelity_log_sum": -1.720194129234293,
        "remote_fidelity_log_sum": -47.2721308445435,
        "local_fidelity": 0.17903138931125476,
        "remote_fidelity": 2.9510354487182855e-21,
        "local_gate_num": 2108
    },
    "num_records": 1,
    "records": [
        {
            "layer_start": 0,
            "layer_end": 158,
            "partition": [
                [
                    0,
                    1,
                    2,
                    3,
                    4,
                    5,
                    6,
                    7,
                    8,
                    9
                ],
                [
                    10,
                    11,
                    12,
                    13,
                    14,
                    15,
                    16,
                    17,
                    18,
                    19
                ],
                [
                    20,
                    21,
                    22,
                    23,
                    24,
                    25,
                    26,
                    27,
                    28,
                    29
                ],
                [
                    30,
                    31,
                    32,
                    33,
                    34,
                    35,
                    36,
                    37,
                    38,
                    39
                ]
            ],
            "mapping_type": "telegate",
            "costs": {
                "num_comms": 509,
                "epairs": 509,
                "total_fidelity_loss": 46.84016652496957,
                "rgeo_mean_fid": 0.9113096341261865,
                "execution_time": 0.0,
                "total_fidelity_log_sum": -48.99232497377779,
                "total_fidelity": 5.283279762907967e-22,
                "remote_hops": 509,
                "remote_swaps": 0,
                "local_fidelity_loss": 1.7185742166384799,
                "remote_fidelity_loss": 45.12159230833109,
                "local_fidelity_log_sum": -1.720194129234293,
                "remote_fidelity_log_sum": -47.2721308445435,
                "local_fidelity": 0.17903138931125476,
                "remote_fidelity": 2.9510354487182855e-21,
                "local_gate_num": 2108
            },
            "logical_phy_map": {
                "0": [
                    0,
                    9
                ],
                "1": [
                    0,
                    8
                ],
                "2": [
                    0,
                    6
                ],
                "3": [
                    0,
                    7
                ],
                "4": [
                    0,
                    4
                ],
                "5": [
                    0,
                    3
                ],
                "6": [
                    0,
                    0
                ],
                "7": [
                    0,
                    5
                ],
                "8": [
                    0,
                    1
                ],
                "9": [
                    0,
                    2
                ],
                "10": [
                    1,
                    0
                ],
                "11": [
                    1,
                    1
                ],
                "12": [
                    1,
                    2
                ],
                "13": [
                    1,
                    4
                ],
                "14": [
                    1,
                    5
                ],
                "15": [
                    1,
                    9
                ],
                "16": [
                    1,
                    3
                ],
                "17": [
                    1,
                    8
                ],
                "18": [
                    1,
                    6
                ],
                "19": [
                    1,
                    7
                ],
                "20": [
                    2,
                    0
                ],
                "21": [
                    2,
                    1
                ],
                "22": [
                    2,
                    2
                ],
                "23": [
                    2,
                    5
                ],
                "24": [
                    2,
                    3
                ],
                "25": [
                    2,
                    4
                ],
                "26": [
                    2,
                    9
                ],
                "27": [
                    2,
                    6
                ],
                "28": [
                    2,
                    8
                ],
                "29": [
                    2,
                    7
                ],
                "30": [
                    3,
                    9
                ],
                "31": [
                    3,
                    8
                ],
                "32": [
                    3,
                    7
                ],
                "33": [
                    3,
                    6
                ],
                "34": [
                    3,
                    4
                ],
                "35": [
                    3,
                    3
                ],
                "36": [
                    3,
                    0
                ],
                "37": [
                    3,
                    5
                ],
                "38": [
                    3,
                    1
                ],
                "39": [
                    3,
                    2
                ]
            },
            "extra_info": null
        }
    ]
}