{
    "total_costs": {
        "num_comms": 739,
        "epairs": 739,
        "total_fidelity_loss": 62.64195096757782,
        "rgeo_mean_fid": 0.9177229286626857,
        "execution_time": 0.38658976554870605,
        "total_fidelity_log_sum": -65.30358188119064,
        "total_fidelity": 4.355266557376033e-29,
        "remote_hops": 739,
        "remote_swaps": 0,
        "local_fidelity_loss": 1.8512765424607234,
        "remote_fidelity_loss": 60.790674425117096,
        "local_fidelity_log_sum": -1.8532232705569627,
        "remote_fidelity_log_sum": -63.45035861063367,
        "local_fidelity": 0.15673116431375317,
        "remote_fidelity": 2.7788133754033867e-28,
        "local_gate_num": 2135
    },
    "num_records": 1,
    "records": [
        {
            "layer_start": 0,
            "layer_end": 158,
            "partition": [
                [
                    0,
                    1,
                    2,
                    3,
                    4,
                    5,
                    6,
                    7,
                    8,
                    9
                ],
                [
                    10,
                    11,
                    12,
                    13,
                    14,
                    15,
                    16,
                    17,
                    18,
                    19
                ],
                [
                    20,
                    21,
                    22,
                    23,
                    24,
                    25,
                    26,
                    27,
                    28,
                    29
                ],
                [
                    30,
                    31,
                    32,
                    33,
                    34,
                    35,
                    36,
                    37,
                    38,
                    39
                ]
            ],
            "mapping_type": "telegate",
            "costs": {
                "num_comms": 739,
                "epairs": 739,
                "total_fidelity_loss": 62.64195096757782,
                "rgeo_mean_fid": 0.9177229286626857,
                "execution_time": 0.0,
                "total_fidelity_log_sum": -65.30358188119064,
                "total_fidelity": 4.355266557376033e-29,
                "remote_hops": 739,
                "remote_swaps": 0,
                "local_fidelity_loss": 1.8512765424607234,
                "remote_fidelity_loss": 60.790674425117096,
                "local_fidelity_log_sum": -1.8532232705569627,
                "remote_fidelity_log_sum": -63.45035861063367,
                "local_fidelity": 0.15673116431375317,
                "remote_fidelity": 2.7788133754033867e-28,
                "local_gate_num": 2135
            },
            "logical_phy_map": {
                "0": [
                    0,
                    0
                ],
                "1": [
                    0,
                    1
                ],
                "2": [
                    0,
                    2
                ],
                "3": [
                    0,
                    3
                ],
                "4": [
                    0,
                    5
                ],
                "5": [
                    0,
                    4
                ],
                "6": [
                    0,
                    9
                ],
                "7": [
                    0,
                    8
                ],
                "8": [
                    0,
                    6
                ],
                "9": [
                    0,
                    7
                ],
                "10": [
                    1,
                    9
                ],
                "11": [
                    1,
                    6
                ],
                "12": [
                    1,
                    7
                ],
                "13": [
                    1,
                    8
                ],
                "14": [
                    1,
                    4
                ],
                "15": [
                    1,
                    5
                ],
                "16": [
                    1,
                    0
                ],
                "17": [
                    1,
                    3
                ],
                "18": [
                    1,
                    1
                ],
                "19": [
                    1,
                    2
                ],
                "20": [
                    2,
                    0
                ],
                "21": [
                    2,
                    1
                ],
                "22": [
                    2,
                    2
                ],
                "23": [
                    2,
                    4
                ],
                "24": [
                    2,
                    3
                ],
                "25": [
                    2,
                    9
                ],
                "26": [
                    2,
                    5
                ],
                "27": [
                    2,
                    6
                ],
                "28": [
                    2,
                    8
                ],
                "29": [
                    2,
                    7
                ],
                "30": [
                    3,
                    0
                ],
                "31": [
                    3,
                    1
                ],
                "32": [
                    3,
                    2
                ],
                "33": [
                    3,
                    4
                ],
                "34": [
                    3,
                    3
                ],
                "35": [
                    3,
                    9
                ],
                "36": [
                    3,
                    5
                ],
                "37": [
                    3,
                    6
                ],
                "38": [
                    3,
                    8
                ],
                "39": [
                    3,
                    7
                ]
            },
            "extra_info": null
        }
    ]
}