{
    "total_costs": {
        "num_comms": 724,
        "epairs": 724,
        "total_fidelity_loss": 62.0952527931253,
        "rgeo_mean_fid": 0.9170587959700539,
        "execution_time": 0.4691011905670166,
        "total_fidelity_log_sum": -64.77112533135556,
        "total_fidelity": 7.417502168052836e-29,
        "remote_hops": 724,
        "remote_swaps": 0,
        "local_fidelity_loss": 2.0825994238381194,
        "remote_fidelity_loss": 60.01265336928718,
        "local_fidelity_log_sum": -2.0845330195329916,
        "remote_fidelity_log_sum": -62.68659231182257,
        "local_fidelity": 0.12436518271879449,
        "remote_fidelity": 5.964291617554049e-28,
        "local_gate_num": 2617
    },
    "num_records": 1,
    "records": [
        {
            "layer_start": 0,
            "layer_end": 198,
            "partition": [
                [
                    0,
                    1,
                    2,
                    3,
                    4,
                    5,
                    6,
                    7,
                    8,
                    9
                ],
                [
                    10,
                    11,
                    12,
                    13,
                    14,
                    15,
                    16,
                    17,
                    18,
                    19
                ],
                [
                    20,
                    21,
                    22,
                    23,
                    24,
                    25,
                    26,
                    27,
                    28,
                    29
                ],
                [
                    30,
                    31,
                    32,
                    33,
                    34,
                    35,
                    36,
                    37,
                    38,
                    39
                ],
                [
                    40,
                    41,
                    42,
                    43,
                    44,
                    45,
                    46,
                    47,
                    48,
                    49
                ]
            ],
            "mapping_type": "telegate",
            "costs": {
                "num_comms": 724,
                "epairs": 724,
                "total_fidelity_loss": 62.0952527931253,
                "rgeo_mean_fid": 0.9170587959700539,
                "execution_time": 0.0,
                "total_fidelity_log_sum": -64.77112533135556,
                "total_fidelity": 7.417502168052836e-29,
                "remote_hops": 724,
                "remote_swaps": 0,
                "local_fidelity_loss": 2.0825994238381194,
                "remote_fidelity_loss": 60.01265336928718,
                "local_fidelity_log_sum": -2.0845330195329916,
                "remote_fidelity_log_sum": -62.68659231182257,
                "local_fidelity": 0.12436518271879449,
                "remote_fidelity": 5.964291617554049e-28,
                "local_gate_num": 2617
            },
            "logical_phy_map": {
                "0": [
                    0,
                    0
                ],
                "1": [
                    0,
                    1
                ],
                "2": [
                    0,
                    2
                ],
                "3": [
                    0,
                    4
                ],
                "4": [
                    0,
                    5
                ],
                "5": [
                    0,
                    9
                ],
                "6": [
                    0,
                    3
                ],
                "7": [
                    0,
                    8
                ],
                "8": [
                    0,
                    6
                ],
                "9": [
                    0,
                    7
                ],
                "10": [
                    1,
                    0
                ],
                "11": [
                    1,
                    1
                ],
                "12": [
                    1,
                    5
                ],
                "13": [
                    1,
                    2
                ],
                "14": [
                    1,
                    3
                ],
                "15": [
                    1,
                    4
                ],
                "16": [
                    1,
                    9
                ],
                "17": [
                    1,
                    6
                ],
                "18": [
                    1,
                    8
                ],
                "19": [
                    1,
                    7
                ],
                "20": [
                    2,
                    9
                ],
                "21": [
                    2,
                    8
                ],
                "22": [
                    2,
                    7
                ],
                "23": [
                    2,
                    6
                ],
                "24": [
                    2,
                    4
                ],
                "25": [
                    2,
                    3
                ],
                "26": [
                    2,
                    0
                ],
                "27": [
                    2,
                    5
                ],
                "28": [
                    2,
                    1
                ],
                "29": [
                    2,
                    2
                ],
                "30": [
                    3,
                    9
                ],
                "31": [
                    3,
                    8
                ],
                "32": [
                    3,
                    7
                ],
                "33": [
                    3,
                    6
                ],
                "34": [
                    3,
                    4
                ],
                "35": [
                    3,
                    3
                ],
                "36": [
                    3,
                    0
                ],
                "37": [
                    3,
                    5
                ],
                "38": [
                    3,
                    1
                ],
                "39": [
                    3,
                    2
                ],
                "40": [
                    4,
                    9
                ],
                "41": [
                    4,
                    8
                ],
                "42": [
                    4,
                    6
                ],
                "43": [
                    4,
                    7
                ],
                "44": [
                    4,
                    4
                ],
                "45": [
                    4,
                    3
                ],
                "46": [
                    4,
                    0
                ],
                "47": [
                    4,
                    5
                ],
                "48": [
                    4,
                    1
                ],
                "49": [
                    4,
                    2
                ]
            },
            "extra_info": null
        }
    ]
}