{
    "total_costs": {
        "num_comms": 724,
        "epairs": 724,
        "total_fidelity_loss": 65.29085174465074,
        "rgeo_mean_fid": 0.9127462267885301,
        "execution_time": 0.631066083908081,
        "total_fidelity_log_sum": -68.25070741674638,
        "total_fidelity": 2.286095574406345e-30,
        "remote_hops": 724,
        "remote_swaps": 0,
        "local_fidelity_loss": 2.1493632488271004,
        "remote_fidelity_loss": 63.14148849582364,
        "local_fidelity_log_sum": -2.15139535633814,
        "remote_fidelity_log_sum": -66.09931206040824,
        "local_fidelity": 0.11632173421138498,
        "remote_fidelity": 1.9653210897388716e-29,
        "local_gate_num": 2617
    },
    "num_records": 1,
    "records": [
        {
            "layer_start": 0,
            "layer_end": 198,
            "partition": [
                [
                    0,
                    1,
                    2,
                    3,
                    4,
                    5,
                    6,
                    7,
                    8,
                    9
                ],
                [
                    10,
                    11,
                    12,
                    13,
                    14,
                    15,
                    16,
                    17,
                    18,
                    19
                ],
                [
                    20,
                    21,
                    22,
                    23,
                    24,
                    25,
                    26,
                    27,
                    28,
                    29
                ],
                [
                    30,
                    31,
                    32,
                    33,
                    34,
                    35,
                    36,
                    37,
                    38,
                    39
                ],
                [
                    40,
                    41,
                    42,
                    43,
                    44,
                    45,
                    46,
                    47,
                    48,
                    49
                ]
            ],
            "mapping_type": "telegate",
            "costs": {
                "num_comms": 724,
                "epairs": 724,
                "total_fidelity_loss": 65.29085174465074,
                "rgeo_mean_fid": 0.9127462267885301,
                "execution_time": 0.0,
                "total_fidelity_log_sum": -68.25070741674638,
                "total_fidelity": 2.286095574406345e-30,
                "remote_hops": 724,
                "remote_swaps": 0,
                "local_fidelity_loss": 2.1493632488271004,
                "remote_fidelity_loss": 63.14148849582364,
                "local_fidelity_log_sum": -2.15139535633814,
                "remote_fidelity_log_sum": -66.09931206040824,
                "local_fidelity": 0.11632173421138498,
                "remote_fidelity": 1.9653210897388716e-29,
                "local_gate_num": 2617
            },
            "logical_phy_map": {
                "0": [
                    0,
                    0
                ],
                "1": [
                    0,
                    1
                ],
                "2": [
                    0,
                    2
                ],
                "3": [
                    0,
                    5
                ],
                "4": [
                    0,
                    3
                ],
                "5": [
                    0,
                    4
                ],
                "6": [
                    0,
                    9
                ],
                "7": [
                    0,
                    6
                ],
                "8": [
                    0,
                    8
                ],
                "9": [
                    0,
                    7
                ],
                "10": [
                    1,
                    9
                ],
                "11": [
                    1,
                    8
                ],
                "12": [
                    1,
                    6
                ],
                "13": [
                    1,
                    7
                ],
                "14": [
                    1,
                    4
                ],
                "15": [
                    1,
                    3
                ],
                "16": [
                    1,
                    0
                ],
                "17": [
                    1,
                    5
                ],
                "18": [
                    1,
                    1
                ],
                "19": [
                    1,
                    2
                ],
                "20": [
                    2,
                    0
                ],
                "21": [
                    2,
                    1
                ],
                "22": [
                    2,
                    2
                ],
                "23": [
                    2,
                    5
                ],
                "24": [
                    2,
                    3
                ],
                "25": [
                    2,
                    4
                ],
                "26": [
                    2,
                    9
                ],
                "27": [
                    2,
                    6
                ],
                "28": [
                    2,
                    8
                ],
                "29": [
                    2,
                    7
                ],
                "30": [
                    3,
                    0
                ],
                "31": [
                    3,
                    1
                ],
                "32": [
                    3,
                    5
                ],
                "33": [
                    3,
                    2
                ],
                "34": [
                    3,
                    3
                ],
                "35": [
                    3,
                    4
                ],
                "36": [
                    3,
                    9
                ],
                "37": [
                    3,
                    6
                ],
                "38": [
                    3,
                    8
                ],
                "39": [
                    3,
                    7
                ],
                "40": [
                    4,
                    9
                ],
                "41": [
                    4,
                    8
                ],
                "42": [
                    4,
                    7
                ],
                "43": [
                    4,
                    3
                ],
                "44": [
                    4,
                    6
                ],
                "45": [
                    4,
                    0
                ],
                "46": [
                    4,
                    4
                ],
                "47": [
                    4,
                    1
                ],
                "48": [
                    4,
                    5
                ],
                "49": [
                    4,
                    2
                ]
            },
            "extra_info": null
        }
    ]
}