{
    "total_costs": {
        "num_comms": 351,
        "epairs": 351,
        "total_fidelity_loss": 83.60577273022308,
        "rgeo_mean_fid": 0.9300000000000005,
        "execution_time": 2.4082257747650146,
        "total_fidelity_log_sum": -265.2769389313757,
        "total_fidelity": 6.189980001550258e-116,
        "remote_hops": 351,
        "remote_swaps": 0,
        "local_fidelity_loss": 59.03577273022301,
        "remote_fidelity_loss": 24.570000000000075,
        "local_fidelity_log_sum": -239.80462574634868,
        "remote_fidelity_log_sum": -25.472313185027033,
        "local_fidelity": 7.147831457290001e-105,
        "remote_fidelity": 8.659941184311446e-12,
        "local_gate_num": 10116
    },
    "num_records": 1,
    "records": [
        {
            "layer_start": 0,
            "layer_end": 238,
            "partition": [
                [
                    2,
                    3,
                    4,
                    5,
                    6,
                    7,
                    8,
                    9,
                    10,
                    11,
                    12,
                    13,
                    14,
                    15,
                    16,
                    17,
                    18,
                    19,
                    20,
                    21,
                    22,
                    23,
                    24,
                    25,
                    26,
                    0,
                    27,
                    1,
                    28,
                    29,
                    30
                ],
                [
                    33,
                    34,
                    35,
                    36,
                    37,
                    38,
                    39,
                    40,
                    41,
                    42,
                    43,
                    44,
                    45,
                    46,
                    47,
                    48,
                    49,
                    50,
                    51,
                    52,
                    53,
                    54,
                    55,
                    56,
                    57,
                    31,
                    58,
                    32,
                    59
                ]
            ],
            "mapping_type": "telegate",
            "costs": {
                "num_comms": 351,
                "epairs": 351,
                "total_fidelity_loss": 83.60577273022308,
                "rgeo_mean_fid": 0.9300000000000005,
                "execution_time": 0.0,
                "total_fidelity_log_sum": -265.2769389313757,
                "total_fidelity": 6.189980001550258e-116,
                "remote_hops": 351,
                "remote_swaps": 0,
                "local_fidelity_loss": 59.03577273022301,
                "remote_fidelity_loss": 24.570000000000075,
                "local_fidelity_log_sum": -239.80462574634868,
                "remote_fidelity_log_sum": -25.472313185027033,
                "local_fidelity": 7.147831457290001e-105,
                "remote_fidelity": 8.659941184311446e-12,
                "local_gate_num": 10116
            },
            "logical_phy_map": {
                "2": [
                    0,
                    26
                ],
                "3": [
                    0,
                    27
                ],
                "4": [
                    0,
                    28
                ],
                "5": [
                    0,
                    25
                ],
                "6": [
                    0,
                    22
                ],
                "7": [
                    0,
                    23
                ],
                "8": [
                    0,
                    24
                ],
                "9": [
                    0,
                    21
                ],
                "10": [
                    0,
                    14
                ],
                "11": [
                    0,
                    15
                ],
                "12": [
                    0,
                    16
                ],
                "13": [
                    0,
                    17
                ],
                "14": [
                    0,
                    18
                ],
                "15": [
                    0,
                    19
                ],
                "16": [
                    0,
                    20
                ],
                "17": [
                    0,
                    8
                ],
                "18": [
                    0,
                    10
                ],
                "19": [
                    0,
                    6
                ],
                "20": [
                    0,
                    7
                ],
                "21": [
                    0,
                    4
                ],
                "22": [
                    0,
                    5
                ],
                "23": [
                    0,
                    2
                ],
                "24": [
                    0,
                    3
                ],
                "25": [
                    0,
                    0
                ],
                "26": [
                    0,
                    1
                ],
                "0": [
                    0,
                    30
                ],
                "27": [
                    0,
                    11
                ],
                "1": [
                    0,
                    29
                ],
                "28": [
                    0,
                    9
                ],
                "29": [
                    0,
                    12
                ],
                "30": [
                    0,
                    13
                ],
                "33": [
                    1,
                    28
                ],
                "34": [
                    1,
                    25
                ],
                "35": [
                    1,
                    22
                ],
                "36": [
                    1,
                    23
                ],
                "37": [
                    1,
                    24
                ],
                "38": [
                    1,
                    21
                ],
                "39": [
                    1,
                    14
                ],
                "40": [
                    1,
                    15
                ],
                "41": [
                    1,
                    16
                ],
                "42": [
                    1,
                    17
                ],
                "43": [
                    1,
                    18
                ],
                "44": [
                    1,
                    19
                ],
                "45": [
                    1,
                    20
                ],
                "46": [
                    1,
                    10
                ],
                "47": [
                    1,
                    8
                ],
                "48": [
                    1,
                    7
                ],
                "49": [
                    1,
                    6
                ],
                "50": [
                    1,
                    4
                ],
                "51": [
                    1,
                    5
                ],
                "52": [
                    1,
                    2
                ],
                "53": [
                    1,
                    3
                ],
                "54": [
                    1,
                    0
                ],