{
    "total_costs": {
        "remote_hops": 16,
        "remote_swaps": 0,
        "remote_fidelity_loss": 0.3200000000000003,
        "remote_fidelity": 0.7237977205924956,
        "local_fidelity_loss": 0.10012666090826748,
        "local_fidelity": 0.904641504890518,
        "execution_time": 0.09430575370788574,
        "num_comms": 16,
        "total_fidelity_loss": 0.4201266609082678,
        "total_fidelity": 0.6547774591931219
    },
    "records": [
        {
            "layer_start": 0,
            "layer_end": 43,
            "partition": [
                [
                    2,
                    3,
                    4,
                    5
                ],
                [
                    6,
                    7,
                    0,
                    1
                ]
            ],
            "mapping_type": "telegate",
            "costs": {
                "remote_hops": 16,
                "remote_swaps": 0,
                "remote_fidelity_loss": 0.3200000000000003,
                "remote_fidelity": 0.7237977205924956,
                "local_fidelity_loss": 0.10012666090826748,
                "local_fidelity": 0.904641504890518,
                "execution_time": 0.0,
                "num_comms": 16,
                "total_fidelity_loss": 0.4201266609082678,
                "total_fidelity": 0.6547774591931219
            },
            "extra_info": null
        }
    ]
}