{
    "total_costs": {
        "remote_hops": 0,
        "remote_swaps": 11,
        "remote_fidelity_loss": 0.2200000000000002,
        "remote_fidelity": 0.8007313507497957,
        "local_fidelity_loss": 0.09120922767933769,
        "local_fidelity": 0.9127519715108002,
        "execution_time": 0.5157749652862549,
        "num_comms": 11,
        "total_fidelity_loss": 0.3112092276793379,
        "total_fidelity": 0.7308691190473822
    },
    "records": [
        {
            "layer_start": 0,
            "layer_end": 7,
            "partition": [
                [
                    0,
                    1,
                    2,
                    3
                ],
                [
                    4,
                    5,
                    6,
                    7
                ]
            ],
            "mapping_type": "teledata",
            "costs": {
                "remote_hops": 0,
                "remote_swaps": 0,
                "remote_fidelity_loss": 0.0,
                "remote_fidelity": 1.0,
                "local_fidelity_loss": 0.013586034257539415,
                "local_fidelity": 0.9864947236947331,
                "execution_time": 0.0,
                "num_comms": 0,
                "total_fidelity_loss": 0.013586034257539415,
                "total_fidelity": 0.9864947236947331
            },
            "extra_info": null
        },
        {
            "layer_start": 8,
            "layer_end": 11,
            "partition": [
                [
                    0,
                    2,
                    3,
                    7
                ],
                [
                    1,
                    4,
                    5,
                    6
                ]
            ],
            "mapping_type": "teledata",
            "costs": {
                "remote_hops": 0,
                "remote_swaps": 1,
                "remote_fidelity_loss": 0.020000000000000018,
                "remote_fidelity": 0.98,
                "local_fidelity_loss": 0.007677028215821008,
                "local_fidelity": 0.9923453964126256,
                "execution_time": 0.0,
                "num_comms": 1,
                "total_fidelity_loss": 0.027677028215821027,
                "total_fidelity": 0.9724984884843731
            },
            "extra_info": null
        },
        {
            "layer_start": 12,
            "layer_end": 14,
            "partition": [
                [
                    0,
                    2,
                    3,
                    6
                ],
                [
                    1,
                    4,
                    5,
                    7
                ]
            ],
            "mapping_type": "teledata",
            "costs": {
                "remote_hops": 0,
                "remote_swaps": 1,
                "remote_fidelity_loss": 0.020000000000000018,
                "remote_fidelity": 0.98,
                "local_fidelity_loss": 0.007013913213757162,
                "local_fidelity": 0.9930044547391009,
                "execution_time": 0.0,
                "num_comms": 1,
                "total_fidelity_loss": 0.02701391321375718,
                "total_fidelity": 0.9731443656443189
            },
            "extra_info": null
        },
        {
            "layer_start": 15,
            "layer_end": 17,
            "partition": [
                [
                    0,
                    1,
                    6,
                    7
                ],
                [
                    2,
                    3,
                    4,
                    5
                ]
            ],
            "mapping_type": "teledata",
            "costs": {
                "remote_hops": 0,
                "remote_swaps": 2,
                "remote_fidelity_loss": 0.040000000000000036,
                "remote_fidelity": 0.9603999999999999,
                "local_fidelity_loss": 0.007555966092565686,
                "local_fidelity": 0.992466265716767,
                "execution_time": 0.0,
                "num_comms": 2,
                "total_fidelity_loss": 0.047555966092565724,
                "total_fidelity": 0.953164601594383
            },
            "extra_info": null
        },
        {
            "layer_start": 18,
            "layer_end": 20,
            "partition": [
                [
                    0,
                    1,
                    5,
                    6
                ],
                [
                    2,
                    3,
                    4,
                    7
                ]
            ],
            "mapping_type": "teledata",
            "costs": {
                "remote_hops": 0,
                "remote_swaps": 1,
                "remote_fidelity_loss": 0.020000000000000018,
                "remote_fidelity": 0.98,
                "local_fidelity_loss": 0.007317308979638245,
                "local_fidelity": 0.992703181392032,
                "execution_time": 0.0,
                "num_comms": 1,
                "total_fidelity_loss": 0.027317308979638265,
                "total_fidelity": 0.9728491177641913
            },
            "extra_info": null
        },
        {
            "layer_start": 21,
            "layer_end": 24,
            "partition": [
                [
                    0,
                    1,
                    4,
                    5
                ],
                [
                    2,
                    3,
                    6,
                    7
                ]
            ],
            "mapping_type": "teledata",
            "costs": {
                "remote_hops": 0,
                "remote_swaps": 1,
                "remote_fidelity_loss": 0.020000000000000018,
                "remote_fidelity": 0.98,
                "local_fidelity_loss": 0.0076254832684433515,
                "local_fidelity": 0.9923970571294823,
                "execution_time": 0.0,
                "num_comms": 1,
                "total_fidelity_loss": 0.02762548326844337,
                "total_fidelity": 0.9725491159868926
            },
            "extra_info": null
        },
        {
            "layer_start": 25,
            "layer_end": 27,
            "partition": [
                [
                    0,
                    1,
                    3,
                    4
                ],
                [
                    2,
                    5,
                    6,
                    7
                ]
            ],
            "mapping_type": "teledata",
            "costs": {
                "remote_hops": 0,
                "remote_swaps": 1,
                "remote_fidelity_loss": 0.020000000000000018,
                "remote_fidelity": 0.98,
                "local_fidelity_loss": 0.00417795752423036,
                "local_fidelity": 0.9958272230544848,
                "execution_time": 0.0,
                "num_comms": 1,
                "total_fidelity_loss": 0.024177957524230378,
                "total_fidelity": 0.9759106785933951
            },
            "extra_info": null
        },
        {
            "layer_start": 28,
            "layer_end": 30,
            "partition": [
                [
                    0,
                    1,
                    2,
                    5
                ],
                [
                    3,
                    4,
                    6,
                    7
                ]
            ],
            "mapping_type": "teledata",
            "costs": {
                "remote_hops": 0,
                "remote_swaps": 2,
                "remote_fidelity_loss": 0.040000000000000036,
                "remote_fidelity": 0.9603999999999999,
                "local_fidelity_loss": 0.006297755563233341,
                "local_fidelity": 0.9937157665457536,
                "execution_time": 0.0,
                "num_comms": 2,