{
    "total_costs": {
        "num_comms": 702,
        "epairs": 702,
        "total_fidelity_loss": 109.48269542775978,
        "rgeo_mean_fid": 0.9422392649824158,
        "execution_time": 3.964538097381592,
        "total_fidelity_log_sum": -309.552162574152,
        "total_fidelity": 3.6576650525015804e-135,
        "remote_hops": 702,
        "remote_swaps": 0,
        "local_fidelity_loss": 68.93546451950591,
        "remote_fidelity_loss": 40.54723090825387,
        "local_fidelity_log_sum": -267.78594259181466,
        "remote_fidelity_log_sum": -41.766219982337375,
        "local_fidelity": 5.035502328260466e-117,
        "remote_fidelity": 7.263754068732871e-19,
        "local_gate_num": 15102
    },
    "num_records": 1,
    "records": [
        {
            "layer_start": 0,
            "layer_end": 358,
            "partition": [
                [
                    2,
                    3,
                    4,
                    5,
                    6,
                    7,
                    8,
                    9,
                    10,
                    11,
                    12,
                    13,
                    14,
                    15,
                    16,
                    17,
                    18,
                    19,
                    20,
                    21,
                    22,
                    23,
                    24,
                    25,
                    26,
                    0,
                    27,
                    1,
                    28,
                    29,
                    30
                ],
                [
                    33,
                    34,
                    35,
                    36,
                    37,
                    38,
                    39,
                    40,
                    41,
                    42,
                    43,
                    44,
                    45,
                    46,
                    47,
                    48,
                    49,
                    50,
                    51,
                    52,
                    53,
                    54,
                    55,
                    56,
                    57,
                    31,
                    58,
                    32,
                    59,
                    60,
                    61
                ],
                [
                    62,
                    63,
                    64,
                    65,
                    66,
                    67,
                    68,
                    69,
                    70,
                    71,
                    72,
                    73,
                    74,
                    75,
                    76,
                    77,
                    78,
                    79,
                    80,
                    81,
                    82,
                    83,
                    84,
                    85,
                    86,
                    87,
                    88,
                    89
                ]
            ],
            "mapping_type": "telegate",
            "costs": {
                "num_comms": 702,
                "epairs": 702,
                "total_fidelity_loss": 109.48269542775978,
                "rgeo_mean_fid": 0.9422392649824158,
                "execution_time": 0.0,
                "total_fidelity_log_sum": -309.552162574152,
                "total_fidelity": 3.6576650525015804e-135,
                "remote_hops": 702,
                "remote_swaps": 0,
                "local_fidelity_loss": 68.93546451950591,
                "remote_fidelity_loss": 40.54723090825387,
                "local_fidelity_log_sum": -267.78594259181466,
                "remote_fidelity_log_sum": -41.766219982337375,
                "local_fidelity": 5.035502328260466e-117,
                "remote_fidelity": 7.263754068732871e-19,
                "local_gate_num": 15102
            },
            "logical_phy_map": {
                "2": [
                    0,
                    27
                ],
                "3": [
                    0,
                    26
                ],
                "4": [
                    0,
                    28
                ],
                "5": [
                    0,
                    25
                ],
                "6": [
                    0,
                    22
                ],
                "7": [
                    0,
                    23
                ],
                "8": [
                    0,
                    24
                ],
                "9": [
                    0,
                    21
                ],
                "10": [
                    0,
                    14
                ],
                "11": [
                    0,
                    15
                ],
                "12": [
                    0,
                    16
                ],
                "13": [
                    0,
                    17
                ],
                "14": [
                    0,
                    18
                ],
                "15": [
                    0,
                    19
                ],
                "16": [
                    0,
                    20
                ],
                "17": [
                    0,
                    8
                ],
                "18": [
                    0,
                    10
                ],
                "19": [
                    0,
                    6
                ],
                "20": [
                    0,
                    7
                ],
                "21": [
                    0,
                    4
                ],
                "22": [
                    0,
                    5
                ],
                "23": [
                    0,
                    2
                ],
                "24": [
                    0,
                    3
                ],
                "25": [
                    0,
                    0
                ],
                "26": [
                    0,
                    1
                ],
                "0": [
                    0,
                    30
                ],
                "27": [
                    0,
                    11
                ],
                "1": [
                    0,
                    29
                ],
                "28": [
                    0,
                    9
                ],
                "29": [
                    0,
                    12
                ],
                "30": [
                    0,
                    13
                ],
                "33": [
                    1,
                    26
                ],
                "34": [
                    1,
                    27
                ],
                "35": [
                    1,
                    28
                ],
                "36": [
                    1,
                    25
                ],
                "37": [
                    1,
                    22
                ],
                "38": [
                    1,
                    23
                ],
                "39": [
                    1,
                    24
                ],
                "40": [
                    1,
                    21
                ],
                "41": [
                    1,
                    14
                ],
                "42": [
                    1,
                    15
                ],
                "43": [
                    1,
                    16
                ],
                "44": [
                    1,
                    17
                ],
                "45": [
                    1,
                    18
                ],