{
    "total_costs": {
        "num_comms": 702,
        "epairs": 702,
        "total_fidelity_loss": 77.27623152910795,
        "rgeo_mean_fid": 0.9094854080128771,
        "execution_time": 1.4981334209442139,
        "total_fidelity_log_sum": -80.36666630634,
        "total_fidelity": 1.250835775705863e-35,
        "remote_hops": 702,
        "remote_swaps": 0,
        "local_fidelity_loss": 13.748258197107992,
        "remote_fidelity_loss": 63.52797333199995,
        "local_fidelity_log_sum": -13.763486073001143,
        "remote_fidelity_log_sum": -66.60318023333885,
        "local_fidelity": 1.0534015346952715e-06,
        "remote_fidelity": 1.1874254351335316e-29,
        "local_gate_num": 15066
    },
    "num_records": 1,
    "records": [
        {
            "layer_start": 0,
            "layer_end": 358,
            "partition": [
                [
                    0,
                    1,
                    2,
                    3,
                    4,
                    5,
                    6,
                    7,
                    8,
                    9,
                    10,
                    11,
                    12,
                    13,
                    14,
                    15,
                    16,
                    17,
                    18,
                    19,
                    20,
                    21,
                    22,
                    23,
                    24,
                    25,
                    26,
                    27,
                    28,
                    29
                ],
                [
                    30,
                    31,
                    32,
                    33,
                    34,
                    35,
                    36,
                    37,
                    38,
                    39,
                    40,
                    41,
                    42,
                    43,
                    44,
                    45,
                    46,
                    47,
                    48,
                    49,
                    50,
                    51,
                    52,
                    53,
                    54,
                    55,
                    56,
                    57,
                    58,
                    59
                ],
                [
                    60,
                    61,
                    62,
                    63,
                    64,
                    65,
                    66,
                    67,
                    68,
                    69,
                    70,
                    71,
                    72,
                    73,
                    74,
                    75,
                    76,
                    77,
                    78,
                    79,
                    80,
                    81,
                    82,
                    83,
                    84,
                    85,
                    86,
                    87,
                    88,
                    89
                ]
            ],
            "mapping_type": "telegate",
            "costs": {
                "num_comms": 702,
                "epairs": 702,
                "total_fidelity_loss": 77.27623152910795,
                "rgeo_mean_fid": 0.9094854080128771,
                "execution_time": 0.0,
                "total_fidelity_log_sum": -80.36666630634,
                "total_fidelity": 1.250835775705863e-35,
                "remote_hops": 702,
                "remote_swaps": 0,
                "local_fidelity_loss": 13.748258197107992,
                "remote_fidelity_loss": 63.52797333199995,
                "local_fidelity_log_sum": -13.763486073001143,
                "remote_fidelity_log_sum": -66.60318023333885,
                "local_fidelity": 1.0534015346952715e-06,
                "remote_fidelity": 1.1874254351335316e-29,
                "local_gate_num": 15066
            },
            "logical_phy_map": {
                "0": [
                    0,
                    27
                ],
                "1": [
                    0,
                    28
                ],
                "2": [
                    0,
                    29
                ],
                "3": [
                    0,
                    26
                ],
                "4": [
                    0,
                    23
                ],
                "5": [
                    0,
                    24
                ],
                "6": [
                    0,
                    22
                ],
                "7": [
                    0,
                    25
                ],
                "8": [
                    0,
                    20
                ],
                "9": [
                    0,
                    19
                ],
                "10": [
                    0,
                    18
                ],
                "11": [
                    0,
                    21
                ],
                "12": [
                    0,
                    16
                ],
                "13": [
                    0,
                    15
                ],
                "14": [
                    0,
                    14
                ],
                "15": [
                    0,
                    17
                ],
                "16": [
                    0,
                    12
                ],
                "17": [
                    0,
                    13
                ],
                "18": [
                    0,
                    10
                ],
                "19": [
                    0,
                    11
                ],
                "20": [
                    0,
                    8
                ],
                "21": [
                    0,
                    7
                ],
                "22": [
                    0,
                    6
                ],
                "23": [
                    0,
                    9
                ],
                "24": [
                    0,
                    4
                ],
                "25": [
                    0,
                    5
                ],
                "26": [
                    0,
                    0
                ],
                "27": [
                    0,
                    3
                ],
                "28": [
                    0,
                    1
                ],
                "29": [
                    0,
                    2
                ],
                "30": [
                    1,
                    3
                ],
                "31": [
                    1,
                    2
                ],
                "32": [
                    1,
                    1
                ],
                "33": [
                    1,
                    0
                ],
                "34": [
                    1,
                    5
                ],
                "35": [
                    1,
                    4
                ],
                "36": [
                    1,
                    9
                ],
                "37": [
                    1,
                    6
                ],
                "38": [
                    1,
                    7
                ],
                "39": [
                    1,
                    8
                ],
                "40": [
                    1,
                    11
                ],
                "41": [
                    1,
                    10
                ],
                "42": [
                    1,
                    13
                ],
                "43": [
                    1,
                    12
                ],