{
    "total_costs": {
        "num_comms": 1270,
        "epairs": 1270,
        "geo_mean_fidelity": 0.9964420236902816,
        "total_fidelity_loss": 62.43883658971728,
        "total_fidelity": 2.8442263496942793e-28,
        "execution_time": 11.51876711845398,
        "remote_hops": 1270,
        "remote_swaps": 0,
        "local_fidelity": 6.068938334191837e-07,
        "remote_fidelity": 4.686530317288233e-22,
        "local_fidelity_loss": 14.29892281999165,
        "remote_fidelity_loss": 48.13991376972563,
        "local_fidelity_log_sum": -14.314911964941711,
        "remote_fidelity_log_sum": -49.112179541616726,
        "local_gate_num": 16525
    },
    "records": [
        {
            "layer_start": 0,
            "layer_end": 552,
            "partition": [
                [
                    47,
                    48,
                    49,
                    50,
                    51,
                    52,
                    53,
                    54,
                    0,
                    1,
                    18,
                    45,
                    2,
                    3,
                    4,
                    5,
                    6,
                    7,
                    8,
                    9,
                    10,
                    11,
                    12,
                    13,
                    14,
                    15,
                    16,
                    17,
                    19,
                    46
                ],
                [
                    58,
                    60,
                    62,
                    63,
                    64,
                    66,
                    67,
                    68,
                    69,
                    56,
                    20,
                    21,
                    22,
                    23,
                    24,
                    25,
                    26,
                    27,
                    28,
                    29,
                    30,
                    31,
                    32,
                    33,
                    34,
                    55,
                    57,
                    59,
                    61,
                    65
                ],
                [
                    70,
                    71,
                    72,
                    73,
                    74,
                    75,
                    76,
                    77,
                    78,
                    80,
                    81,
                    83,
                    84,
                    85,
                    86,
                    87,
                    88,
                    89,
                    39,
                    40,
                    42,
                    43,
                    44,
                    41,
                    35,
                    36,
                    38,
                    79,
                    82,
                    37
                ]
            ],
            "mapping_type": "telegate",
            "costs": {
                "num_comms": 1270,
                "epairs": 1270,
                "geo_mean_fidelity": 0.9964420236902816,
                "total_fidelity_loss": 62.43883658971728,
                "total_fidelity": 2.8442263496942793e-28,
                "execution_time": 0.0,
                "remote_hops": 1270,
                "remote_swaps": 0,
                "local_fidelity": 6.068938334191837e-07,
                "remote_fidelity": 4.686530317288233e-22,
                "local_fidelity_loss": 14.29892281999165,
                "remote_fidelity_loss": 48.13991376972563,
                "local_fidelity_log_sum": -14.314911964941711,
                "remote_fidelity_log_sum": -49.112179541616726,
                "local_gate_num": 16525
            },
            "extra_info": null
        }
    ]
}