{
    "total_costs": {
        "num_comms": 57,
        "epairs": 57,
        "total_fidelity_log_sum": -4.340039080173067,
        "total_fidelity_loss": 4.193353885857503,
        "geo_mean_fidelity": 0.9916404770373031,
        "total_fidelity": 0.013036018743614333,
        "execution_time": 0.9502086639404297,
        "remote_hops": 57,
        "remote_swaps": 0,
        "local_fidelity": 0.8158623813173791,
        "remote_fidelity": 0.015978207896489818,
        "local_fidelity_loss": 0.20335388585751077,
        "remote_fidelity_loss": 3.9899999999999927,
        "local_fidelity_log_sum": -0.20350958858744797,
        "remote_fidelity_log_sum": -4.13652949158562,
        "local_gate_num": 460
    },
    "num_records": 1,
    "records": [
        {
            "layer_start": 0,
            "layer_end": 92,
            "partition": [
                [
                    1,
                    2,
                    6,
                    9,
                    3
                ],
                [
                    5,
                    8,
                    4,
                    0,
                    7
                ]
            ],
            "mapping_type": "telegate",
            "costs": {
                "num_comms": 57,
                "epairs": 57,
                "total_fidelity_log_sum": -4.340039080173067,
                "total_fidelity_loss": 4.193353885857503,
                "geo_mean_fidelity": 0.9916404770373031,
                "total_fidelity": 0.013036018743614333,
                "execution_time": 0.0,
                "remote_hops": 57,
                "remote_swaps": 0,
                "local_fidelity": 0.8158623813173791,
                "remote_fidelity": 0.015978207896489818,
                "local_fidelity_loss": 0.20335388585751077,
                "remote_fidelity_loss": 3.9899999999999927,
                "local_fidelity_log_sum": -0.20350958858744797,
                "remote_fidelity_log_sum": -4.13652949158562,
                "local_gate_num": 460
            },
            "logical_phy_map": {
                "1": [
                    0,
                    0
                ],
                "2": [
                    0,
                    3
                ],
                "6": [
                    0,
                    4
                ],
                "9": [
                    0,
                    2
                ],
                "3": [
                    0,
                    1
                ],
                "5": [
                    1,
                    0
                ],
                "8": [
                    1,
                    1
                ],
                "4": [
                    1,
                    2
                ],
                "0": [
                    1,
                    4
                ],
                "7": [
                    1,
                    3
                ]
            },
            "extra_info": null
        }
    ]
}