{
    "total_costs": {
        "remote_hops": 6510,
        "remote_swaps": 0,
        "remote_fidelity_loss": 130.1999999999928,
        "remote_fidelity": 7.616452854074161e-58,
        "local_fidelity_loss": 491.08583283494744,
        "local_fidelity": 5.485213762454481e-215,
        "execution_time": 56.52863907814026,
        "num_comms": 6510,
        "total_fidelity_loss": 621.2858328349403,
        "total_fidelity": 4.1777872016253303e-272
    },
    "records": [
        {
            "layer_start": 0,
            "layer_end": 1401,
            "partition": [
                [
                    82,
                    97,
                    24,
                    26,
                    92,
                    81,
                    22,
                    74,
                    4,
                    64,
                    86,
                    95,
                    51,
                    31,
                    87,
                    0,
                    3,
                    29,
                    96,
                    46,
                    57,
                    34,
                    39,
                    47,
                    62,
                    15,
                    78,
                    8,
                    88,
                    58,
                    99,
                    10,
                    84,
                    79,
                    89,
                    37,
                    70,
                    98,
                    7,
                    43,
                    42,
                    53,
                    1,
                    75,
                    9,
                    44,
                    56,
                    76,
                    40,
                    59
                ],
                [
                    66,
                    32,
                    48,
                    73,
                    11,
                    23,
                    28,
                    63,
                    91,
                    12,
                    52,
                    16,
                    36,
                    14,
                    85,
                    65,
                    6,
                    18,
                    13,
                    72,
                    2,
                    5,
                    17,
                    20,
                    35,
                    94,
                    38,
                    67,
                    19,
                    49,
                    83,
                    90,
                    50,
                    60,
                    27,
                    69,
                    55,
                    71,
                    25,
                    45,
                    30,
                    41,
                    21,
                    77,
                    54,
                    68,
                    61,
                    80,
                    33,
                    93
                ]
            ],
            "mapping_type": "telegate",
            "costs": {
                "remote_hops": 6510,
                "remote_swaps": 0,
                "remote_fidelity_loss": 130.1999999999928,
                "remote_fidelity": 7.616452854074161e-58,
                "local_fidelity_loss": 491.08583283494744,
                "local_fidelity": 5.485213762454481e-215,
                "execution_time": 0.0,
                "num_comms": 6510,
                "total_fidelity_loss": 621.2858328349403,
                "total_fidelity": 4.1777872016253303e-272
            },
            "extra_info": null
        }
    ]
}