{
    "total_costs": {
        "num_comms": 25,
        "epairs": 32,
        "total_fidelity_log_sum": -1.0338476469094686,
        "total_fidelity_loss": 1.0227868543735015,
        "geo_mean_fidelity": 0.9981489417646306,
        "total_fidelity": 0.3556359630891609,
        "execution_time": 6.5321362018585205,
        "remote_hops": 18,
        "remote_swaps": 7,
        "local_fidelity": 0.7443620843784055,
        "remote_fidelity": 0.477772807821266,
        "local_fidelity_loss": 0.2949714189993692,
        "remote_fidelity_loss": 0.7278154353741323,
        "local_fidelity_log_sum": -0.2952276899841031,
        "remote_fidelity_log_sum": -0.7386199569253655,
        "local_gate_num": 533
    },
    "records": [
        {
            "layer_start": 0,
            "layer_end": 16,
            "partition": [
                [
                    5,
                    8,
                    0,
                    4,
                    7
                ],
                [
                    9,
                    1,
                    2,
                    3,
                    6
                ]
            ],
            "mapping_type": "telegate",
            "costs": {
                "num_comms": 4,
                "epairs": 4,
                "total_fidelity_log_sum": -0.15948734571034284,
                "total_fidelity_loss": 0.15772366584818096,
                "geo_mean_fidelity": 0.9983400527211889,
                "total_fidelity": 0.8525807561320055,
                "execution_time": 0.0,
                "remote_hops": 4,
                "remote_swaps": 0,
                "local_fidelity": 0.9595334016707164,
                "remote_fidelity": 0.8885368186740684,
                "local_fidelity_loss": 0.04127319618831978,
                "remote_fidelity_loss": 0.11645046965986117,
                "local_fidelity_log_sum": -0.041308152602284334,
                "remote_fidelity_log_sum": -0.1181791931080585,
                "local_gate_num": 92
            },
            "extra_info": null
        },
        {
            "layer_start": 18,
            "layer_end": 19,
            "partition": [
                [
                    8,
                    0,
                    1,
                    4,
                    7
                ],
                [
                    6,
                    2,
                    3,
                    5,
                    9
                ]
            ],
            "mapping_type": "telegate",
            "costs": {
                "num_comms": 2,
                "epairs": 3,
                "total_fidelity_log_sum": -0.06810278114212849,
                "total_fidelity_loss": 0.0672293657288536,
                "geo_mean_fidelity": 0.9943408419442202,
                "total_fidelity": 0.9341644541532714,
                "execution_time": 0.0,
                "remote_hops": 1,
                "remote_swaps": 1,
                "local_fidelity": 0.9910273123998374,
                "remote_fidelity": 0.9426223096628196,
                "local_fidelity_loss": 0.009004130898923025,
                "remote_fidelity_loss": 0.05822523482993058,
                "local_fidelity_log_sum": -0.009013184588099247,
                "remote_fidelity_log_sum": -0.05908959655402925,
                "local_gate_num": 10
            },
            "extra_info": null
        },
        {
            "layer_start": 21,
            "layer_end": 42,
            "partition": [
                [
                    4,
                    8,
                    7,
                    0,
                    1
                ],
                [
                    9,
                    2,
                    5,
                    3,
                    6
                ]
            ],
            "mapping_type": "telegate",
            "costs": {
                "num_comms": 7,
                "epairs": 7,
                "total_fidelity_log_sum": -0.29649518296907895,
                "total_fidelity_loss": 0.2933921425369308,
                "geo_mean_fidelity": 0.9981714566473285,
                "total_fidelity": 0.7434192083287933,
                "execution_time": 0.0,
                "remote_hops": 7,
                "remote_swaps": 0,
                "local_fidelity": 0.9142222318357556,
                "remote_fidelity": 0.8131712207829487,
                "local_fidelity_loss": 0.08960382063217376,
                "remote_fidelity_loss": 0.20378832190475704,
                "local_fidelity_log_sum": -0.08968159502997658,
                "remote_fidelity_log_sum": -0.20681358793910234,
                "local_gate_num": 155
            },
            "extra_info": null
        },
        {
            "layer_start": 45,
            "layer_end": 52,
            "partition": [
                [
                    0,
                    1,
                    2,
                    5,
                    7
                ],
                [
                    3,
                    4,
                    6,
                    8,
                    9
                ]
            ],
            "mapping_type": "teledata",
            "costs": {
                "num_comms": 2,
                "epairs": 4,
                "total_fidelity_log_sum": -0.08804546900167498,
                "total_fidelity_loss": 0.08715381534002593,
                "geo_mean_fidelity": 0.9980453468496701,
                "total_fidelity": 0.9157192389371095,
                "execution_time": 0.0,
                "remote_hops": 0,
                "remote_swaps": 2,
                "local_fidelity": 0.9714593316433032,
                "remote_fidelity": 0.9426223096628196,
                "local_fidelity_loss": 0.02892858051009535,
                "remote_fidelity_loss": 0.05822523482993058,
                "local_fidelity_log_sum": -0.028955872447645734,
                "remote_fidelity_log_sum": -0.05908959655402925,
                "local_gate_num": 43
            },
            "extra_info": null
        },
        {
            "layer_start": 55,
            "layer_end": 71,
            "partition": [
                [
                    0,
                    2,
                    3,
                    6,
                    7
                ],
                [
                    1,
                    4,
                    5,
                    8,
                    9
                ]
            ],
            "mapping_type": "teledata",
            "costs": {
                "num_comms": 2,
                "epairs": 4,
                "total_fidelity_log_sum": -0.12852708281486222,
                "total_fidelity_loss": 0.12760191615450778,
                "geo_mean_fidelity": 0.9988215473725456,
                "total_fidelity": 0.8793897457462304,
                "execution_time": 0.0,
                "remote_hops": 0,
                "remote_swaps": 2,
                "local_fidelity": 0.9329184517824454,
                "remote_fidelity": 0.9426223096628196,
                "local_fidelity_loss": 0.06937668132457718,
                "remote_fidelity_loss": 0.05822523482993058,
                "local_fidelity_log_sum": -0.06943748626083297,
                "remote_fidelity_log_sum": -0.05908959655402925,
                "local_gate_num": 107
            },
            "extra_info": null
        },
        {
            "layer_start": 72,
            "layer_end": 95,
            "partition": [
                [
                    7,
                    9,
                    0,
                    1,
                    3
                ],
                [
                    4,
                    2,
                    8,
                    5,
                    6
                ]
            ],
            "mapping_type": "telegate",
            "costs": {
                "num_comms": 8,
                "epairs": 10,
                "total_fidelity_log_sum": -0.29318978527138123,