{
    "total_costs": {
        "num_comms": 57,
        "epairs": 57,
        "geo_mean_fidelity": 0.997110906027751,
        "total_fidelity_loss": 1.5095051519053524,
        "total_fidelity": 0.21767412644008446,
        "execution_time": 0.6210696697235107,
        "remote_hops": 57,
        "remote_swaps": 0,
        "local_fidelity": 0.8119553415201474,
        "remote_fidelity": 0.2680863285320024,
        "local_fidelity_loss": 0.20814458601185912,
        "remote_fidelity_loss": 1.3013605658934932,
        "local_fidelity_log_sum": -0.20830993846080914,
        "remote_fidelity_log_sum": -1.316446228953169,
        "local_gate_num": 470
    },
    "records": [
        {
            "layer_start": 0,
            "layer_end": 92,
            "partition": [
                [
                    1,
                    2,
                    6,
                    9,
                    3
                ],
                [
                    5,
                    8,
                    4,
                    0,
                    7
                ]
            ],
            "mapping_type": "telegate",
            "costs": {
                "num_comms": 57,
                "epairs": 57,
                "geo_mean_fidelity": 0.997110906027751,
                "total_fidelity_loss": 1.5095051519053524,
                "total_fidelity": 0.21767412644008446,
                "execution_time": 0.0,
                "remote_hops": 57,
                "remote_swaps": 0,
                "local_fidelity": 0.8119553415201474,
                "remote_fidelity": 0.2680863285320024,
                "local_fidelity_loss": 0.20814458601185912,
                "remote_fidelity_loss": 1.3013605658934932,
                "local_fidelity_log_sum": -0.20830993846080914,
                "remote_fidelity_log_sum": -1.316446228953169,
                "local_gate_num": 470
            },
            "extra_info": null
        }
    ]
}