{
    "total_costs": {
        "num_comms": 10734,
        "epairs": 10734,
        "total_fidelity_loss": 944.7424636700506,
        "rgeo_mean_fid": 0.9166994003457067,
        "execution_time": 35.16608929634094,
        "total_fidelity_log_sum": -984.4889139017661,
        "total_fidelity": 0.0,
        "remote_hops": 10734,
        "remote_swaps": 0,
        "local_fidelity_loss": 50.83805745517809,
        "remote_fidelity_loss": 893.9044062148726,
        "local_fidelity_log_sum": -50.8920918814078,
        "remote_fidelity_log_sum": -933.5968220203582,
        "local_fidelity": 7.903970731603468e-23,
        "remote_fidelity": 2.5e-323,
        "local_gate_num": 64477
    },
    "num_records": 1,
    "records": [
        {
            "layer_start": 0,
            "layer_end": 1002,
            "partition": [
                [
                    2,
                    8,
                    10,
                    12,
                    13,
                    52,
                    36,
                    87,
                    40,
                    66,
                    80,
                    1,
                    68,
                    50,
                    6,
                    82,
                    78,
                    84,
                    93,
                    30
                ],
                [
                    21,
                    23,
                    25,
                    28,
                    33,
                    37,
                    38,
                    71,
                    14,
                    54,
                    5,
                    48,
                    7,
                    96,
                    17,
                    49,
                    60,
                    73,
                    79,
                    11
                ],
                [
                    42,
                    44,
                    51,
                    53,
                    56,
                    58,
                    59,
                    34,
                    4,
                    67,
                    75,
                    9,
                    98,
                    89,
                    95,
                    99,
                    72,
                    31,
                    0,
                    97
                ],
                [
                    62,
                    65,
                    76,
                    77,
                    26,
                    46,
                    81,
                    15,
                    86,
                    88,
                    20,
                    94,
                    39,
                    92,
                    3,
                    83,
                    63,
                    35,
                    27,
                    70
                ],
                [
                    47,
                    24,
                    16,
                    29,
                    74,
                    41,
                    90,
                    32,
                    45,
                    69,
                    43,
                    18,
                    19,
                    61,
                    22,
                    85,
                    64,
                    57,
                    91,
                    55
                ]
            ],
            "mapping_type": "telegate",
            "costs": {
                "num_comms": 10734,
                "epairs": 10734,
                "total_fidelity_loss": 944.7424636700506,
                "rgeo_mean_fid": 0.9166994003457067,
                "execution_time": 0.0,
                "total_fidelity_log_sum": -984.4889139017661,
                "total_fidelity": 0.0,
                "remote_hops": 10734,
                "remote_swaps": 0,
                "local_fidelity_loss": 50.83805745517809,
                "remote_fidelity_loss": 893.9044062148726,
                "local_fidelity_log_sum": -50.8920918814078,
                "remote_fidelity_log_sum": -933.5968220203582,
                "local_fidelity": 7.903970731603468e-23,
                "remote_fidelity": 2.5e-323,
                "local_gate_num": 64477
            },
            "logical_phy_map": {
                "2": [
                    0,
                    19
                ],
                "8": [
                    0,
                    1
                ],
                "10": [
                    0,
                    16
                ],
                "12": [
                    0,
                    8
                ],
                "13": [
                    0,
                    10
                ],
                "52": [
                    0,
                    11
                ],
                "36": [
                    0,
                    3
                ],
                "87": [
                    0,
                    17
                ],
                "40": [
                    0,
                    2
                ],
                "66": [
                    0,
                    18
                ],
                "80": [
                    0,
                    14
                ],
                "1": [
                    0,
                    12
                ],
                "68": [
                    0,
                    6
                ],
                "50": [
                    0,
                    7
                ],
                "6": [
                    0,
                    0
                ],
                "82": [
                    0,
                    15
                ],
                "78": [
                    0,
                    9
                ],
                "84": [
                    0,
                    13
                ],
                "93": [
                    0,
                    5
                ],
                "30": [
                    0,
                    4
                ],
                "21": [
                    1,
                    9
                ],
                "23": [
                    1,
                    8
                ],
                "25": [
                    1,
                    5
                ],
                "28": [
                    1,
                    0
                ],
                "33": [
                    1,
                    14
                ],
                "37": [
                    1,
                    1
                ],
                "38": [
                    1,
                    19
                ],
                "71": [
                    1,
                    3
                ],
                "14": [
                    1,
                    6
                ],
                "54": [
                    1,
                    17
                ],
                "5": [
                    1,
                    16
                ],
                "48": [
                    1,
                    13
                ],
                "7": [
                    1,
                    12
                ],
                "96": [
                    1,
                    2
                ],
                "17": [
                    1,
                    4
                ],
                "49": [
                    1,
                    18
                ],
                "60": [
                    1,
                    7
                ],
                "73": [
                    1,
                    15
                ],
                "79": [
                    1,
                    10
                ],
                "11": [
                    1,
                    11
                ],
                "42": [
                    2,
                    10
                ],