{
    "total_costs": {
        "num_comms": 57,
        "epairs": 57,
        "total_fidelity_log_sum": -2.2877819122549283,
        "total_fidelity_loss": 2.2507981537252513,
        "geo_mean_fidelity": 0.99540739548679,
        "total_fidelity": 0.1014913290472973,
        "execution_time": 0.764758825302124,
        "remote_hops": 57,
        "remote_swaps": 0,
        "local_fidelity": 0.7967646718341413,
        "remote_fidelity": 0.12737930362005842,
        "local_fidelity_loss": 0.22701310350061912,
        "remote_fidelity_loss": 2.023785050224632,
        "local_fidelity_log_sum": -0.2271959112522415,
        "remote_fidelity_log_sum": -2.0605860010026866,
        "local_gate_num": 440
    },
    "records": [
        {
            "layer_start": 0,
            "layer_end": 92,
            "partition": [
                [
                    1,
                    2,
                    6,
                    9,
                    3
                ],
                [
                    5,
                    8,
                    4,
                    0,
                    7
                ]
            ],
            "mapping_type": "telegate",
            "costs": {
                "num_comms": 57,
                "epairs": 57,
                "total_fidelity_log_sum": -2.2877819122549283,
                "total_fidelity_loss": 2.2507981537252513,
                "geo_mean_fidelity": 0.99540739548679,
                "total_fidelity": 0.1014913290472973,
                "execution_time": 0.0,
                "remote_hops": 57,
                "remote_swaps": 0,
                "local_fidelity": 0.7967646718341413,
                "remote_fidelity": 0.12737930362005842,
                "local_fidelity_loss": 0.22701310350061912,
                "remote_fidelity_loss": 2.023785050224632,
                "local_fidelity_log_sum": -0.2271959112522415,
                "remote_fidelity_log_sum": -2.0605860010026866,
                "local_gate_num": 440
            },
            "extra_info": null
        }
    ]
}