{
    "total_costs": {
        "num_comms": 14967,
        "epairs": 14967,
        "total_fidelity_log_sum": -1904.5242443144616,
        "total_fidelity_loss": 1153.6085474939632,
        "geo_mean_fidelity": 0.9881948644976698,
        "total_fidelity": 0.0,
        "execution_time": 71.98129510879517,
        "remote_hops": 14967,
        "remote_swaps": 0,
        "local_fidelity": 0.0,
        "remote_fidelity": 4e-323,
        "local_fidelity_loss": 324.04321269521785,
        "remote_fidelity_loss": 829.5653347987454,
        "local_fidelity_log_sum": -1050.824368441575,
        "remote_fidelity_log_sum": -853.6998758728865,
        "local_gate_num": 145409
    },
    "num_records": 1,
    "records": [
        {
            "layer_start": 0,
            "layer_end": 1202,
            "partition": [
                [
                    28,
                    109,
                    108,
                    16,
                    49,
                    99,
                    107,
                    5,
                    44,
                    1,
                    19,
                    58,
                    78,
                    20,
                    71,
                    26,
                    75,
                    11,
                    22,
                    52,
                    64,
                    37,
                    94,
                    36,
                    48,
                    35,
                    65,
                    47,
                    111,
                    116,
                    29
                ],
                [
                    21,
                    87,
                    88,
                    23,
                    89,
                    91,
                    7,
                    24,
                    3,
                    14,
                    46,
                    76,
                    27,
                    83,
                    66,
                    74,
                    15,
                    72,
                    30,
                    56,
                    59,
                    105,
                    8,
                    43,
                    113,
                    2,
                    98,
                    101,
                    73,
                    104,
                    10
                ],
                [
                    67,
                    80,
                    33,
                    118,
                    90,
                    97,
                    77,
                    62,
                    0,
                    18,
                    31,
                    45,
                    69,
                    119,
                    38,
                    103,
                    50,
                    79,
                    9,
                    55,
                    51,
                    42,
                    95,
                    70,
                    86,
                    60,
                    63,
                    117,
                    12,
                    41,
                    40
                ],
                [
                    39,
                    13,
                    34,
                    25,
                    68,
                    81,
                    106,
                    102,
                    110,
                    6,
                    112,
                    85,
                    4,
                    61,
                    92,
                    114,
                    53,
                    115,
                    84,
                    100,
                    32,
                    93,
                    57,
                    17,
                    82,
                    54,
                    96
                ]
            ],
            "mapping_type": "telegate",
            "costs": {
                "num_comms": 14967,
                "epairs": 14967,
                "total_fidelity_log_sum": -1904.5242443144616,
                "total_fidelity_loss": 1153.6085474939632,
                "geo_mean_fidelity": 0.9881948644976698,
                "total_fidelity": 0.0,
                "execution_time": 0.0,
                "remote_hops": 14967,
                "remote_swaps": 0,
                "local_fidelity": 0.0,
                "remote_fidelity": 4e-323,
                "local_fidelity_loss": 324.04321269521785,
                "remote_fidelity_loss": 829.5653347987454,
                "local_fidelity_log_sum": -1050.824368441575,
                "remote_fidelity_log_sum": -853.6998758728865,
                "local_gate_num": 145409
            },
            "logical_phy_map": {
                "28": [
                    0,
                    22
                ],
                "109": [
                    0,
                    10
                ],
                "108": [
                    0,
                    8
                ],
                "16": [
                    0,
                    11
                ],
                "49": [
                    0,
                    1
                ],
                "99": [
                    0,
                    28
                ],
                "107": [
                    0,
                    16
                ],
                "5": [
                    0,
                    7
                ],
                "44": [
                    0,
                    20
                ],
                "1": [
                    0,
                    30
                ],
                "19": [
                    0,
                    4
                ],
                "58": [
                    0,
                    6
                ],
                "78": [
                    0,
                    29
                ],
                "20": [
                    0,
                    5
                ],
                "71": [
                    0,
                    9
                ],
                "26": [
                    0,
                    13
                ],
                "75": [
                    0,
                    3
                ],
                "11": [
                    0,
                    21
                ],
                "22": [
                    0,
                    18
                ],
                "52": [
                    0,
                    24
                ],
                "64": [
                    0,
                    19
                ],
                "37": [
                    0,
                    23
                ],
                "94": [
                    0,
                    25
                ],
                "36": [
                    0,
                    27
                ],
                "48": [
                    0,
                    14
                ],
                "35": [
                    0,
                    17
                ],
                "65": [
                    0,
                    2
                ],
                "47": [
                    0,
                    0
                ],
                "111": [
                    0,
                    12
                ],
                "116": [
                    0,
                    26
                ],
                "29": [
                    0,
                    15
                ],
                "21": [
                    1,
                    24
                ],
                "87": [
                    1,
                    19
                ],
                "88": [
                    1,
                    0
                ],
                "23": [
                    1,
                    22
                ],
                "89": [
                    1,
                    25
                ],