{
    "total_costs": {
        "num_comms": 14568,
        "epairs": 14568,
        "total_fidelity_loss": 1009.6539356727889,
        "rgeo_mean_fid": 0.9397148025854205,
        "execution_time": 56.63454222679138,
        "total_fidelity_log_sum": -1037.6892994897923,
        "total_fidelity": 0.0,
        "remote_hops": 14568,
        "remote_swaps": 0,
        "local_fidelity_loss": 131.7259301621086,
        "remote_fidelity_loss": 877.9280055106802,
        "local_fidelity_log_sum": -131.86779435585305,
        "remote_fidelity_log_sum": -905.8215051339392,
        "local_fidelity": 5.377056135917854e-58,
        "remote_fidelity": 3.5e-323,
        "local_gate_num": 145074
    },
    "num_records": 1,
    "records": [
        {
            "layer_start": 0,
            "layer_end": 1202,
            "partition": [
                [
                    76,
                    5,
                    48,
                    35,
                    108,
                    72,
                    97,
                    16,
                    22,
                    95,
                    38,
                    2,
                    27,
                    58,
                    88,
                    83,
                    111,
                    26,
                    49,
                    41,
                    106,
                    65,
                    85,
                    28,
                    45,
                    60,
                    94,
                    59,
                    47,
                    66
                ],
                [
                    8,
                    25,
                    73,
                    74,
                    39,
                    34,
                    55,
                    4,
                    93,
                    0,
                    6,
                    63,
                    75,
                    107,
                    110,
                    33,
                    61,
                    11,
                    92,
                    96,
                    101,
                    54,
                    117,
                    102,
                    112,
                    12,
                    50,
                    70,
                    104,
                    69
                ],
                [
                    40,
                    42,
                    82,
                    118,
                    10,
                    87,
                    23,
                    89,
                    44,
                    64,
                    91,
                    9,
                    79,
                    109,
                    3,
                    18,
                    7,
                    51,
                    15,
                    31,
                    71,
                    99,
                    80,
                    98,
                    30,
                    36,
                    90,
                    119,
                    19,
                    103
                ],
                [
                    53,
                    14,
                    46,
                    68,
                    116,
                    24,
                    77,
                    100,
                    78,
                    37,
                    17,
                    52,
                    1,
                    13,
                    29,
                    62,
                    67,
                    113,
                    21,
                    105,
                    32,
                    114,
                    43,
                    84,
                    81,
                    115,
                    56,
                    57,
                    86,
                    20
                ]
            ],
            "mapping_type": "telegate",
            "costs": {
                "num_comms": 14568,
                "epairs": 14568,
                "total_fidelity_loss": 1009.6539356727889,
                "rgeo_mean_fid": 0.9397148025854205,
                "execution_time": 0.0,
                "total_fidelity_log_sum": -1037.6892994897923,
                "total_fidelity": 0.0,
                "remote_hops": 14568,
                "remote_swaps": 0,
                "local_fidelity_loss": 131.7259301621086,
                "remote_fidelity_loss": 877.9280055106802,
                "local_fidelity_log_sum": -131.86779435585305,
                "remote_fidelity_log_sum": -905.8215051339392,
                "local_fidelity": 5.377056135917854e-58,
                "remote_fidelity": 3.5e-323,
                "local_gate_num": 145074
            },
            "logical_phy_map": {
                "76": [
                    0,
                    16
                ],
                "5": [
                    0,
                    19
                ],
                "48": [
                    0,
                    20
                ],
                "35": [
                    0,
                    0
                ],
                "108": [
                    0,
                    25
                ],
                "72": [
                    0,
                    11
                ],
                "97": [
                    0,
                    3
                ],
                "16": [
                    0,
                    4
                ],
                "22": [
                    0,
                    9
                ],
                "95": [
                    0,
                    15
                ],
                "38": [
                    0,
                    27
                ],
                "2": [
                    0,
                    2
                ],
                "27": [
                    0,
                    26
                ],
                "58": [
                    0,
                    10
                ],
                "88": [
                    0,
                    6
                ],
                "83": [
                    0,
                    1
                ],
                "111": [
                    0,
                    12
                ],
                "26": [
                    0,
                    28
                ],
                "49": [
                    0,
                    8
                ],
                "41": [
                    0,
                    13
                ],
                "106": [
                    0,
                    29
                ],
                "65": [
                    0,
                    7
                ],
                "85": [
                    0,
                    18
                ],
                "28": [
                    0,
                    21
                ],
                "45": [
                    0,
                    23
                ],
                "60": [
                    0,
                    5
                ],
                "94": [
                    0,
                    24
                ],
                "59": [
                    0,
                    14
                ],
                "47": [
                    0,
                    17
                ],
                "66": [
                    0,
                    22
                ],
                "8": [
                    1,
                    14
                ],
                "25": [
                    1,
                    29
                ],
                "73": [
                    1,
                    3
                ],
                "74": [
                    1,
                    12
                ],
                "39": [
                    1,
                    24
                ],
                "34": [
                    1,
                    15
                ],