{
    "total_costs": {
        "num_comms": 14214,
        "epairs": 14214,
        "total_fidelity_log_sum": -1030.651691291855,
        "total_fidelity_loss": 1008.429720756245,
        "geo_mean_fidelity": 0.9947247454833301,
        "total_fidelity": 0.0,
        "execution_time": 55.12721276283264,
        "remote_hops": 14214,
        "remote_swaps": 0,
        "local_fidelity": 4.161883537472609e-111,
        "remote_fidelity": 4e-323,
        "local_fidelity_loss": 253.08415356245777,
        "remote_fidelity_loss": 755.3455671937872,
        "local_fidelity_log_sum": -254.16097757718998,
        "remote_fidelity_log_sum": -776.490713714665,
        "local_gate_num": 180645
    },
    "num_records": 1,
    "records": [
        {
            "layer_start": 0,
            "layer_end": 1202,
            "partition": [
                [
                    46,
                    73,
                    45,
                    69,
                    111,
                    27,
                    50,
                    74,
                    11,
                    33,
                    49,
                    97,
                    43,
                    77,
                    55,
                    93,
                    3,
                    66,
                    35,
                    4,
                    12,
                    41,
                    86,
                    63,
                    105,
                    8,
                    59,
                    14,
                    56,
                    72,
                    76,
                    21,
                    83,
                    88,
                    112
                ],
                [
                    75,
                    28,
                    22,
                    53,
                    20,
                    52,
                    109,
                    102,
                    108,
                    2,
                    39,
                    25,
                    48,
                    6,
                    106,
                    34,
                    114,
                    78,
                    90,
                    26,
                    65,
                    61,
                    117,
                    60,
                    101,
                    54,
                    116,
                    62,
                    47,
                    92,
                    29,
                    107,
                    118,
                    16,
                    96
                ],
                [
                    98,
                    58,
                    19,
                    80,
                    85,
                    0,
                    7,
                    23,
                    36,
                    94,
                    119,
                    18,
                    103,
                    40,
                    71,
                    64,
                    82,
                    5,
                    15,
                    42,
                    89,
                    91,
                    99,
                    10,
                    44,
                    51,
                    31,
                    110,
                    79,
                    87,
                    30,
                    113,
                    104,
                    70,
                    95
                ],
                [
                    84,
                    81,
                    100,
                    9,
                    67,
                    38,
                    1,
                    17,
                    24,
                    68,
                    32,
                    57,
                    37,
                    115,
                    13
                ]
            ],
            "mapping_type": "telegate",
            "costs": {
                "num_comms": 14214,
                "epairs": 14214,
                "total_fidelity_log_sum": -1030.651691291855,
                "total_fidelity_loss": 1008.429720756245,
                "geo_mean_fidelity": 0.9947247454833301,
                "total_fidelity": 0.0,
                "execution_time": 0.0,
                "remote_hops": 14214,
                "remote_swaps": 0,
                "local_fidelity": 4.161883537472609e-111,
                "remote_fidelity": 4e-323,
                "local_fidelity_loss": 253.08415356245777,
                "remote_fidelity_loss": 755.3455671937872,
                "local_fidelity_log_sum": -254.16097757718998,
                "remote_fidelity_log_sum": -776.490713714665,
                "local_gate_num": 180645
            },
            "logical_phy_map": {
                "46": [
                    0,
                    17
                ],
                "73": [
                    0,
                    32
                ],
                "45": [
                    0,
                    7
                ],
                "69": [
                    0,
                    24
                ],
                "111": [
                    0,
                    2
                ],
                "27": [
                    0,
                    16
                ],
                "50": [
                    0,
                    30
                ],
                "74": [
                    0,
                    22
                ],
                "11": [
                    0,
                    9
                ],
                "33": [
                    0,
                    28
                ],
                "49": [
                    0,
                    18
                ],
                "97": [
                    0,
                    11
                ],
                "43": [
                    0,
                    29
                ],
                "77": [
                    0,
                    14
                ],
                "55": [
                    0,
                    34
                ],
                "93": [
                    0,
                    23
                ],
                "3": [
                    0,
                    0
                ],
                "66": [
                    0,
                    6
                ],
                "35": [
                    0,
                    10
                ],
                "4": [
                    0,
                    19
                ],
                "12": [
                    0,
                    20
                ],
                "41": [
                    0,
                    21
                ],
                "86": [
                    0,
                    12
                ],
                "63": [
                    0,
                    15
                ],
                "105": [
                    0,
                    27
                ],
                "8": [
                    0,
                    8
                ],
                "59": [
                    0,
                    26
                ],
                "14": [
                    0,
                    4
                ],
                "56": [
                    0,
                    31
                ],
                "72": [
                    0,
                    1
                ],
                "76": [
                    0,
                    25
                ],
                "21": [
                    0,
                    5
                ],
                "83": [
                    0,
                    33
                ],
                "88": [
                    0,
                    3
                ],
                "112": [
                    0,
                    13
                ],
                "75": [
                    1,
                    29
                ],