{
    "total_costs": {
        "num_comms": 12843,
        "epairs": 12843,
        "total_fidelity_loss": 1408.841682041516,
        "rgeo_mean_fid": 0.9080953122131229,
        "execution_time": 67.70031976699829,
        "total_fidelity_log_sum": -1467.2083820400967,
        "total_fidelity": 0.0,
        "remote_hops": 12843,
        "remote_swaps": 0,
        "local_fidelity_loss": 228.83040810841123,
        "remote_fidelity_loss": 1180.0112739331048,
        "local_fidelity_log_sum": -229.06693967291596,
        "remote_fidelity_log_sum": -1238.1414423671806,
        "local_fidelity": 3.29224474910999e-100,
        "remote_fidelity": 2.5e-323,
        "local_gate_num": 255965
    },
    "num_records": 1,
    "records": [
        {
            "layer_start": 0,
            "layer_end": 1202,
            "partition": [
                [
                    0,
                    1,
                    4,
                    7,
                    8,
                    9,
                    10,
                    11,
                    12,
                    13,
                    17,
                    23,
                    24,
                    25,
                    29,
                    30,
                    32,
                    33,
                    34,
                    38,
                    39,
                    68,
                    112,
                    53,
                    40,
                    100,
                    108,
                    67,
                    96,
                    63,
                    69,
                    74,
                    86,
                    44,
                    70,
                    50,
                    77,
                    103,
                    104,
                    81
                ],
                [
                    41,
                    42,
                    43,
                    46,
                    47,
                    49,
                    52,
                    58,
                    59,
                    64,
                    65,
                    71,
                    72,
                    75,
                    76,
                    78,
                    88,
                    14,
                    89,
                    15,
                    27,
                    102,
                    21,
                    19,
                    22,
                    111,
                    109,
                    113,
                    105,
                    20,
                    116,
                    37,
                    98,
                    2,
                    36,
                    28,
                    107,
                    57,
                    3,
                    117
                ],
                [
                    80,
                    82,
                    83,
                    84,
                    85,
                    87,
                    90,
                    91,
                    92,
                    93,
                    94,
                    95,
                    97,
                    99,
                    101,
                    106,
                    110,
                    114,
                    115,
                    118,
                    119,
                    54,
                    16,
                    79,
                    60,
                    18,
                    51,
                    5,
                    55,
                    45,
                    73,
                    62,
                    31,
                    66,
                    48,
                    26,
                    35,
                    56,
                    6,
                    61
                ]
            ],
            "mapping_type": "telegate",
            "costs": {
                "num_comms": 12843,
                "epairs": 12843,
                "total_fidelity_loss": 1408.841682041516,
                "rgeo_mean_fid": 0.9080953122131229,
                "execution_time": 0.0,
                "total_fidelity_log_sum": -1467.2083820400967,
                "total_fidelity": 0.0,
                "remote_hops": 12843,
                "remote_swaps": 0,
                "local_fidelity_loss": 228.83040810841123,
                "remote_fidelity_loss": 1180.0112739331048,
                "local_fidelity_log_sum": -229.06693967291596,
                "remote_fidelity_log_sum": -1238.1414423671806,
                "local_fidelity": 3.29224474910999e-100,
                "remote_fidelity": 2.5e-323,
                "local_gate_num": 255965
            },
            "logical_phy_map": {
                "0": [
                    0,
                    38
                ],
                "1": [
                    0,
                    26
                ],
                "4": [
                    0,
                    33
                ],
                "7": [
                    0,
                    15
                ],
                "8": [
                    0,
                    16
                ],
                "9": [
                    0,
                    28
                ],
                "10": [
                    0,
                    25
                ],
                "11": [
                    0,
                    17
                ],
                "12": [
                    0,
                    30
                ],
                "13": [
                    0,
                    19
                ],
                "17": [
                    0,
                    27
                ],
                "23": [
                    0,
                    3
                ],
                "24": [
                    0,
                    35
                ],
                "25": [
                    0,
                    34
                ],
                "29": [
                    0,
                    9
                ],
                "30": [
                    0,
                    23
                ],
                "32": [
                    0,
                    14
                ],
                "33": [
                    0,
                    2
                ],
                "34": [
                    0,
                    22
                ],
                "38": [
                    0,
                    21
                ],
                "39": [
                    0,
                    39
                ],
                "68": [
                    0,
                    6
                ],
                "112": [
                    0,
                    10
                ],
                "53": [
                    0,
                    36
                ],
                "40": [
                    0,
                    20
                ],
                "100": [
                    0,
                    12
                ],
                "108": [
                    0,
                    37
                ],
                "67": [
                    0,
                    31
                ],
                "96": [
                    0,
                    18
                ],
                "63": [
                    0,
                    7
                ],
                "69": [
                    0,
                    24
                ],
                "74": [
                    0,
                    29
                ],
                "86": [
                    0,
                    11
                ],
                "44": [
                    0,
                    8
                ],
                "70": [
                    0,
                    32
                ],
                "50": [
                    0,
                    5
                ],