{
    "total_costs": {
        "num_comms": 24375,
        "epairs": 24375,
        "total_fidelity_log_sum": -1036.459340559867,
        "total_fidelity_loss": 1019.4590123695265,
        "geo_mean_fidelity": 0.9940637980485719,
        "total_fidelity": 0.0,
        "execution_time": 52.46820783615112,
        "remote_hops": 24375,
        "remote_swaps": 0,
        "local_fidelity": 1.932477813782856e-58,
        "remote_fidelity": 2e-323,
        "local_fidelity_loss": 132.74960547763217,
        "remote_fidelity_loss": 886.7094068918943,
        "local_fidelity_log_sum": -132.8911323727943,
        "remote_fidelity_log_sum": -903.5682081870727,
        "local_gate_num": 149706
    },
    "records": [
        {
            "layer_start": 0,
            "layer_end": 1202,
            "partition": [
                [
                    76,
                    5,
                    48,
                    35,
                    108,
                    72,
                    97,
                    16,
                    22,
                    95,
                    38,
                    2,
                    27,
                    58,
                    88,
                    83,
                    111,
                    26,
                    49,
                    41,
                    106,
                    65,
                    85,
                    28,
                    45,
                    60,
                    94,
                    59,
                    47,
                    66
                ],
                [
                    8,
                    25,
                    73,
                    74,
                    39,
                    34,
                    55,
                    4,
                    93,
                    0,
                    6,
                    63,
                    75,
                    107,
                    110,
                    33,
                    61,
                    11,
                    92,
                    96,
                    101,
                    54,
                    117,
                    102,
                    112,
                    12,
                    50,
                    70,
                    104,
                    69
                ],
                [
                    40,
                    42,
                    82,
                    118,
                    10,
                    87,
                    23,
                    89,
                    44,
                    64,
                    91,
                    9,
                    79,
                    109,
                    3,
                    18,
                    7,
                    51,
                    15,
                    31,
                    71,
                    99,
                    80,
                    98,
                    30,
                    36,
                    90,
                    119,
                    19,
                    103
                ],
                [
                    53,
                    14,
                    46,
                    68,
                    116,
                    24,
                    77,
                    100,
                    78,
                    37,
                    17,
                    52,
                    1,
                    13,
                    29,
                    62,
                    67,
                    113,
                    21,
                    105,
                    32,
                    114,
                    43,
                    84,
                    81,
                    115,
                    56,
                    57,
                    86,
                    20
                ]
            ],
            "mapping_type": "telegate",
            "costs": {
                "num_comms": 24375,
                "epairs": 24375,
                "total_fidelity_log_sum": -1036.459340559867,
                "total_fidelity_loss": 1019.4590123695265,
                "geo_mean_fidelity": 0.9940637980485719,
                "total_fidelity": 0.0,
                "execution_time": 0.0,
                "remote_hops": 24375,
                "remote_swaps": 0,
                "local_fidelity": 1.932477813782856e-58,
                "remote_fidelity": 2e-323,
                "local_fidelity_loss": 132.74960547763217,
                "remote_fidelity_loss": 886.7094068918943,
                "local_fidelity_log_sum": -132.8911323727943,
                "remote_fidelity_log_sum": -903.5682081870727,
                "local_gate_num": 149706
            },
            "extra_info": null
        }
    ]
}