{
    "total_costs": {
        "remote_hops": 20331,
        "remote_swaps": 0,
        "remote_fidelity_loss": 712.3007081694507,
        "remote_fidelity": 1.23840203e-315,
        "local_fidelity_loss": 757.4576063873575,
        "local_fidelity": 7.4e-323,
        "execution_time": 133.22894549369812,
        "num_comms": 20331,
        "total_fidelity_loss": 1469.7583145568083,
        "total_fidelity": 0.0
    },
    "records": [
        {
            "layer_start": 0,
            "layer_end": 1502,
            "partition": [
                [
                    125,
                    126,
                    38,
                    10,
                    2,
                    50,
                    118,
                    48,
                    9,
                    79,
                    60,
                    76,
                    119,
                    107,
                    3,
                    40,
                    32,
                    83,
                    75,
                    1,
                    21,
                    26,
                    131,
                    23,
                    69,
                    122,
                    129,
                    25,
                    143,
                    72,
                    137,
                    66,
                    145,
                    37,
                    96,
                    30,
                    49,
                    11,
                    18,
                    87,
                    144,
                    39,
                    112,
                    41,
                    70,
                    61,
                    132,
                    33,
                    46,
                    106
                ],
                [
                    102,
                    127,
                    64,
                    140,
                    133,
                    36,
                    121,
                    58,
                    116,
                    89,
                    5,
                    99,
                    135,
                    149,
                    67,
                    80,
                    20,
                    114,
                    13,
                    16,
                    103,
                    0,
                    12,
                    28,
                    74,
                    101,
                    113,
                    78,
                    98,
                    97,
                    146,
                    35,
                    134,
                    71,
                    100,
                    63,
                    148,
                    90,
                    91,
                    17,
                    108,
                    42,
                    85,
                    8,
                    82,
                    128,
                    141,
                    123,
                    7,
                    62
                ],
                [
                    47,
                    130,
                    65,
                    109,
                    138,
                    147,
                    84,
                    57,
                    111,
                    55,
                    110,
                    93,
                    14,
                    115,
                    24,
                    45,
                    136,
                    4,
                    15,
                    44,
                    117,
                    22,
                    104,
                    34,
                    59,
                    56,
                    77,
                    92,
                    120,
                    29,
                    68,
                    81,
                    88,
                    27,
                    53,
                    31,
                    124,
                    54,
                    105,
                    86,
                    95,
                    139,
                    6,
                    94,
                    52,
                    73,
                    19,
                    51,
                    43,
                    142
                ]
            ],
            "mapping_type": "telegate",
            "costs": {
                "remote_hops": 20331,
                "remote_swaps": 0,
                "remote_fidelity_loss": 712.3007081694507,
                "remote_fidelity": 1.23840203e-315,
                "local_fidelity_loss": 757.4576063873575,
                "local_fidelity": 7.4e-323,
                "execution_time": 0.0,
                "num_comms": 20331,
                "total_fidelity_loss": 1469.7583145568083,
                "total_fidelity": 0.0
            },
            "extra_info": null
        }
    ]
}