{
    "total_costs": {
        "num_comms": 198,
        "epairs": 216,
        "total_fidelity_loss": 20.999999999999975,
        "rgeo_mean_fid": 0.8942713722828775,
        "execution_time": 0.6341428756713867,
        "total_fidelity_log_sum": -22.125708288143507,
        "total_fidelity": 2.459953978388055e-10,
        "remote_hops": 186,
        "remote_swaps": 12,
        "local_fidelity_loss": 0.0,
        "remote_fidelity_loss": 20.999999999999975,
        "local_fidelity_log_sum": 0.0,
        "remote_fidelity_log_sum": -22.125708288143507,
        "local_fidelity": 1.0,
        "remote_fidelity": 2.459953978388055e-10,
        "local_gate_num": 2471
    },
    "num_records": 1,
    "records": [
        {
            "layer_start": 0,
            "layer_end": 201,
            "partition": [
                [
                    0,
                    1,
                    2,
                    3,
                    4,
                    5,
                    6,
                    7,
                    8,
                    9
                ],
                [
                    10,
                    11,
                    12,
                    13,
                    14,
                    15,
                    16,
                    17,
                    18,
                    19
                ]
            ],
            "mapping_type": "autocomm",
            "costs": {
                "num_comms": 198,
                "epairs": 216,
                "total_fidelity_loss": 20.999999999999975,
                "rgeo_mean_fid": 0.8942713722828775,
                "execution_time": 0.6341428756713867,
                "total_fidelity_log_sum": -22.125708288143507,
                "total_fidelity": 2.459953978388055e-10,
                "remote_hops": 186,
                "remote_swaps": 12,
                "local_fidelity_loss": 0.0,
                "remote_fidelity_loss": 20.999999999999975,
                "local_fidelity_log_sum": 0.0,
                "remote_fidelity_log_sum": -22.125708288143507,
                "local_fidelity": 1.0,
                "remote_fidelity": 2.459953978388055e-10,
                "local_gate_num": 2471
            },
            "logical_phy_map": {},
            "extra_info": {
                "autocomm_epr_cnt": 216,
                "autocomm_latency": 3402.999999999992,
                "autocomm_comm_costs": [
                    70,
                    52,
                    30,
                    12
                ],
                "autocomm_assigned_block_count": 2057,
                "autocomm_event_count": 164
            }
        }
    ]
}