{
    "total_costs": {
        "num_comms": 228,
        "epairs": 228,
        "total_fidelity_loss": 25.028392853399,
        "rgeo_mean_fid": 0.9000000000000004,
        "execution_time": 1.9694924354553223,
        "total_fidelity_log_sum": -26.25264552865744,
        "total_fidelity": 3.9684499881759836e-12,
        "remote_hops": 228,
        "remote_swaps": 0,
        "local_fidelity_loss": 2.2283928533989483,
        "remote_fidelity_loss": 22.800000000000054,
        "local_fidelity_log_sum": -2.23044795867312,
        "remote_fidelity_log_sum": -24.022197569984318,
        "local_fidelity": 0.10748027263000359,
        "remote_fidelity": 3.692258952335568e-11,
        "local_gate_num": 3366
    },
    "num_records": 1,
    "records": [
        {
            "layer_start": 0,
            "layer_end": 201,
            "partition": [
                [
                    1,
                    2,
                    3,
                    4,
                    5,
                    7,
                    9,
                    10,
                    14,
                    12,
                    15
                ],
                [
                    11,
                    13,
                    16,
                    17,
                    18,
                    19,
                    0,
                    6,
                    8
                ]
            ],
            "mapping_type": "telegate",
            "costs": {
                "num_comms": 228,
                "epairs": 228,
                "total_fidelity_loss": 25.028392853399,
                "rgeo_mean_fid": 0.9000000000000004,
                "execution_time": 0.0,
                "total_fidelity_log_sum": -26.25264552865744,
                "total_fidelity": 3.9684499881759836e-12,
                "remote_hops": 228,
                "remote_swaps": 0,
                "local_fidelity_loss": 2.2283928533989483,
                "remote_fidelity_loss": 22.800000000000054,
                "local_fidelity_log_sum": -2.23044795867312,
                "remote_fidelity_log_sum": -24.022197569984318,
                "local_fidelity": 0.10748027263000359,
                "remote_fidelity": 3.692258952335568e-11,
                "local_gate_num": 3366
            },
            "logical_phy_map": {
                "1": [
                    0,
                    10
                ],
                "2": [
                    0,
                    8
                ],
                "3": [
                    0,
                    3
                ],
                "4": [
                    0,
                    7
                ],
                "5": [
                    0,
                    6
                ],
                "7": [
                    0,
                    1
                ],
                "9": [
                    0,
                    2
                ],
                "10": [
                    0,
                    5
                ],
                "14": [
                    0,
                    0
                ],
                "12": [
                    0,
                    4
                ],
                "15": [
                    0,
                    9
                ],
                "11": [
                    1,
                    8
                ],
                "13": [
                    1,
                    5
                ],
                "16": [
                    1,
                    6
                ],
                "17": [
                    1,
                    7
                ],
                "18": [
                    1,
                    3
                ],
                "19": [
                    1,
                    9
                ],
                "0": [
                    1,
                    10
                ],
                "6": [
                    1,
                    4
                ],
                "8": [
                    1,
                    2
                ]
            },
            "extra_info": null
        }
    ]
}