{
    "total_costs": {
        "num_comms": 213,
        "epairs": 213,
        "total_fidelity_loss": 23.63486826845435,
        "rgeo_mean_fid": 0.9000000000000002,
        "execution_time": 2.4988553524017334,
        "total_fidelity_log_sum": -24.778893273468167,
        "total_fidelity": 1.7324606681649222e-11,
        "remote_hops": 213,
        "remote_swaps": 0,
        "local_fidelity_loss": 2.3348682684543176,
        "remote_fidelity_loss": 21.300000000000033,
        "local_fidelity_log_sum": -2.3371034383512237,
        "remote_fidelity_log_sum": -22.441789835116943,
        "local_fidelity": 0.096607061661343,
        "remote_fidelity": 1.7933064502448899e-10,
        "local_gate_num": 3482
    },
    "num_records": 1,
    "records": [
        {
            "layer_start": 0,
            "layer_end": 202,
            "partition": [
                [
                    0,
                    2,
                    4,
                    5,
                    6,
                    7,
                    9,
                    10,
                    15,
                    14,
                    18,
                    19
                ],
                [
                    12,
                    13,
                    16,
                    17,
                    1,
                    3,
                    11,
                    8
                ]
            ],
            "mapping_type": "telegate",
            "costs": {
                "num_comms": 213,
                "epairs": 213,
                "total_fidelity_loss": 23.63486826845435,
                "rgeo_mean_fid": 0.9000000000000002,
                "execution_time": 0.0,
                "total_fidelity_log_sum": -24.778893273468167,
                "total_fidelity": 1.7324606681649222e-11,
                "remote_hops": 213,
                "remote_swaps": 0,
                "local_fidelity_loss": 2.3348682684543176,
                "remote_fidelity_loss": 21.300000000000033,
                "local_fidelity_log_sum": -2.3371034383512237,
                "remote_fidelity_log_sum": -22.441789835116943,
                "local_fidelity": 0.096607061661343,
                "remote_fidelity": 1.7933064502448899e-10,
                "local_gate_num": 3482
            },
            "logical_phy_map": {
                "0": [
                    0,
                    10
                ],
                "2": [
                    0,
                    5
                ],
                "4": [
                    0,
                    8
                ],
                "5": [
                    0,
                    11
                ],
                "6": [
                    0,
                    3
                ],
                "7": [
                    0,
                    0
                ],
                "9": [
                    0,
                    7
                ],
                "10": [
                    0,
                    9
                ],
                "15": [
                    0,
                    6
                ],
                "14": [
                    0,
                    2
                ],
                "18": [
                    0,
                    4
                ],
                "19": [
                    0,
                    1
                ],
                "12": [
                    1,
                    2
                ],
                "13": [
                    1,
                    3
                ],
                "16": [
                    1,
                    5
                ],
                "17": [
                    1,
                    7
                ],
                "1": [
                    1,
                    6
                ],
                "3": [
                    1,
                    4
                ],
                "11": [
                    1,
                    8
                ],
                "8": [
                    1,
                    1
                ]
            },
            "extra_info": null
        }
    ]
}