{
    "total_costs": {
        "remote_hops": 240,
        "remote_swaps": 0,
        "remote_fidelity_loss": 4.7999999999999865,
        "remote_fidelity": 0.007838954906837833,
        "local_fidelity_loss": 2.3554952812581273,
        "local_fidelity": 0.09457797639020413,
        "execution_time": 3.4764018058776855,
        "num_comms": 240,
        "total_fidelity_loss": 7.155495281258114,
        "total_fidelity": 0.0007413924921027833
    },
    "records": [
        {
            "layer_start": 0,
            "layer_end": 279,
            "partition": [
                [
                    6,
                    13,
                    12,
                    0,
                    1,
                    2,
                    8,
                    15,
                    16,
                    18
                ],
                [
                    10,
                    14,
                    7,
                    4,
                    3,
                    5,
                    9,
                    11,
                    17,
                    19
                ]
            ],
            "mapping_type": "telegate",
            "costs": {
                "remote_hops": 240,
                "remote_swaps": 0,
                "remote_fidelity_loss": 4.7999999999999865,
                "remote_fidelity": 0.007838954906837833,
                "local_fidelity_loss": 2.3554952812581273,
                "local_fidelity": 0.09457797639020413,
                "execution_time": 0.0,
                "num_comms": 240,
                "total_fidelity_loss": 7.155495281258114,
                "total_fidelity": 0.0007413924921027833
            },
            "extra_info": null
        }
    ]
}