{
    "total_costs": {
        "num_comms": 207,
        "epairs": 207,
        "total_fidelity_loss": 22.86353785939439,
        "rgeo_mean_fid": 0.9000000000000002,
        "execution_time": 2.9648990631103516,
        "total_fidelity_log_sum": -23.975088721714137,
        "total_fidelity": 3.8703591301337695e-11,
        "remote_hops": 207,
        "remote_swaps": 0,
        "local_fidelity_loss": 2.163537859394367,
        "remote_fidelity_loss": 20.700000000000024,
        "local_fidelity_log_sum": -2.165461980544146,
        "remote_fidelity_log_sum": -21.809626741169993,
        "local_fidelity": 0.11469693460348285,
        "remote_fidelity": 3.3744224669246245e-10,
        "local_gate_num": 3282
    },
    "num_records": 1,
    "records": [
        {
            "layer_start": 0,
            "layer_end": 201,
            "partition": [
                [
                    0,
                    1,
                    2,
                    4,
                    6,
                    7,
                    8,
                    9,
                    12,
                    13
                ],
                [
                    10,
                    11,
                    14,
                    15,
                    16,
                    17,
                    18,
                    19,
                    5,
                    3
                ]
            ],
            "mapping_type": "telegate",
            "costs": {
                "num_comms": 207,
                "epairs": 207,
                "total_fidelity_loss": 22.86353785939439,
                "rgeo_mean_fid": 0.9000000000000002,
                "execution_time": 0.0,
                "total_fidelity_log_sum": -23.975088721714137,
                "total_fidelity": 3.8703591301337695e-11,
                "remote_hops": 207,
                "remote_swaps": 0,
                "local_fidelity_loss": 2.163537859394367,
                "remote_fidelity_loss": 20.700000000000024,
                "local_fidelity_log_sum": -2.165461980544146,
                "remote_fidelity_log_sum": -21.809626741169993,
                "local_fidelity": 0.11469693460348285,
                "remote_fidelity": 3.3744224669246245e-10,
                "local_gate_num": 3282
            },
            "logical_phy_map": {
                "0": [
                    0,
                    0
                ],
                "1": [
                    0,
                    7
                ],
                "2": [
                    0,
                    4
                ],
                "4": [
                    0,
                    9
                ],
                "6": [
                    0,
                    1
                ],
                "7": [
                    0,
                    6
                ],
                "8": [
                    0,
                    2
                ],
                "9": [
                    0,
                    8
                ],
                "12": [
                    0,
                    5
                ],
                "13": [
                    0,
                    3
                ],
                "10": [
                    1,
                    8
                ],
                "11": [
                    1,
                    5
                ],
                "14": [
                    1,
                    6
                ],
                "15": [
                    1,
                    4
                ],
                "16": [
                    1,
                    9
                ],
                "17": [
                    1,
                    7
                ],
                "18": [
                    1,
                    2
                ],
                "19": [
                    1,
                    0
                ],
                "5": [
                    1,
                    1
                ],
                "3": [
                    1,
                    3
                ]
            },
            "extra_info": null
        }
    ]
}