{
    "total_costs": {
        "num_comms": 231,
        "epairs": 231,
        "total_fidelity_loss": 25.140557460939718,
        "rgeo_mean_fid": 0.9000000000000004,
        "execution_time": 2.769425868988037,
        "total_fidelity_log_sum": -26.380664335974082,
        "total_fidelity": 3.4915884640358292e-12,
        "remote_hops": 231,
        "remote_swaps": 0,
        "local_fidelity_loss": 2.0405574609396613,
        "remote_fidelity_loss": 23.10000000000006,
        "local_fidelity_log_sum": -2.042385219016289,
        "remote_fidelity_log_sum": -24.338279116957793,
        "local_fidelity": 0.12971893351487696,
        "remote_fidelity": 2.6916567762526297e-11,
        "local_gate_num": 3206
    },
    "num_records": 1,
    "records": [
        {
            "layer_start": 0,
            "layer_end": 201,
            "partition": [
                [
                    2,
                    6,
                    8,
                    13,
                    15,
                    16,
                    12,
                    18,
                    1,
                    0
                ],
                [
                    10,
                    11,
                    14,
                    17,
                    3,
                    9,
                    7,
                    5,
                    19,
                    4
                ]
            ],
            "mapping_type": "telegate",
            "costs": {
                "num_comms": 231,
                "epairs": 231,
                "total_fidelity_loss": 25.140557460939718,
                "rgeo_mean_fid": 0.9000000000000004,
                "execution_time": 0.0,
                "total_fidelity_log_sum": -26.380664335974082,
                "total_fidelity": 3.4915884640358292e-12,
                "remote_hops": 231,
                "remote_swaps": 0,
                "local_fidelity_loss": 2.0405574609396613,
                "remote_fidelity_loss": 23.10000000000006,
                "local_fidelity_log_sum": -2.042385219016289,
                "remote_fidelity_log_sum": -24.338279116957793,
                "local_fidelity": 0.12971893351487696,
                "remote_fidelity": 2.6916567762526297e-11,
                "local_gate_num": 3206
            },
            "logical_phy_map": {
                "2": [
                    0,
                    4
                ],
                "6": [
                    0,
                    5
                ],
                "8": [
                    0,
                    2
                ],
                "13": [
                    0,
                    3
                ],
                "15": [
                    0,
                    1
                ],
                "16": [
                    0,
                    0
                ],
                "12": [
                    0,
                    9
                ],
                "18": [
                    0,
                    8
                ],
                "1": [
                    0,
                    6
                ],
                "0": [
                    0,
                    7
                ],
                "10": [
                    1,
                    7
                ],
                "11": [
                    1,
                    4
                ],
                "14": [
                    1,
                    9
                ],
                "17": [
                    1,
                    8
                ],
                "3": [
                    1,
                    3
                ],
                "9": [
                    1,
                    0
                ],
                "7": [
                    1,
                    1
                ],
                "5": [
                    1,
                    5
                ],
                "19": [
                    1,
                    6
                ],
                "4": [
                    1,
                    2
                ]
            },
            "extra_info": null
        }
    ]
}