{
    "total_costs": {
        "num_comms": 237,
        "epairs": 237,
        "total_fidelity_loss": 19.129691561360286,
        "rgeo_mean_fid": 0.93,
        "execution_time": 3.8337035179138184,
        "total_fidelity_log_sum": -19.742026237064447,
        "total_fidelity": 2.667761149530726e-09,
        "remote_hops": 237,
        "remote_swaps": 0,
        "local_fidelity_loss": 2.5396915613602435,
        "remote_fidelity_loss": 16.590000000000042,
        "local_fidelity_log_sum": -2.542772035208462,
        "remote_fidelity_log_sum": -17.199254201855986,
        "local_fidelity": 0.0786480820856715,
        "remote_fidelity": 3.392023147652512e-08,
        "local_gate_num": 3049
    },
    "num_records": 1,
    "records": [
        {
            "layer_start": 0,
            "layer_end": 201,
            "partition": [
                [
                    10,
                    19,
                    7,
                    14,
                    17,
                    3,
                    12,
                    4,
                    18,
                    9,
                    11
                ],
                [
                    16,
                    0,
                    6,
                    5,
                    8,
                    1,
                    2,
                    13,
                    15
                ]
            ],
            "mapping_type": "telegate",
            "costs": {
                "num_comms": 237,
                "epairs": 237,
                "total_fidelity_loss": 19.129691561360286,
                "rgeo_mean_fid": 0.93,
                "execution_time": 0.0,
                "total_fidelity_log_sum": -19.742026237064447,
                "total_fidelity": 2.667761149530726e-09,
                "remote_hops": 237,
                "remote_swaps": 0,
                "local_fidelity_loss": 2.5396915613602435,
                "remote_fidelity_loss": 16.590000000000042,
                "local_fidelity_log_sum": -2.542772035208462,
                "remote_fidelity_log_sum": -17.199254201855986,
                "local_fidelity": 0.0786480820856715,
                "remote_fidelity": 3.392023147652512e-08,
                "local_gate_num": 3049
            },
            "logical_phy_map": {
                "10": [
                    0,
                    7
                ],
                "19": [
                    0,
                    2
                ],
                "7": [
                    0,
                    8
                ],
                "14": [
                    0,
                    6
                ],
                "17": [
                    0,
                    5
                ],
                "3": [
                    0,
                    4
                ],
                "12": [
                    0,
                    1
                ],
                "4": [
                    0,
                    0
                ],
                "18": [
                    0,
                    3
                ],
                "9": [
                    0,
                    10
                ],
                "11": [
                    0,
                    9
                ],
                "16": [
                    1,
                    5
                ],
                "0": [
                    1,
                    10
                ],
                "6": [
                    1,
                    1
                ],
                "5": [
                    1,
                    8
                ],
                "8": [
                    1,
                    2
                ],
                "1": [
                    1,
                    6
                ],
                "2": [
                    1,
                    4
                ],
                "13": [
                    1,
                    7
                ],
                "15": [
                    1,
                    0
                ]
            },
            "extra_info": null
        }
    ]
}