{
    "total_costs": {
        "num_comms": 249,
        "epairs": 249,
        "total_fidelity_loss": 19.808637101816412,
        "rgeo_mean_fid": 0.9300000000000002,
        "execution_time": 3.687570095062256,
        "total_fidelity_log_sum": -20.45151068119864,
        "total_fidelity": 1.3122656612689974e-09,
        "remote_hops": 249,
        "remote_swaps": 0,
        "local_fidelity_loss": 2.3786371018163663,
        "remote_fidelity_loss": 17.430000000000046,
        "local_fidelity_log_sum": -2.3814081653246504,
        "remote_fidelity_log_sum": -18.07010251587399,
        "local_fidelity": 0.0924203427138995,
        "remote_fidelity": 1.4198883305716633e-08,
        "local_gate_num": 3242
    },
    "num_records": 1,
    "records": [
        {
            "layer_start": 0,
            "layer_end": 201,
            "partition": [
                [
                    13,
                    0,
                    6,
                    8,
                    15,
                    2,
                    18,
                    17,
                    1,
                    12
                ],
                [
                    10,
                    14,
                    19,
                    7,
                    11,
                    16,
                    3,
                    5,
                    4,
                    9
                ]
            ],
            "mapping_type": "telegate",
            "costs": {
                "num_comms": 249,
                "epairs": 249,
                "total_fidelity_loss": 19.808637101816412,
                "rgeo_mean_fid": 0.9300000000000002,
                "execution_time": 0.0,
                "total_fidelity_log_sum": -20.45151068119864,
                "total_fidelity": 1.3122656612689974e-09,
                "remote_hops": 249,
                "remote_swaps": 0,
                "local_fidelity_loss": 2.3786371018163663,
                "remote_fidelity_loss": 17.430000000000046,
                "local_fidelity_log_sum": -2.3814081653246504,
                "remote_fidelity_log_sum": -18.07010251587399,
                "local_fidelity": 0.0924203427138995,
                "remote_fidelity": 1.4198883305716633e-08,
                "local_gate_num": 3242
            },
            "logical_phy_map": {
                "13": [
                    0,
                    5
                ],
                "0": [
                    0,
                    0
                ],
                "6": [
                    0,
                    9
                ],
                "8": [
                    0,
                    8
                ],
                "15": [
                    0,
                    7
                ],
                "2": [
                    0,
                    4
                ],
                "18": [
                    0,
                    3
                ],
                "17": [
                    0,
                    2
                ],
                "1": [
                    0,
                    1
                ],
                "12": [
                    0,
                    6
                ],
                "10": [
                    1,
                    2
                ],
                "14": [
                    1,
                    1
                ],
                "19": [
                    1,
                    0
                ],
                "7": [
                    1,
                    4
                ],
                "11": [
                    1,
                    7
                ],
                "16": [
                    1,
                    9
                ],
                "3": [
                    1,
                    3
                ],
                "5": [
                    1,
                    8
                ],
                "4": [
                    1,
                    6
                ],
                "9": [
                    1,
                    5
                ]
            },
            "extra_info": null
        }
    ]
}