{
    "total_costs": {
        "num_comms": 216,
        "epairs": 216,
        "total_fidelity_loss": 23.761672925530945,
        "rgeo_mean_fid": 0.9000000000000002,
        "execution_time": 2.4323971271514893,
        "total_fidelity_log_sum": -24.9214869493974,
        "total_fidelity": 1.5022276005756995e-11,
        "remote_hops": 216,
        "remote_swaps": 0,
        "local_fidelity_loss": 2.16167292553091,
        "remote_fidelity_loss": 21.600000000000037,
        "local_fidelity_log_sum": -2.1636155673069832,
        "remote_fidelity_log_sum": -22.757871382090418,
        "local_fidelity": 0.11490890817697987,
        "remote_fidelity": 1.307320402228525e-10,
        "local_gate_num": 3342
    },
    "num_records": 1,
    "records": [
        {
            "layer_start": 0,
            "layer_end": 202,
            "partition": [
                [
                    2,
                    5,
                    6,
                    7,
                    15,
                    11,
                    18,
                    13,
                    10,
                    0
                ],
                [
                    12,
                    14,
                    16,
                    17,
                    9,
                    3,
                    1,
                    8,
                    4,
                    19
                ]
            ],
            "mapping_type": "telegate",
            "costs": {
                "num_comms": 216,
                "epairs": 216,
                "total_fidelity_loss": 23.761672925530945,
                "rgeo_mean_fid": 0.9000000000000002,
                "execution_time": 0.0,
                "total_fidelity_log_sum": -24.9214869493974,
                "total_fidelity": 1.5022276005756995e-11,
                "remote_hops": 216,
                "remote_swaps": 0,
                "local_fidelity_loss": 2.16167292553091,
                "remote_fidelity_loss": 21.600000000000037,
                "local_fidelity_log_sum": -2.1636155673069832,
                "remote_fidelity_log_sum": -22.757871382090418,
                "local_fidelity": 0.11490890817697987,
                "remote_fidelity": 1.307320402228525e-10,
                "local_gate_num": 3342
            },
            "logical_phy_map": {
                "2": [
                    0,
                    1
                ],
                "5": [
                    0,
                    6
                ],
                "6": [
                    0,
                    4
                ],
                "7": [
                    0,
                    0
                ],
                "15": [
                    0,
                    9
                ],
                "11": [
                    0,
                    2
                ],
                "18": [
                    0,
                    8
                ],
                "13": [
                    0,
                    3
                ],
                "10": [
                    0,
                    7
                ],
                "0": [
                    0,
                    5
                ],
                "12": [
                    1,
                    6
                ],
                "14": [
                    1,
                    0
                ],
                "16": [
                    1,
                    5
                ],
                "17": [
                    1,
                    4
                ],
                "9": [
                    1,
                    3
                ],
                "3": [
                    1,
                    1
                ],
                "1": [
                    1,
                    8
                ],
                "8": [
                    1,
                    7
                ],
                "4": [
                    1,
                    2
                ],
                "19": [
                    1,
                    9
                ]
            },
            "extra_info": null
        }
    ]
}