{
    "total_costs": {
        "num_comms": 216,
        "epairs": 216,
        "total_fidelity_loss": 23.653907258750284,
        "rgeo_mean_fid": 0.9000000000000002,
        "execution_time": 1.8039302825927734,
        "total_fidelity_log_sum": -24.813614534793413,
        "total_fidelity": 1.6733397641422956e-11,
        "remote_hops": 216,
        "remote_swaps": 0,
        "local_fidelity_loss": 2.053907258750247,
        "remote_fidelity_loss": 21.600000000000037,
        "local_fidelity_log_sum": -2.0557431527029952,
        "remote_fidelity_log_sum": -22.757871382090418,
        "local_fidelity": 0.12799767840307819,
        "remote_fidelity": 1.307320402228525e-10,
        "local_gate_num": 3201
    },
    "num_records": 1,
    "records": [
        {
            "layer_start": 0,
            "layer_end": 201,
            "partition": [
                [
                    0,
                    1,
                    3,
                    4,
                    6,
                    8,
                    9,
                    11,
                    12,
                    15
                ],
                [
                    10,
                    13,
                    14,
                    17,
                    18,
                    19,
                    7,
                    5,
                    2,
                    16
                ]
            ],
            "mapping_type": "telegate",
            "costs": {
                "num_comms": 216,
                "epairs": 216,
                "total_fidelity_loss": 23.653907258750284,
                "rgeo_mean_fid": 0.9000000000000002,
                "execution_time": 0.0,
                "total_fidelity_log_sum": -24.813614534793413,
                "total_fidelity": 1.6733397641422956e-11,
                "remote_hops": 216,
                "remote_swaps": 0,
                "local_fidelity_loss": 2.053907258750247,
                "remote_fidelity_loss": 21.600000000000037,
                "local_fidelity_log_sum": -2.0557431527029952,
                "remote_fidelity_log_sum": -22.757871382090418,
                "local_fidelity": 0.12799767840307819,
                "remote_fidelity": 1.307320402228525e-10,
                "local_gate_num": 3201
            },
            "logical_phy_map": {
                "0": [
                    0,
                    9
                ],
                "1": [
                    0,
                    5
                ],
                "3": [
                    0,
                    8
                ],
                "4": [
                    0,
                    2
                ],
                "6": [
                    0,
                    4
                ],
                "8": [
                    0,
                    6
                ],
                "9": [
                    0,
                    3
                ],
                "11": [
                    0,
                    7
                ],
                "12": [
                    0,
                    0
                ],
                "15": [
                    0,
                    1
                ],
                "10": [
                    1,
                    9
                ],
                "13": [
                    1,
                    6
                ],
                "14": [
                    1,
                    3
                ],
                "17": [
                    1,
                    1
                ],
                "18": [
                    1,
                    0
                ],
                "19": [
                    1,
                    7
                ],
                "7": [
                    1,
                    4
                ],
                "5": [
                    1,
                    5
                ],
                "2": [
                    1,
                    2
                ],
                "16": [
                    1,
                    8
                ]
            },
            "extra_info": null
        }
    ]
}