{
    "total_costs": {
        "num_comms": 249,
        "epairs": 249,
        "total_fidelity_log_sum": -12.568460326637371,
        "total_fidelity_loss": 12.365918377354436,
        "geo_mean_fidelity": 0.9964164732517551,
        "total_fidelity": 3.4800624232006567e-06,
        "execution_time": 2.684330940246582,
        "remote_hops": 249,
        "remote_swaps": 0,
        "local_fidelity": 0.07942094024977397,
        "remote_fidelity": 4.3817945396466906e-05,
        "local_fidelity_loss": 2.529991708617593,
        "remote_fidelity_loss": 9.835926668736844,
        "local_fidelity_log_sum": -2.5329932143945,
        "remote_fidelity_log_sum": -10.035467112242872,
        "local_gate_num": 3252
    },
    "records": [
        {
            "layer_start": 0,
            "layer_end": 201,
            "partition": [
                [
                    13,
                    0,
                    6,
                    8,
                    15,
                    2,
                    18,
                    17,
                    1,
                    12
                ],
                [
                    10,
                    14,
                    19,
                    7,
                    11,
                    16,
                    3,
                    5,
                    4,
                    9
                ]
            ],
            "mapping_type": "telegate",
            "costs": {
                "num_comms": 249,
                "epairs": 249,
                "total_fidelity_log_sum": -12.568460326637371,
                "total_fidelity_loss": 12.365918377354436,
                "geo_mean_fidelity": 0.9964164732517551,
                "total_fidelity": 3.4800624232006567e-06,
                "execution_time": 0.0,
                "remote_hops": 249,
                "remote_swaps": 0,
                "local_fidelity": 0.07942094024977397,
                "remote_fidelity": 4.3817945396466906e-05,
                "local_fidelity_loss": 2.529991708617593,
                "remote_fidelity_loss": 9.835926668736844,
                "local_fidelity_log_sum": -2.5329932143945,
                "remote_fidelity_log_sum": -10.035467112242872,
                "local_gate_num": 3252
            },
            "extra_info": null
        }
    ]
}