{
    "total_costs": {
        "num_comms": 708,
        "epairs": 708,
        "total_fidelity_loss": 64.15042837008302,
        "rgeo_mean_fid": 0.9143597850140387,
        "execution_time": 7.962431907653809,
        "total_fidelity_log_sum": -66.9238304529668,
        "total_fidelity": 8.616873680846914e-30,
        "remote_hops": 708,
        "remote_swaps": 0,
        "local_fidelity_loss": 3.532557255448273,
        "remote_fidelity_loss": 60.617871114634745,
        "local_fidelity_log_sum": -3.5357782975937977,
        "remote_fidelity_log_sum": -63.388052155372996,
        "local_fidelity": 0.02913607162812076,
        "remote_fidelity": 2.9574589844604566e-28,
        "local_gate_num": 5567
    },
    "num_records": 1,
    "records": [
        {
            "layer_start": 0,
            "layer_end": 301,
            "partition": [
                [
                    0,
                    3,
                    4,
                    8,
                    9,
                    27,
                    18,
                    13,
                    20,
                    26
                ],
                [
                    10,
                    11,
                    14,
                    15,
                    16,
                    17,
                    19,
                    1,
                    29,
                    23
                ],
                [
                    21,
                    22,
                    24,
                    25,
                    28,
                    6,
                    2,
                    5,
                    12,
                    7
                ]
            ],
            "mapping_type": "telegate",
            "costs": {
                "num_comms": 708,
                "epairs": 708,
                "total_fidelity_loss": 64.15042837008302,
                "rgeo_mean_fid": 0.9143597850140387,
                "execution_time": 0.0,
                "total_fidelity_log_sum": -66.9238304529668,
                "total_fidelity": 8.616873680846914e-30,
                "remote_hops": 708,
                "remote_swaps": 0,
                "local_fidelity_loss": 3.532557255448273,
                "remote_fidelity_loss": 60.617871114634745,
                "local_fidelity_log_sum": -3.5357782975937977,
                "remote_fidelity_log_sum": -63.388052155372996,
                "local_fidelity": 0.02913607162812076,
                "remote_fidelity": 2.9574589844604566e-28,
                "local_gate_num": 5567
            },
            "logical_phy_map": {
                "0": [
                    0,
                    7
                ],
                "3": [
                    0,
                    0
                ],
                "4": [
                    0,
                    5
                ],
                "8": [
                    0,
                    2
                ],
                "9": [
                    0,
                    3
                ],
                "27": [
                    0,
                    1
                ],
                "18": [
                    0,
                    4
                ],
                "13": [
                    0,
                    8
                ],
                "20": [
                    0,
                    6
                ],
                "26": [
                    0,
                    9
                ],
                "10": [
                    1,
                    3
                ],
                "11": [
                    1,
                    6
                ],
                "14": [
                    1,
                    4
                ],
                "15": [
                    1,
                    9
                ],
                "16": [
                    1,
                    5
                ],
                "17": [
                    1,
                    8
                ],
                "19": [
                    1,
                    0
                ],
                "1": [
                    1,
                    7
                ],
                "29": [
                    1,
                    2
                ],
                "23": [
                    1,
                    1
                ],
                "21": [
                    2,
                    9
                ],
                "22": [
                    2,
                    4
                ],
                "24": [
                    2,
                    1
                ],
                "25": [
                    2,
                    8
                ],
                "28": [
                    2,
                    6
                ],
                "6": [
                    2,
                    0
                ],
                "2": [
                    2,
                    3
                ],
                "5": [
                    2,
                    7
                ],
                "12": [
                    2,
                    2
                ],
                "7": [
                    2,
                    5
                ]
            },
            "extra_info": null
        }
    ]
}