{
    "total_costs": {
        "num_comms": 708,
        "epairs": 708,
        "total_fidelity_loss": 65.53564189424416,
        "rgeo_mean_fid": 0.9123231229624532,
        "execution_time": 6.241081953048706,
        "total_fidelity_log_sum": -68.46587403840728,
        "total_fidelity": 1.8435236204043645e-30,
        "remote_hops": 708,
        "remote_swaps": 0,
        "local_fidelity_loss": 3.4958695861205715,
        "remote_fidelity_loss": 62.03977230812359,
        "local_fidelity_log_sum": -3.499050522407992,
        "remote_fidelity_log_sum": -64.96682351599928,
        "local_fidelity": 0.030226068777111845,
        "remote_fidelity": 6.09911806261865e-29,
        "local_gate_num": 4951
    },
    "num_records": 1,
    "records": [
        {
            "layer_start": 0,
            "layer_end": 301,
            "partition": [
                [
                    0,
                    3,
                    4,
                    8,
                    9,
                    27,
                    18,
                    13,
                    20,
                    26
                ],
                [
                    10,
                    11,
                    14,
                    15,
                    16,
                    17,
                    19,
                    1,
                    29,
                    23
                ],
                [
                    21,
                    22,
                    24,
                    25,
                    28,
                    6,
                    2,
                    5,
                    12,
                    7
                ]
            ],
            "mapping_type": "telegate",
            "costs": {
                "num_comms": 708,
                "epairs": 708,
                "total_fidelity_loss": 65.53564189424416,
                "rgeo_mean_fid": 0.9123231229624532,
                "execution_time": 0.0,
                "total_fidelity_log_sum": -68.46587403840728,
                "total_fidelity": 1.8435236204043645e-30,
                "remote_hops": 708,
                "remote_swaps": 0,
                "local_fidelity_loss": 3.4958695861205715,
                "remote_fidelity_loss": 62.03977230812359,
                "local_fidelity_log_sum": -3.499050522407992,
                "remote_fidelity_log_sum": -64.96682351599928,
                "local_fidelity": 0.030226068777111845,
                "remote_fidelity": 6.09911806261865e-29,
                "local_gate_num": 4951
            },
            "logical_phy_map": {
                "0": [
                    0,
                    2
                ],
                "3": [
                    0,
                    9
                ],
                "4": [
                    0,
                    6
                ],
                "8": [
                    0,
                    7
                ],
                "9": [
                    0,
                    4
                ],
                "27": [
                    0,
                    8
                ],
                "18": [
                    0,
                    3
                ],
                "13": [
                    0,
                    5
                ],
                "20": [
                    0,
                    1
                ],
                "26": [
                    0,
                    0
                ],
                "10": [
                    1,
                    4
                ],
                "11": [
                    1,
                    5
                ],
                "14": [
                    1,
                    3
                ],
                "15": [
                    1,
                    0
                ],
                "16": [
                    1,
                    6
                ],
                "17": [
                    1,
                    1
                ],
                "19": [
                    1,
                    9
                ],
                "1": [
                    1,
                    2
                ],
                "29": [
                    1,
                    7
                ],
                "23": [
                    1,
                    8
                ],
                "21": [
                    2,
                    0
                ],
                "22": [
                    2,
                    6
                ],
                "24": [
                    2,
                    8
                ],
                "25": [
                    2,
                    1
                ],
                "28": [
                    2,
                    5
                ],
                "6": [
                    2,
                    9
                ],
                "2": [
                    2,
                    3
                ],
                "5": [
                    2,
                    2
                ],
                "12": [
                    2,
                    7
                ],
                "7": [
                    2,
                    4
                ]
            },
            "extra_info": null
        }
    ]
}