{
    "total_costs": {
        "num_comms": 708,
        "epairs": 708,
        "total_fidelity_loss": 64.98427670595966,
        "rgeo_mean_fid": 0.9132717769951515,
        "execution_time": 4.574396133422852,
        "total_fidelity_log_sum": -67.83582484305343,
        "total_fidelity": 3.461589742738614e-30,
        "remote_hops": 708,
        "remote_swaps": 0,
        "local_fidelity_loss": 3.6015909370838144,
        "remote_fidelity_loss": 61.38268576887584,
        "local_fidelity_log_sum": -3.604813106129833,
        "remote_fidelity_log_sum": -64.23101173692359,
        "local_fidelity": 0.027192526454683882,
        "remote_fidelity": 1.2729930587756617e-28,
        "local_gate_num": 5603
    },
    "num_records": 1,
    "records": [
        {
            "layer_start": 0,
            "layer_end": 301,
            "partition": [
                [
                    0,
                    3,
                    4,
                    8,
                    9,
                    27,
                    18,
                    13,
                    20,
                    26
                ],
                [
                    10,
                    11,
                    14,
                    15,
                    16,
                    17,
                    19,
                    1,
                    29,
                    23
                ],
                [
                    21,
                    22,
                    24,
                    25,
                    28,
                    6,
                    2,
                    5,
                    12,
                    7
                ]
            ],
            "mapping_type": "telegate",
            "costs": {
                "num_comms": 708,
                "epairs": 708,
                "total_fidelity_loss": 64.98427670595966,
                "rgeo_mean_fid": 0.9132717769951515,
                "execution_time": 0.0,
                "total_fidelity_log_sum": -67.83582484305343,
                "total_fidelity": 3.461589742738614e-30,
                "remote_hops": 708,
                "remote_swaps": 0,
                "local_fidelity_loss": 3.6015909370838144,
                "remote_fidelity_loss": 61.38268576887584,
                "local_fidelity_log_sum": -3.604813106129833,
                "remote_fidelity_log_sum": -64.23101173692359,
                "local_fidelity": 0.027192526454683882,
                "remote_fidelity": 1.2729930587756617e-28,
                "local_gate_num": 5603
            },
            "logical_phy_map": {
                "0": [
                    0,
                    1
                ],
                "3": [
                    0,
                    9
                ],
                "4": [
                    0,
                    6
                ],
                "8": [
                    0,
                    7
                ],
                "9": [
                    0,
                    4
                ],
                "27": [
                    0,
                    8
                ],
                "18": [
                    0,
                    3
                ],
                "13": [
                    0,
                    2
                ],
                "20": [
                    0,
                    5
                ],
                "26": [
                    0,
                    0
                ],
                "10": [
                    1,
                    8
                ],
                "11": [
                    1,
                    4
                ],
                "14": [
                    1,
                    7
                ],
                "15": [
                    1,
                    9
                ],
                "16": [
                    1,
                    5
                ],
                "17": [
                    1,
                    6
                ],
                "19": [
                    1,
                    0
                ],
                "1": [
                    1,
                    3
                ],
                "29": [
                    1,
                    2
                ],
                "23": [
                    1,
                    1
                ],
                "21": [
                    2,
                    0
                ],
                "22": [
                    2,
                    3
                ],
                "24": [
                    2,
                    8
                ],
                "25": [
                    2,
                    1
                ],
                "28": [
                    2,
                    5
                ],
                "6": [
                    2,
                    9
                ],
                "2": [
                    2,
                    4
                ],
                "5": [
                    2,
                    2
                ],
                "12": [
                    2,
                    7
                ],
                "7": [
                    2,
                    6
                ]
            },
            "extra_info": null
        }
    ]
}