{
    "total_costs": {
        "num_comms": 708,
        "epairs": 708,
        "total_fidelity_loss": 60.06389585067962,
        "rgeo_mean_fid": 0.920023205006076,
        "execution_time": 4.699692249298096,
        "total_fidelity_log_sum": -62.51888884270086,
        "total_fidelity": 7.053287083441268e-28,
        "remote_hops": 708,
        "remote_swaps": 0,
        "local_fidelity_loss": 3.499378125788741,
        "remote_fidelity_loss": 56.564517724890884,
        "local_fidelity_log_sum": -3.5025672541902373,
        "remote_fidelity_log_sum": -59.01632158851062,
        "local_fidelity": 0.03011995849045888,
        "remote_fidelity": 2.3417320065947442e-26,
        "local_gate_num": 4968
    },
    "num_records": 1,
    "records": [
        {
            "layer_start": 0,
            "layer_end": 301,
            "partition": [
                [
                    0,
                    3,
                    4,
                    8,
                    9,
                    27,
                    18,
                    13,
                    20,
                    26
                ],
                [
                    10,
                    11,
                    14,
                    15,
                    16,
                    17,
                    19,
                    1,
                    29,
                    23
                ],
                [
                    21,
                    22,
                    24,
                    25,
                    28,
                    6,
                    2,
                    5,
                    12,
                    7
                ]
            ],
            "mapping_type": "telegate",
            "costs": {
                "num_comms": 708,
                "epairs": 708,
                "total_fidelity_loss": 60.06389585067962,
                "rgeo_mean_fid": 0.920023205006076,
                "execution_time": 0.0,
                "total_fidelity_log_sum": -62.51888884270086,
                "total_fidelity": 7.053287083441268e-28,
                "remote_hops": 708,
                "remote_swaps": 0,
                "local_fidelity_loss": 3.499378125788741,
                "remote_fidelity_loss": 56.564517724890884,
                "local_fidelity_log_sum": -3.5025672541902373,
                "remote_fidelity_log_sum": -59.01632158851062,
                "local_fidelity": 0.03011995849045888,
                "remote_fidelity": 2.3417320065947442e-26,
                "local_gate_num": 4968
            },
            "logical_phy_map": {
                "0": [
                    0,
                    2
                ],
                "3": [
                    0,
                    9
                ],
                "4": [
                    0,
                    6
                ],
                "8": [
                    0,
                    7
                ],
                "9": [
                    0,
                    4
                ],
                "27": [
                    0,
                    8
                ],
                "18": [
                    0,
                    3
                ],
                "13": [
                    0,
                    5
                ],
                "20": [
                    0,
                    1
                ],
                "26": [
                    0,
                    0
                ],
                "10": [
                    1,
                    4
                ],
                "11": [
                    1,
                    6
                ],
                "14": [
                    1,
                    5
                ],
                "15": [
                    1,
                    9
                ],
                "16": [
                    1,
                    3
                ],
                "17": [
                    1,
                    8
                ],
                "19": [
                    1,
                    0
                ],
                "1": [
                    1,
                    7
                ],
                "29": [
                    1,
                    2
                ],
                "23": [
                    1,
                    1
                ],
                "21": [
                    2,
                    0
                ],
                "22": [
                    2,
                    3
                ],
                "24": [
                    2,
                    8
                ],
                "25": [
                    2,
                    1
                ],
                "28": [
                    2,
                    5
                ],
                "6": [
                    2,
                    9
                ],
                "2": [
                    2,
                    4
                ],
                "5": [
                    2,
                    2
                ],
                "12": [
                    2,
                    7
                ],
                "7": [
                    2,
                    6
                ]
            },
            "extra_info": null
        }
    ]
}