{
    "total_costs": {
        "exec_time (sec)": 0.06413722038269043,
        "num_comms": 738,
        "remote_hops": 738,
        "remote_swaps": 0,
        "fidelity_loss": 14.76000000000004,
        "fidelity": 3.348450329593301e-07
    },
    "records": [
        {
            "layer_start": 0,
            "layer_end": 381,
            "partition": [
                [
                    18,
                    26,
                    9,
                    0,
                    27,
                    3,
                    13,
                    8,
                    20,
                    29
                ],
                [
                    17,
                    16,
                    19,
                    4,
                    1,
                    10,
                    15,
                    23,
                    11,
                    14
                ],
                [
                    25,
                    12,
                    21,
                    24,
                    28,
                    7,
                    2,
                    6,
                    5,
                    22
                ]
            ],
            "mapping_type": "telegate",
            "costs": {
                "num_comms": 738,
                "remote_hops": 738,
                "remote_swaps": 0,
                "fidelity_loss": 14.76000000000004,
                "fidelity": 3.348450329593301e-07
            },
            "extra_info": null
        }
    ]
}