{
    "total_costs": {
        "num_comms": 708,
        "epairs": 708,
        "total_fidelity_loss": 60.15609327875783,
        "rgeo_mean_fid": 0.9199893544437469,
        "execution_time": 6.739639520645142,
        "total_fidelity_log_sum": -62.57033413052833,
        "total_fidelity": 6.699604355968905e-28,
        "remote_hops": 708,
        "remote_swaps": 0,
        "local_fidelity_loss": 3.5248591444233592,
        "remote_fidelity_loss": 56.63123413433447,
        "local_fidelity_log_sum": -3.5279625044691176,
        "remote_fidelity_log_sum": -59.042371626059214,
        "local_fidelity": 0.02936468537152504,
        "remote_fidelity": 2.281517500087202e-26,
        "local_gate_num": 5742
    },
    "num_records": 1,
    "records": [
        {
            "layer_start": 0,
            "layer_end": 301,
            "partition": [
                [
                    0,
                    4,
                    5,
                    9,
                    10,
                    20,
                    29,
                    13,
                    14,
                    3,
                    7
                ],
                [
                    11,
                    18,
                    25,
                    27,
                    2,
                    16,
                    22,
                    28,
                    6,
                    8,
                    23
                ],
                [
                    24,
                    17,
                    15,
                    26,
                    1,
                    12,
                    21,
                    19
                ]
            ],
            "mapping_type": "telegate",
            "costs": {
                "num_comms": 708,
                "epairs": 708,
                "total_fidelity_loss": 60.15609327875783,
                "rgeo_mean_fid": 0.9199893544437469,
                "execution_time": 0.0,
                "total_fidelity_log_sum": -62.57033413052833,
                "total_fidelity": 6.699604355968905e-28,
                "remote_hops": 708,
                "remote_swaps": 0,
                "local_fidelity_loss": 3.5248591444233592,
                "remote_fidelity_loss": 56.63123413433447,
                "local_fidelity_log_sum": -3.5279625044691176,
                "remote_fidelity_log_sum": -59.042371626059214,
                "local_fidelity": 0.02936468537152504,
                "remote_fidelity": 2.281517500087202e-26,
                "local_gate_num": 5742
            },
            "logical_phy_map": {
                "0": [
                    0,
                    4
                ],
                "4": [
                    0,
                    7
                ],
                "5": [
                    0,
                    2
                ],
                "9": [
                    0,
                    9
                ],
                "10": [
                    0,
                    1
                ],
                "20": [
                    0,
                    10
                ],
                "29": [
                    0,
                    8
                ],
                "13": [
                    0,
                    6
                ],
                "14": [
                    0,
                    3
                ],
                "3": [
                    0,
                    5
                ],
                "7": [
                    0,
                    0
                ],
                "11": [
                    1,
                    5
                ],
                "18": [
                    1,
                    10
                ],
                "25": [
                    1,
                    1
                ],
                "27": [
                    1,
                    9
                ],
                "2": [
                    1,
                    6
                ],
                "16": [
                    1,
                    4
                ],
                "22": [
                    1,
                    7
                ],
                "28": [
                    1,
                    3
                ],
                "6": [
                    1,
                    2
                ],
                "8": [
                    1,
                    0
                ],
                "23": [
                    1,
                    8
                ],
                "24": [
                    2,
                    2
                ],
                "17": [
                    2,
                    6
                ],
                "15": [
                    2,
                    3
                ],
                "26": [
                    2,
                    1
                ],
                "1": [
                    2,
                    8
                ],
                "12": [
                    2,
                    5
                ],
                "21": [
                    2,
                    7
                ],
                "19": [
                    2,
                    4
                ]
            },
            "extra_info": null
        }
    ]
}