{
    "total_costs": {
        "num_comms": 708,
        "epairs": 708,
        "total_fidelity_loss": 63.08869098637163,
        "rgeo_mean_fid": 0.9158852763006391,
        "execution_time": 6.924800395965576,
        "total_fidelity_log_sum": -65.74782921138048,
        "total_fidelity": 2.7930620010522624e-29,
        "remote_hops": 708,
        "remote_swaps": 0,
        "local_fidelity_loss": 3.536769678909925,
        "remote_fidelity_loss": 59.551921307461704,
        "local_fidelity_log_sum": -3.539999424964551,
        "remote_fidelity_log_sum": -62.20782978641593,
        "local_fidelity": 0.029013343765894116,
        "remote_fidelity": 9.626818692768444e-28,
        "local_gate_num": 5590
    },
    "num_records": 1,
    "records": [
        {
            "layer_start": 0,
            "layer_end": 301,
            "partition": [
                [
                    0,
                    3,
                    4,
                    8,
                    9,
                    27,
                    18,
                    13,
                    20,
                    26
                ],
                [
                    10,
                    11,
                    14,
                    15,
                    16,
                    17,
                    19,
                    1,
                    29,
                    23
                ],
                [
                    21,
                    22,
                    24,
                    25,
                    28,
                    6,
                    2,
                    5,
                    12,
                    7
                ]
            ],
            "mapping_type": "telegate",
            "costs": {
                "num_comms": 708,
                "epairs": 708,
                "total_fidelity_loss": 63.08869098637163,
                "rgeo_mean_fid": 0.9158852763006391,
                "execution_time": 0.0,
                "total_fidelity_log_sum": -65.74782921138048,
                "total_fidelity": 2.7930620010522624e-29,
                "remote_hops": 708,
                "remote_swaps": 0,
                "local_fidelity_loss": 3.536769678909925,
                "remote_fidelity_loss": 59.551921307461704,
                "local_fidelity_log_sum": -3.539999424964551,
                "remote_fidelity_log_sum": -62.20782978641593,
                "local_fidelity": 0.029013343765894116,
                "remote_fidelity": 9.626818692768444e-28,
                "local_gate_num": 5590
            },
            "logical_phy_map": {
                "0": [
                    0,
                    1
                ],
                "3": [
                    0,
                    9
                ],
                "4": [
                    0,
                    6
                ],
                "8": [
                    0,
                    7
                ],
                "9": [
                    0,
                    4
                ],
                "27": [
                    0,
                    8
                ],
                "18": [
                    0,
                    3
                ],
                "13": [
                    0,
                    2
                ],
                "20": [
                    0,
                    5
                ],
                "26": [
                    0,
                    0
                ],
                "10": [
                    1,
                    4
                ],
                "11": [
                    1,
                    3
                ],
                "14": [
                    1,
                    5
                ],
                "15": [
                    1,
                    8
                ],
                "16": [
                    1,
                    1
                ],
                "17": [
                    1,
                    7
                ],
                "19": [
                    1,
                    0
                ],
                "1": [
                    1,
                    6
                ],
                "29": [
                    1,
                    2
                ],
                "23": [
                    1,
                    9
                ],
                "21": [
                    2,
                    0
                ],
                "22": [
                    2,
                    3
                ],
                "24": [
                    2,
                    6
                ],
                "25": [
                    2,
                    1
                ],
                "28": [
                    2,
                    5
                ],
                "6": [
                    2,
                    9
                ],
                "2": [
                    2,
                    4
                ],
                "5": [
                    2,
                    2
                ],
                "12": [
                    2,
                    8
                ],
                "7": [
                    2,
                    7
                ]
            },
            "extra_info": null
        }
    ]
}