{
    "total_costs": {
        "remote_hops": 738,
        "remote_swaps": 0,
        "remote_fidelity_loss": 14.759999999999774,
        "remote_fidelity": 3.348450329593318e-07,
        "local_fidelity_loss": 6.290410690951533,
        "local_fidelity": 0.001841239802183246,
        "execution_time": 0.7922077178955078,
        "num_comms": 738,
        "total_fidelity_loss": 21.050410690951306,
        "total_fidelity": 6.165300022480826e-10
    },
    "records": [
        {
            "layer_start": 0,
            "layer_end": 420,
            "partition": [
                [
                    18,
                    26,
                    9,
                    0,
                    27,
                    3,
                    13,
                    8,
                    20,
                    29
                ],
                [
                    17,
                    16,
                    19,
                    4,
                    1,
                    10,
                    15,
                    23,
                    11,
                    14
                ],
                [
                    25,
                    12,
                    21,
                    24,
                    28,
                    7,
                    2,
                    6,
                    5,
                    22
                ]
            ],
            "mapping_type": "telegate",
            "costs": {
                "remote_hops": 738,
                "remote_swaps": 0,
                "remote_fidelity_loss": 14.759999999999774,
                "remote_fidelity": 3.348450329593318e-07,
                "local_fidelity_loss": 6.290410690951533,
                "local_fidelity": 0.001841239802183246,
                "execution_time": 0.0,
                "num_comms": 738,
                "total_fidelity_loss": 21.050410690951306,
                "total_fidelity": 6.165300022480826e-10
            },
            "extra_info": null
        }
    ]
}