{
    "total_costs": {
        "num_comms": 981,
        "epairs": 981,
        "total_fidelity_loss": 114.92729956403072,
        "rgeo_mean_fid": 0.9000000000000012,
        "execution_time": 9.066004037857056,
        "total_fidelity_log_sum": -120.20301037624372,
        "total_fidelity": 6.258869341588328e-53,
        "remote_hops": 981,
        "remote_swaps": 0,
        "local_fidelity_loss": 16.827299564032014,
        "remote_fidelity_loss": 98.0999999999987,
        "local_fidelity_log_sum": -16.844344515917427,
        "remote_fidelity_log_sum": -103.3586658603263,
        "local_fidelity": 4.8372009050680335e-08,
        "remote_fidelity": 1.2939031196803888e-45,
        "local_gate_num": 19310
    },
    "num_records": 1,
    "records": [
        {
            "layer_start": 0,
            "layer_end": 402,
            "partition": [
                [
                    0,
                    5,
                    8,
                    9,
                    11,
                    12,
                    13,
                    15,
                    17,
                    19,
                    22,
                    24,
                    35,
                    32,
                    20,
                    36,
                    39,
                    28,
                    33,
                    4
                ],
                [
                    23,
                    25,
                    26,
                    27,
                    29,
                    30,
                    31,
                    34,
                    37,
                    38,
                    1,
                    7,
                    2,
                    16,
                    3,
                    6,
                    14,
                    18,
                    10,
                    21
                ]
            ],
            "mapping_type": "telegate",
            "costs": {
                "num_comms": 981,
                "epairs": 981,
                "total_fidelity_loss": 114.92729956403072,
                "rgeo_mean_fid": 0.9000000000000012,
                "execution_time": 0.0,
                "total_fidelity_log_sum": -120.20301037624372,
                "total_fidelity": 6.258869341588328e-53,
                "remote_hops": 981,
                "remote_swaps": 0,
                "local_fidelity_loss": 16.827299564032014,
                "remote_fidelity_loss": 98.0999999999987,
                "local_fidelity_log_sum": -16.844344515917427,
                "remote_fidelity_log_sum": -103.3586658603263,
                "local_fidelity": 4.8372009050680335e-08,
                "remote_fidelity": 1.2939031196803888e-45,
                "local_gate_num": 19310
            },
            "logical_phy_map": {
                "0": [
                    0,
                    5
                ],
                "5": [
                    0,
                    0
                ],
                "8": [
                    0,
                    8
                ],
                "9": [
                    0,
                    15
                ],
                "11": [
                    0,
                    2
                ],
                "12": [
                    0,
                    7
                ],
                "13": [
                    0,
                    13
                ],
                "15": [
                    0,
                    3
                ],
                "17": [
                    0,
                    6
                ],
                "19": [
                    0,
                    11
                ],
                "22": [
                    0,
                    17
                ],
                "24": [
                    0,
                    1
                ],
                "35": [
                    0,
                    14
                ],
                "32": [
                    0,
                    10
                ],
                "20": [
                    0,
                    19
                ],
                "36": [
                    0,
                    12
                ],
                "39": [
                    0,
                    9
                ],
                "28": [
                    0,
                    16
                ],
                "33": [
                    0,
                    18
                ],
                "4": [
                    0,
                    4
                ],
                "23": [
                    1,
                    11
                ],
                "25": [
                    1,
                    17
                ],
                "26": [
                    1,
                    5
                ],
                "27": [
                    1,
                    8
                ],
                "29": [
                    1,
                    6
                ],
                "30": [
                    1,
                    2
                ],
                "31": [
                    1,
                    14
                ],
                "34": [
                    1,
                    3
                ],
                "37": [
                    1,
                    16
                ],
                "38": [
                    1,
                    18
                ],
                "1": [
                    1,
                    1
                ],
                "7": [
                    1,
                    12
                ],
                "2": [
                    1,
                    7
                ],
                "16": [
                    1,
                    15
                ],
                "3": [
                    1,
                    0
                ],
                "6": [
                    1,
                    10
                ],
                "14": [
                    1,
                    19
                ],
                "18": [
                    1,
                    13
                ],
                "10": [
                    1,
                    4
                ],
                "21": [
                    1,
                    9
                ]
            },
            "extra_info": null
        }
    ]
}