{
    "total_costs": {
        "num_comms": 969,
        "epairs": 969,
        "total_fidelity_loss": 84.60151150789522,
        "rgeo_mean_fid": 0.9299999999999999,
        "execution_time": 7.518680095672607,
        "total_fidelity_log_sum": -87.11041125790648,
        "total_fidelity": 1.4737678369000103e-38,
        "remote_hops": 969,
        "remote_swaps": 0,
        "local_fidelity_loss": 16.771511507895372,
        "remote_fidelity_loss": 67.82999999999986,
        "local_fidelity_log_sum": -16.78940990095093,
        "remote_fidelity_log_sum": -70.32100135695555,
        "local_fidelity": 5.110365065231653e-08,
        "remote_fidelity": 2.883879758271642e-31,
        "local_gate_num": 20411
    },
    "num_records": 1,
    "records": [
        {
            "layer_start": 0,
            "layer_end": 402,
            "partition": [
                [
                    1,
                    4,
                    7,
                    8,
                    12,
                    13,
                    18,
                    27,
                    33,
                    9,
                    30,
                    26,
                    32,
                    20,
                    23,
                    2,
                    24,
                    29,
                    31,
                    5
                ],
                [
                    25,
                    28,
                    34,
                    35,
                    39,
                    11,
                    14,
                    10,
                    3,
                    38,
                    21,
                    16,
                    36,
                    17,
                    15,
                    22,
                    19,
                    37,
                    0,
                    6
                ]
            ],
            "mapping_type": "telegate",
            "costs": {
                "num_comms": 969,
                "epairs": 969,
                "total_fidelity_loss": 84.60151150789522,
                "rgeo_mean_fid": 0.9299999999999999,
                "execution_time": 0.0,
                "total_fidelity_log_sum": -87.11041125790648,
                "total_fidelity": 1.4737678369000103e-38,
                "remote_hops": 969,
                "remote_swaps": 0,
                "local_fidelity_loss": 16.771511507895372,
                "remote_fidelity_loss": 67.82999999999986,
                "local_fidelity_log_sum": -16.78940990095093,
                "remote_fidelity_log_sum": -70.32100135695555,
                "local_fidelity": 5.110365065231653e-08,
                "remote_fidelity": 2.883879758271642e-31,
                "local_gate_num": 20411
            },
            "logical_phy_map": {
                "1": [
                    0,
                    4
                ],
                "4": [
                    0,
                    12
                ],
                "7": [
                    0,
                    7
                ],
                "8": [
                    0,
                    5
                ],
                "12": [
                    0,
                    15
                ],
                "13": [
                    0,
                    9
                ],
                "18": [
                    0,
                    18
                ],
                "27": [
                    0,
                    14
                ],
                "33": [
                    0,
                    13
                ],
                "9": [
                    0,
                    11
                ],
                "30": [
                    0,
                    17
                ],
                "26": [
                    0,
                    8
                ],
                "32": [
                    0,
                    0
                ],
                "20": [
                    0,
                    6
                ],
                "23": [
                    0,
                    10
                ],
                "2": [
                    0,
                    19
                ],
                "24": [
                    0,
                    16
                ],
                "29": [
                    0,
                    3
                ],
                "31": [
                    0,
                    1
                ],
                "5": [
                    0,
                    2
                ],
                "25": [
                    1,
                    12
                ],
                "28": [
                    1,
                    15
                ],
                "34": [
                    1,
                    3
                ],
                "35": [
                    1,
                    5
                ],
                "39": [
                    1,
                    2
                ],
                "11": [
                    1,
                    14
                ],
                "14": [
                    1,
                    10
                ],
                "10": [
                    1,
                    4
                ],
                "3": [
                    1,
                    7
                ],
                "38": [
                    1,
                    18
                ],
                "21": [
                    1,
                    19
                ],
                "16": [
                    1,
                    17
                ],
                "36": [
                    1,
                    0
                ],
                "17": [
                    1,
                    8
                ],
                "15": [
                    1,
                    9
                ],
                "22": [
                    1,
                    16
                ],
                "19": [
                    1,
                    13
                ],
                "37": [
                    1,
                    6
                ],
                "0": [
                    1,
                    11
                ],
                "6": [
                    1,
                    1
                ]
            },
            "extra_info": null
        }
    ]
}