{
    "total_costs": {
        "num_comms": 1527,
        "epairs": 1527,
        "total_fidelity_loss": 123.41820701577562,
        "rgeo_mean_fid": 0.922392273742227,
        "execution_time": 9.754490852355957,
        "total_fidelity_log_sum": -128.30164228012248,
        "total_fidelity": 1.9024127091985934e-56,
        "remote_hops": 1527,
        "remote_swaps": 0,
        "local_fidelity_loss": 4.9388901229721345,
        "remote_fidelity_loss": 118.47931689280348,
        "local_fidelity_log_sum": -4.943426273233769,
        "remote_fidelity_log_sum": -123.35821600688871,
        "local_fidelity": 0.007130126710652511,
        "remote_fidelity": 2.668133101136003e-54,
        "local_gate_num": 6903
    },
    "num_records": 1,
    "records": [
        {
            "layer_start": 0,
            "layer_end": 402,
            "partition": [
                [
                    0,
                    2,
                    6,
                    7,
                    17,
                    37,
                    19,
                    34,
                    39,
                    35
                ],
                [
                    13,
                    18,
                    33,
                    3,
                    1,
                    10,
                    8,
                    4,
                    27,
                    30
                ],
                [
                    20,
                    23,
                    24,
                    25,
                    26,
                    28,
                    11,
                    32,
                    14,
                    31
                ],
                [
                    36,
                    38,
                    5,
                    29,
                    9,
                    12,
                    16,
                    21,
                    22,
                    15
                ]
            ],
            "mapping_type": "telegate",
            "costs": {
                "num_comms": 1527,
                "epairs": 1527,
                "total_fidelity_loss": 123.41820701577562,
                "rgeo_mean_fid": 0.922392273742227,
                "execution_time": 0.0,
                "total_fidelity_log_sum": -128.30164228012248,
                "total_fidelity": 1.9024127091985934e-56,
                "remote_hops": 1527,
                "remote_swaps": 0,
                "local_fidelity_loss": 4.9388901229721345,
                "remote_fidelity_loss": 118.47931689280348,
                "local_fidelity_log_sum": -4.943426273233769,
                "remote_fidelity_log_sum": -123.35821600688871,
                "local_fidelity": 0.007130126710652511,
                "remote_fidelity": 2.668133101136003e-54,
                "local_gate_num": 6903
            },
            "logical_phy_map": {
                "0": [
                    0,
                    1
                ],
                "2": [
                    0,
                    9
                ],
                "6": [
                    0,
                    6
                ],
                "7": [
                    0,
                    3
                ],
                "17": [
                    0,
                    2
                ],
                "37": [
                    0,
                    5
                ],
                "19": [
                    0,
                    0
                ],
                "34": [
                    0,
                    8
                ],
                "39": [
                    0,
                    7
                ],
                "35": [
                    0,
                    4
                ],
                "13": [
                    1,
                    5
                ],
                "18": [
                    1,
                    0
                ],
                "33": [
                    1,
                    7
                ],
                "3": [
                    1,
                    2
                ],
                "1": [
                    1,
                    3
                ],
                "10": [
                    1,
                    1
                ],
                "8": [
                    1,
                    6
                ],
                "4": [
                    1,
                    8
                ],
                "27": [
                    1,
                    4
                ],
                "30": [
                    1,
                    9
                ],
                "20": [
                    2,
                    4
                ],
                "23": [
                    2,
                    1
                ],
                "24": [
                    2,
                    0
                ],
                "25": [
                    2,
                    5
                ],
                "26": [
                    2,
                    9
                ],
                "28": [
                    2,
                    3
                ],
                "11": [
                    2,
                    7
                ],
                "32": [
                    2,
                    8
                ],
                "14": [
                    2,
                    2
                ],
                "31": [
                    2,
                    6
                ],
                "36": [
                    3,
                    8
                ],
                "38": [
                    3,
                    0
                ],
                "5": [
                    3,
                    7
                ],
                "29": [
                    3,
                    9
                ],
                "9": [
                    3,
                    2
                ],
                "12": [
                    3,
                    4
                ],
                "16": [
                    3,
                    3
                ],
                "21": [
                    3,
                    5
                ],
                "22": [
                    3,
                    6
                ],
                "15": [
                    3,
                    1
                ]
            },
            "extra_info": null
        }
    ]
}