{
    "total_costs": {
        "num_comms": 1458,
        "epairs": 1458,
        "total_fidelity_loss": 136.48659969138302,
        "rgeo_mean_fid": 0.9100516835137593,
        "execution_time": 7.6515161991119385,
        "total_fidelity_log_sum": -142.7955727641897,
        "total_fidelity": 9.653186754212562e-63,
        "remote_hops": 1458,
        "remote_swaps": 0,
        "local_fidelity_loss": 5.368722712133967,
        "remote_fidelity_loss": 131.11787697924905,
        "local_fidelity_log_sum": -5.373406955843203,
        "remote_fidelity_log_sum": -137.4221658083465,
        "local_fidelity": 0.004638301870832205,
        "remote_fidelity": 2.0811898455588413e-60,
        "local_gate_num": 8412
    },
    "num_records": 1,
    "records": [
        {
            "layer_start": 0,
            "layer_end": 402,
            "partition": [
                [
                    1,
                    5,
                    6,
                    9,
                    32,
                    35,
                    14,
                    23,
                    37,
                    36,
                    17
                ],
                [
                    12,
                    16,
                    19,
                    20,
                    21,
                    7,
                    22,
                    24,
                    0,
                    2,
                    28
                ],
                [
                    25,
                    27,
                    29,
                    30,
                    31,
                    8,
                    4,
                    34,
                    11,
                    39,
                    18
                ],
                [
                    33,
                    38,
                    3,
                    26,
                    10,
                    15,
                    13
                ]
            ],
            "mapping_type": "telegate",
            "costs": {
                "num_comms": 1458,
                "epairs": 1458,
                "total_fidelity_loss": 136.48659969138302,
                "rgeo_mean_fid": 0.9100516835137593,
                "execution_time": 0.0,
                "total_fidelity_log_sum": -142.7955727641897,
                "total_fidelity": 9.653186754212562e-63,
                "remote_hops": 1458,
                "remote_swaps": 0,
                "local_fidelity_loss": 5.368722712133967,
                "remote_fidelity_loss": 131.11787697924905,
                "local_fidelity_log_sum": -5.373406955843203,
                "remote_fidelity_log_sum": -137.4221658083465,
                "local_fidelity": 0.004638301870832205,
                "remote_fidelity": 2.0811898455588413e-60,
                "local_gate_num": 8412
            },
            "logical_phy_map": {
                "1": [
                    0,
                    2
                ],
                "5": [
                    0,
                    4
                ],
                "6": [
                    0,
                    6
                ],
                "9": [
                    0,
                    10
                ],
                "32": [
                    0,
                    1
                ],
                "35": [
                    0,
                    7
                ],
                "14": [
                    0,
                    5
                ],
                "23": [
                    0,
                    8
                ],
                "37": [
                    0,
                    0
                ],
                "36": [
                    0,
                    3
                ],
                "17": [
                    0,
                    9
                ],
                "12": [
                    1,
                    8
                ],
                "16": [
                    1,
                    6
                ],
                "19": [
                    1,
                    3
                ],
                "20": [
                    1,
                    7
                ],
                "21": [
                    1,
                    10
                ],
                "7": [
                    1,
                    4
                ],
                "22": [
                    1,
                    0
                ],
                "24": [
                    1,
                    2
                ],
                "0": [
                    1,
                    1
                ],
                "2": [
                    1,
                    9
                ],
                "28": [
                    1,
                    5
                ],
                "25": [
                    2,
                    7
                ],
                "27": [
                    2,
                    8
                ],
                "29": [
                    2,
                    1
                ],
                "30": [
                    2,
                    0
                ],
                "31": [
                    2,
                    5
                ],
                "8": [
                    2,
                    2
                ],
                "4": [
                    2,
                    4
                ],
                "34": [
                    2,
                    3
                ],
                "11": [
                    2,
                    9
                ],
                "39": [
                    2,
                    10
                ],
                "18": [
                    2,
                    6
                ],
                "33": [
                    3,
                    5
                ],
                "38": [
                    3,
                    6
                ],
                "3": [
                    3,
                    9
                ],
                "26": [
                    3,
                    8
                ],
                "10": [
                    3,
                    3
                ],
                "15": [
                    3,
                    4
                ],
                "13": [
                    3,
                    7
                ]
            },
            "extra_info": null
        }
    ]
}