{
    "total_costs": {
        "num_comms": 2532,
        "epairs": 2532,
        "total_fidelity_loss": 226.57143130167594,
        "rgeo_mean_fid": 0.9113456240942892,
        "execution_time": 0.7800266742706299,
        "total_fidelity_log_sum": -237.2154715387102,
        "total_fidelity": 9.519840863741319e-104,
        "remote_hops": 2532,
        "remote_swaps": 0,
        "local_fidelity_loss": 2.160254842264489,
        "remote_fidelity_loss": 224.41117645941145,
        "local_fidelity_log_sum": -2.1621537765311567,
        "remote_fidelity_log_sum": -235.05331776217903,
        "local_fidelity": 0.11507700378938539,
        "remote_fidelity": 8.272583183660731e-103,
        "local_gate_num": 3830
    },
    "num_records": 1,
    "records": [
        {
            "layer_start": 0,
            "layer_end": 402,
            "partition": [
                [
                    0,
                    2,
                    6,
                    7,
                    17,
                    37,
                    19,
                    34,
                    39,
                    35
                ],
                [
                    13,
                    18,
                    33,
                    3,
                    1,
                    10,
                    8,
                    4,
                    27,
                    30
                ],
                [
                    20,
                    23,
                    24,
                    25,
                    26,
                    28,
                    11,
                    32,
                    14,
                    31
                ],
                [
                    36,
                    38,
                    5,
                    29,
                    9,
                    12,
                    16,
                    21,
                    22,
                    15
                ]
            ],
            "mapping_type": "telegate",
            "costs": {
                "num_comms": 2532,
                "epairs": 2532,
                "total_fidelity_loss": 226.57143130167594,
                "rgeo_mean_fid": 0.9113456240942892,
                "execution_time": 0.0,
                "total_fidelity_log_sum": -237.2154715387102,
                "total_fidelity": 9.519840863741319e-104,
                "remote_hops": 2532,
                "remote_swaps": 0,
                "local_fidelity_loss": 2.160254842264489,
                "remote_fidelity_loss": 224.41117645941145,
                "local_fidelity_log_sum": -2.1621537765311567,
                "remote_fidelity_log_sum": -235.05331776217903,
                "local_fidelity": 0.11507700378938539,
                "remote_fidelity": 8.272583183660731e-103,
                "local_gate_num": 3830
            },
            "logical_phy_map": {
                "0": [
                    0,
                    0
                ],
                "2": [
                    0,
                    1
                ],
                "6": [
                    0,
                    2
                ],
                "7": [
                    0,
                    3
                ],
                "17": [
                    0,
                    4
                ],
                "37": [
                    0,
                    5
                ],
                "19": [
                    0,
                    6
                ],
                "34": [
                    0,
                    7
                ],
                "39": [
                    0,
                    8
                ],
                "35": [
                    0,
                    9
                ],
                "13": [
                    1,
                    0
                ],
                "18": [
                    1,
                    1
                ],
                "33": [
                    1,
                    2
                ],
                "3": [
                    1,
                    3
                ],
                "1": [
                    1,
                    4
                ],
                "10": [
                    1,
                    5
                ],
                "8": [
                    1,
                    6
                ],
                "4": [
                    1,
                    7
                ],
                "27": [
                    1,
                    8
                ],
                "30": [
                    1,
                    9
                ],
                "20": [
                    2,
                    0
                ],
                "23": [
                    2,
                    1
                ],
                "24": [
                    2,
                    2
                ],
                "25": [
                    2,
                    3
                ],
                "26": [
                    2,
                    4
                ],
                "28": [
                    2,
                    5
                ],
                "11": [
                    2,
                    6
                ],
                "32": [
                    2,
                    7
                ],
                "14": [
                    2,
                    8
                ],
                "31": [
                    2,
                    9
                ],
                "36": [
                    3,
                    0
                ],
                "38": [
                    3,
                    1
                ],
                "5": [
                    3,
                    2
                ],
                "29": [
                    3,
                    3
                ],
                "9": [
                    3,
                    4
                ],
                "12": [
                    3,
                    5
                ],
                "16": [
                    3,
                    6
                ],
                "21": [
                    3,
                    7
                ],
                "22": [
                    3,
                    8
                ],
                "15": [
                    3,
                    9
                ]
            },
            "extra_info": null
        }
    ]
}