{
    "total_costs": {
        "num_comms": 951,
        "epairs": 951,
        "total_fidelity_loss": 112.03736233561239,
        "rgeo_mean_fid": 0.9000000000000011,
        "execution_time": 9.340247869491577,
        "total_fidelity_log_sum": -117.15231779431993,
        "total_fidelity": 1.3224974391461724e-51,
        "remote_hops": 951,
        "remote_swaps": 0,
        "local_fidelity_loss": 16.93736233561352,
        "remote_fidelity_loss": 95.09999999999887,
        "local_fidelity_log_sum": -16.95446740372827,
        "remote_fidelity_log_sum": -100.19785039059165,
        "local_fidelity": 4.33279720936616e-08,
        "remote_fidelity": 3.0522947999674306e-44,
        "local_gate_num": 19895
    },
    "num_records": 1,
    "records": [
        {
            "layer_start": 0,
            "layer_end": 401,
            "partition": [
                [
                    2,
                    4,
                    6,
                    8,
                    9,
                    11,
                    12,
                    16,
                    19,
                    20,
                    21,
                    37,
                    31,
                    24,
                    27,
                    35,
                    26,
                    38,
                    36,
                    3,
                    17,
                    13
                ],
                [
                    22,
                    23,
                    25,
                    28,
                    29,
                    30,
                    33,
                    34,
                    39,
                    5,
                    0,
                    1,
                    14,
                    7,
                    10,
                    32,
                    18,
                    15
                ]
            ],
            "mapping_type": "telegate",
            "costs": {
                "num_comms": 951,
                "epairs": 951,
                "total_fidelity_loss": 112.03736233561239,
                "rgeo_mean_fid": 0.9000000000000011,
                "execution_time": 0.0,
                "total_fidelity_log_sum": -117.15231779431993,
                "total_fidelity": 1.3224974391461724e-51,
                "remote_hops": 951,
                "remote_swaps": 0,
                "local_fidelity_loss": 16.93736233561352,
                "remote_fidelity_loss": 95.09999999999887,
                "local_fidelity_log_sum": -16.95446740372827,
                "remote_fidelity_log_sum": -100.19785039059165,
                "local_fidelity": 4.33279720936616e-08,
                "remote_fidelity": 3.0522947999674306e-44,
                "local_gate_num": 19895
            },
            "logical_phy_map": {
                "2": [
                    0,
                    4
                ],
                "4": [
                    0,
                    2
                ],
                "6": [
                    0,
                    13
                ],
                "8": [
                    0,
                    21
                ],
                "9": [
                    0,
                    8
                ],
                "11": [
                    0,
                    10
                ],
                "12": [
                    0,
                    7
                ],
                "16": [
                    0,
                    11
                ],
                "19": [
                    0,
                    9
                ],
                "20": [
                    0,
                    16
                ],
                "21": [
                    0,
                    20
                ],
                "37": [
                    0,
                    15
                ],
                "31": [
                    0,
                    17
                ],
                "24": [
                    0,
                    19
                ],
                "27": [
                    0,
                    6
                ],
                "35": [
                    0,
                    0
                ],
                "26": [
                    0,
                    1
                ],
                "38": [
                    0,
                    14
                ],
                "36": [
                    0,
                    18
                ],
                "3": [
                    0,
                    5
                ],
                "17": [
                    0,
                    12
                ],
                "13": [
                    0,
                    3
                ],
                "22": [
                    1,
                    10
                ],
                "23": [
                    1,
                    19
                ],
                "25": [
                    1,
                    18
                ],
                "28": [
                    1,
                    11
                ],
                "29": [
                    1,
                    4
                ],
                "30": [
                    1,
                    12
                ],
                "33": [
                    1,
                    5
                ],
                "34": [
                    1,
                    16
                ],
                "39": [
                    1,
                    6
                ],
                "5": [
                    1,
                    7
                ],
                "0": [
                    1,
                    15
                ],
                "1": [
                    1,
                    17
                ],
                "14": [
                    1,
                    9
                ],
                "7": [
                    1,
                    3
                ],
                "10": [
                    1,
                    2
                ],
                "32": [
                    1,
                    13
                ],
                "18": [
                    1,
                    14
                ],
                "15": [
                    1,
                    8
                ]
            },
            "extra_info": null
        }
    ]
}