{
    "total_costs": {
        "num_comms": 1527,
        "epairs": 1527,
        "total_fidelity_loss": 139.7383584247795,
        "rgeo_mean_fid": 0.9117799627439002,
        "execution_time": 7.250418424606323,
        "total_fidelity_log_sum": -146.09704526898756,
        "total_fidelity": 3.5551621805826504e-64,
        "remote_hops": 1527,
        "remote_swaps": 0,
        "local_fidelity_loss": 5.063860990632335,
        "remote_fidelity_loss": 134.67449743414716,
        "local_fidelity_log_sum": -5.068537013140251,
        "remote_fidelity_log_sum": -141.0285082558473,
        "local_fidelity": 0.006291617965421824,
        "remote_fidelity": 5.6506326355501995e-62,
        "local_gate_num": 7027
    },
    "num_records": 1,
    "records": [
        {
            "layer_start": 0,
            "layer_end": 402,
            "partition": [
                [
                    0,
                    2,
                    6,
                    7,
                    17,
                    37,
                    19,
                    34,
                    39,
                    35
                ],
                [
                    13,
                    18,
                    33,
                    3,
                    1,
                    10,
                    8,
                    4,
                    27,
                    30
                ],
                [
                    20,
                    23,
                    24,
                    25,
                    26,
                    28,
                    11,
                    32,
                    14,
                    31
                ],
                [
                    36,
                    38,
                    5,
                    29,
                    9,
                    12,
                    16,
                    21,
                    22,
                    15
                ]
            ],
            "mapping_type": "telegate",
            "costs": {
                "num_comms": 1527,
                "epairs": 1527,
                "total_fidelity_loss": 139.7383584247795,
                "rgeo_mean_fid": 0.9117799627439002,
                "execution_time": 0.0,
                "total_fidelity_log_sum": -146.09704526898756,
                "total_fidelity": 3.5551621805826504e-64,
                "remote_hops": 1527,
                "remote_swaps": 0,
                "local_fidelity_loss": 5.063860990632335,
                "remote_fidelity_loss": 134.67449743414716,
                "local_fidelity_log_sum": -5.068537013140251,
                "remote_fidelity_log_sum": -141.0285082558473,
                "local_fidelity": 0.006291617965421824,
                "remote_fidelity": 5.6506326355501995e-62,
                "local_gate_num": 7027
            },
            "logical_phy_map": {
                "0": [
                    0,
                    5
                ],
                "2": [
                    0,
                    0
                ],
                "6": [
                    0,
                    7
                ],
                "7": [
                    0,
                    6
                ],
                "17": [
                    0,
                    2
                ],
                "37": [
                    0,
                    4
                ],
                "19": [
                    0,
                    1
                ],
                "34": [
                    0,
                    9
                ],
                "39": [
                    0,
                    8
                ],
                "35": [
                    0,
                    3
                ],
                "13": [
                    1,
                    2
                ],
                "18": [
                    1,
                    5
                ],
                "33": [
                    1,
                    3
                ],
                "3": [
                    1,
                    1
                ],
                "1": [
                    1,
                    6
                ],
                "10": [
                    1,
                    0
                ],
                "8": [
                    1,
                    7
                ],
                "4": [
                    1,
                    8
                ],
                "27": [
                    1,
                    4
                ],
                "30": [
                    1,
                    9
                ],
                "20": [
                    2,
                    4
                ],
                "23": [
                    2,
                    1
                ],
                "24": [
                    2,
                    0
                ],
                "25": [
                    2,
                    5
                ],
                "26": [
                    2,
                    9
                ],
                "28": [
                    2,
                    3
                ],
                "11": [
                    2,
                    7
                ],
                "32": [
                    2,
                    8
                ],
                "14": [
                    2,
                    2
                ],
                "31": [
                    2,
                    6
                ],
                "36": [
                    3,
                    5
                ],
                "38": [
                    3,
                    9
                ],
                "5": [
                    3,
                    4
                ],
                "29": [
                    3,
                    0
                ],
                "9": [
                    3,
                    2
                ],
                "12": [
                    3,
                    7
                ],
                "16": [
                    3,
                    6
                ],
                "21": [
                    3,
                    8
                ],
                "22": [
                    3,
                    3
                ],
                "15": [
                    3,
                    1
                ]
            },
            "extra_info": null
        }
    ]
}