{
    "total_costs": {
        "num_comms": 969,
        "epairs": 969,
        "total_fidelity_loss": 113.77530645254612,
        "rgeo_mean_fid": 0.9000000000000011,
        "execution_time": 8.822593688964844,
        "total_fidelity_log_sum": -118.98764213786636,
        "total_fidelity": 2.1101999326766947e-52,
        "remote_hops": 969,
        "remote_swaps": 0,
        "local_fidelity_loss": 16.875306452547353,
        "remote_fidelity_loss": 96.89999999999877,
        "local_fidelity_log_sum": -16.893302465433923,
        "remote_fidelity_log_sum": -102.09433967243244,
        "local_fidelity": 4.6060851063975505e-08,
        "remote_fidelity": 4.5813307482003867e-45,
        "local_gate_num": 19447
    },
    "num_records": 1,
    "records": [
        {
            "layer_start": 0,
            "layer_end": 402,
            "partition": [
                [
                    1,
                    4,
                    7,
                    8,
                    12,
                    13,
                    18,
                    27,
                    33,
                    9,
                    30,
                    26,
                    32,
                    20,
                    23,
                    2,
                    24,
                    29,
                    31,
                    5
                ],
                [
                    25,
                    28,
                    34,
                    35,
                    39,
                    11,
                    14,
                    10,
                    3,
                    38,
                    21,
                    16,
                    36,
                    17,
                    15,
                    22,
                    19,
                    37,
                    0,
                    6
                ]
            ],
            "mapping_type": "telegate",
            "costs": {
                "num_comms": 969,
                "epairs": 969,
                "total_fidelity_loss": 113.77530645254612,
                "rgeo_mean_fid": 0.9000000000000011,
                "execution_time": 0.0,
                "total_fidelity_log_sum": -118.98764213786636,
                "total_fidelity": 2.1101999326766947e-52,
                "remote_hops": 969,
                "remote_swaps": 0,
                "local_fidelity_loss": 16.875306452547353,
                "remote_fidelity_loss": 96.89999999999877,
                "local_fidelity_log_sum": -16.893302465433923,
                "remote_fidelity_log_sum": -102.09433967243244,
                "local_fidelity": 4.6060851063975505e-08,
                "remote_fidelity": 4.5813307482003867e-45,
                "local_gate_num": 19447
            },
            "logical_phy_map": {
                "1": [
                    0,
                    19
                ],
                "4": [
                    0,
                    11
                ],
                "7": [
                    0,
                    15
                ],
                "8": [
                    0,
                    18
                ],
                "12": [
                    0,
                    2
                ],
                "13": [
                    0,
                    0
                ],
                "18": [
                    0,
                    1
                ],
                "27": [
                    0,
                    7
                ],
                "33": [
                    0,
                    8
                ],
                "9": [
                    0,
                    10
                ],
                "30": [
                    0,
                    5
                ],
                "26": [
                    0,
                    9
                ],
                "32": [
                    0,
                    12
                ],
                "20": [
                    0,
                    16
                ],
                "23": [
                    0,
                    6
                ],
                "2": [
                    0,
                    3
                ],
                "24": [
                    0,
                    4
                ],
                "29": [
                    0,
                    14
                ],
                "31": [
                    0,
                    17
                ],
                "5": [
                    0,
                    13
                ],
                "25": [
                    1,
                    2
                ],
                "28": [
                    1,
                    17
                ],
                "34": [
                    1,
                    10
                ],
                "35": [
                    1,
                    9
                ],
                "39": [
                    1,
                    11
                ],
                "11": [
                    1,
                    0
                ],
                "14": [
                    1,
                    4
                ],
                "10": [
                    1,
                    12
                ],
                "3": [
                    1,
                    13
                ],
                "38": [
                    1,
                    16
                ],
                "21": [
                    1,
                    15
                ],
                "16": [
                    1,
                    19
                ],
                "36": [
                    1,
                    1
                ],
                "17": [
                    1,
                    5
                ],
                "15": [
                    1,
                    3
                ],
                "22": [
                    1,
                    18
                ],
                "19": [
                    1,
                    14
                ],
                "37": [
                    1,
                    8
                ],
                "0": [
                    1,
                    6
                ],
                "6": [
                    1,
                    7
                ]
            },
            "extra_info": null
        }
    ]
}