{
    "total_costs": {
        "num_comms": 963,
        "epairs": 963,
        "total_fidelity_loss": 113.32744165628364,
        "rgeo_mean_fid": 0.9000000000000011,
        "execution_time": 8.868627071380615,
        "total_fidelity_log_sum": -118.50653967683644,
        "total_fidelity": 3.414001824716277e-52,
        "remote_hops": 963,
        "remote_swaps": 0,
        "local_fidelity_loss": 17.027441656284836,
        "remote_fidelity_loss": 96.2999999999988,
        "local_fidelity_log_sum": -17.044363098350924,
        "remote_fidelity_log_sum": -101.46217657848551,
        "local_fidelity": 3.960291547257841e-08,
        "remote_fidelity": 8.620582055581684e-45,
        "local_gate_num": 20084
    },
    "num_records": 1,
    "records": [
        {
            "layer_start": 0,
            "layer_end": 402,
            "partition": [
                [
                    0,
                    1,
                    2,
                    3,
                    5,
                    6,
                    10,
                    11,
                    13,
                    14,
                    16,
                    19,
                    34,
                    24,
                    23,
                    21,
                    36,
                    33,
                    31,
                    29,
                    25
                ],
                [
                    22,
                    26,
                    27,
                    28,
                    30,
                    32,
                    35,
                    37,
                    38,
                    39,
                    7,
                    12,
                    17,
                    9,
                    15,
                    4,
                    20,
                    18,
                    8
                ]
            ],
            "mapping_type": "telegate",
            "costs": {
                "num_comms": 963,
                "epairs": 963,
                "total_fidelity_loss": 113.32744165628364,
                "rgeo_mean_fid": 0.9000000000000011,
                "execution_time": 0.0,
                "total_fidelity_log_sum": -118.50653967683644,
                "total_fidelity": 3.414001824716277e-52,
                "remote_hops": 963,
                "remote_swaps": 0,
                "local_fidelity_loss": 17.027441656284836,
                "remote_fidelity_loss": 96.2999999999988,
                "local_fidelity_log_sum": -17.044363098350924,
                "remote_fidelity_log_sum": -101.46217657848551,
                "local_fidelity": 3.960291547257841e-08,
                "remote_fidelity": 8.620582055581684e-45,
                "local_gate_num": 20084
            },
            "logical_phy_map": {
                "0": [
                    0,
                    2
                ],
                "1": [
                    0,
                    13
                ],
                "2": [
                    0,
                    4
                ],
                "3": [
                    0,
                    17
                ],
                "5": [
                    0,
                    3
                ],
                "6": [
                    0,
                    18
                ],
                "10": [
                    0,
                    0
                ],
                "11": [
                    0,
                    6
                ],
                "13": [
                    0,
                    19
                ],
                "14": [
                    0,
                    16
                ],
                "16": [
                    0,
                    10
                ],
                "19": [
                    0,
                    8
                ],
                "34": [
                    0,
                    7
                ],
                "24": [
                    0,
                    5
                ],
                "23": [
                    0,
                    12
                ],
                "21": [
                    0,
                    1
                ],
                "36": [
                    0,
                    9
                ],
                "33": [
                    0,
                    14
                ],
                "31": [
                    0,
                    11
                ],
                "29": [
                    0,
                    20
                ],
                "25": [
                    0,
                    15
                ],
                "22": [
                    1,
                    15
                ],
                "26": [
                    1,
                    17
                ],
                "27": [
                    1,
                    7
                ],
                "28": [
                    1,
                    19
                ],
                "30": [
                    1,
                    12
                ],
                "32": [
                    1,
                    8
                ],
                "35": [
                    1,
                    10
                ],
                "37": [
                    1,
                    2
                ],
                "38": [
                    1,
                    5
                ],
                "39": [
                    1,
                    13
                ],
                "7": [
                    1,
                    14
                ],
                "12": [
                    1,
                    11
                ],
                "17": [
                    1,
                    4
                ],
                "9": [
                    1,
                    16
                ],
                "15": [
                    1,
                    3
                ],
                "4": [
                    1,
                    9
                ],
                "20": [
                    1,
                    20
                ],
                "18": [
                    1,
                    6
                ],
                "8": [
                    1,
                    18
                ]
            },
            "extra_info": null
        }
    ]
}