{
    "total_costs": {
        "num_comms": 1527,
        "epairs": 1527,
        "total_fidelity_loss": 142.86954643625305,
        "rgeo_mean_fid": 0.9096138176349224,
        "execution_time": 9.371209621429443,
        "total_fidelity_log_sum": -149.58833041534572,
        "total_fidelity": 1.0829628117692681e-65,
        "remote_hops": 1527,
        "remote_swaps": 0,
        "local_fidelity_loss": 4.923396547123676,
        "remote_fidelity_loss": 137.94614988912937,
        "local_fidelity_log_sum": -4.927762825050921,
        "remote_fidelity_log_sum": -144.6605675902948,
        "local_fidelity": 0.007242688331129915,
        "remote_fidelity": 1.495249777785644e-63,
        "local_gate_num": 7939
    },
    "num_records": 1,
    "records": [
        {
            "layer_start": 0,
            "layer_end": 402,
            "partition": [
                [
                    0,
                    2,
                    6,
                    7,
                    17,
                    37,
                    19,
                    34,
                    39,
                    35
                ],
                [
                    13,
                    18,
                    33,
                    3,
                    1,
                    10,
                    8,
                    4,
                    27,
                    30
                ],
                [
                    20,
                    23,
                    24,
                    25,
                    26,
                    28,
                    11,
                    32,
                    14,
                    31
                ],
                [
                    36,
                    38,
                    5,
                    29,
                    9,
                    12,
                    16,
                    21,
                    22,
                    15
                ]
            ],
            "mapping_type": "telegate",
            "costs": {
                "num_comms": 1527,
                "epairs": 1527,
                "total_fidelity_loss": 142.86954643625305,
                "rgeo_mean_fid": 0.9096138176349224,
                "execution_time": 0.0,
                "total_fidelity_log_sum": -149.58833041534572,
                "total_fidelity": 1.0829628117692681e-65,
                "remote_hops": 1527,
                "remote_swaps": 0,
                "local_fidelity_loss": 4.923396547123676,
                "remote_fidelity_loss": 137.94614988912937,
                "local_fidelity_log_sum": -4.927762825050921,
                "remote_fidelity_log_sum": -144.6605675902948,
                "local_fidelity": 0.007242688331129915,
                "remote_fidelity": 1.495249777785644e-63,
                "local_gate_num": 7939
            },
            "logical_phy_map": {
                "0": [
                    0,
                    2
                ],
                "2": [
                    0,
                    0
                ],
                "6": [
                    0,
                    7
                ],
                "7": [
                    0,
                    6
                ],
                "17": [
                    0,
                    5
                ],
                "37": [
                    0,
                    4
                ],
                "19": [
                    0,
                    1
                ],
                "34": [
                    0,
                    9
                ],
                "39": [
                    0,
                    8
                ],
                "35": [
                    0,
                    3
                ],
                "13": [
                    1,
                    4
                ],
                "18": [
                    1,
                    5
                ],
                "33": [
                    1,
                    1
                ],
                "3": [
                    1,
                    3
                ],
                "1": [
                    1,
                    7
                ],
                "10": [
                    1,
                    6
                ],
                "8": [
                    1,
                    8
                ],
                "4": [
                    1,
                    2
                ],
                "27": [
                    1,
                    0
                ],
                "30": [
                    1,
                    9
                ],
                "20": [
                    2,
                    3
                ],
                "23": [
                    2,
                    8
                ],
                "24": [
                    2,
                    9
                ],
                "25": [
                    2,
                    6
                ],
                "26": [
                    2,
                    0
                ],
                "28": [
                    2,
                    4
                ],
                "11": [
                    2,
                    2
                ],
                "32": [
                    2,
                    1
                ],
                "14": [
                    2,
                    7
                ],
                "31": [
                    2,
                    5
                ],
                "36": [
                    3,
                    8
                ],
                "38": [
                    3,
                    0
                ],
                "5": [
                    3,
                    7
                ],
                "29": [
                    3,
                    9
                ],
                "9": [
                    3,
                    4
                ],
                "12": [
                    3,
                    2
                ],
                "16": [
                    3,
                    3
                ],
                "21": [
                    3,
                    1
                ],
                "22": [
                    3,
                    6
                ],
                "15": [
                    3,
                    5
                ]
            },
            "extra_info": null
        }
    ]
}