{
    "total_costs": {
        "num_comms": 2532,
        "epairs": 2532,
        "total_fidelity_loss": 215.67334280798116,
        "rgeo_mean_fid": 0.9167587513942866,
        "execution_time": 7.759756803512573,
        "total_fidelity_log_sum": -225.04814490657546,
        "total_fidelity": 1.8316078851242603e-98,
        "remote_hops": 2532,
        "remote_swaps": 0,
        "local_fidelity_loss": 4.98523686809382,
        "remote_fidelity_loss": 210.68810593988735,
        "local_fidelity_log_sum": -4.989680354313092,
        "remote_fidelity_log_sum": -220.05846455226236,
        "local_fidelity": 0.006807840241247455,
        "remote_fidelity": 2.6904389941862678e-96,
        "local_gate_num": 7802
    },
    "num_records": 1,
    "records": [
        {
            "layer_start": 0,
            "layer_end": 402,
            "partition": [
                [
                    0,
                    2,
                    6,
                    7,
                    17,
                    37,
                    19,
                    34,
                    39,
                    35
                ],
                [
                    13,
                    18,
                    33,
                    3,
                    1,
                    10,
                    8,
                    4,
                    27,
                    30
                ],
                [
                    20,
                    23,
                    24,
                    25,
                    26,
                    28,
                    11,
                    32,
                    14,
                    31
                ],
                [
                    36,
                    38,
                    5,
                    29,
                    9,
                    12,
                    16,
                    21,
                    22,
                    15
                ]
            ],
            "mapping_type": "telegate",
            "costs": {
                "num_comms": 2532,
                "epairs": 2532,
                "total_fidelity_loss": 215.67334280798116,
                "rgeo_mean_fid": 0.9167587513942866,
                "execution_time": 0.0,
                "total_fidelity_log_sum": -225.04814490657546,
                "total_fidelity": 1.8316078851242603e-98,
                "remote_hops": 2532,
                "remote_swaps": 0,
                "local_fidelity_loss": 4.98523686809382,
                "remote_fidelity_loss": 210.68810593988735,
                "local_fidelity_log_sum": -4.989680354313092,
                "remote_fidelity_log_sum": -220.05846455226236,
                "local_fidelity": 0.006807840241247455,
                "remote_fidelity": 2.6904389941862678e-96,
                "local_gate_num": 7802
            },
            "logical_phy_map": {
                "0": [
                    0,
                    6
                ],
                "2": [
                    0,
                    9
                ],
                "6": [
                    0,
                    2
                ],
                "7": [
                    0,
                    5
                ],
                "17": [
                    0,
                    7
                ],
                "37": [
                    0,
                    3
                ],
                "19": [
                    0,
                    8
                ],
                "34": [
                    0,
                    0
                ],
                "39": [
                    0,
                    1
                ],
                "35": [
                    0,
                    4
                ],
                "13": [
                    1,
                    7
                ],
                "18": [
                    1,
                    6
                ],
                "33": [
                    1,
                    2
                ],
                "3": [
                    1,
                    8
                ],
                "1": [
                    1,
                    4
                ],
                "10": [
                    1,
                    9
                ],
                "8": [
                    1,
                    5
                ],
                "4": [
                    1,
                    1
                ],
                "27": [
                    1,
                    3
                ],
                "30": [
                    1,
                    0
                ],
                "20": [
                    2,
                    4
                ],
                "23": [
                    2,
                    1
                ],
                "24": [
                    2,
                    0
                ],
                "25": [
                    2,
                    5
                ],
                "26": [
                    2,
                    9
                ],
                "28": [
                    2,
                    3
                ],
                "11": [
                    2,
                    7
                ],
                "32": [
                    2,
                    8
                ],
                "14": [
                    2,
                    2
                ],
                "31": [
                    2,
                    6
                ],
                "36": [
                    3,
                    8
                ],
                "38": [
                    3,
                    0
                ],
                "5": [
                    3,
                    7
                ],
                "29": [
                    3,
                    9
                ],
                "9": [
                    3,
                    2
                ],
                "12": [
                    3,
                    4
                ],
                "16": [
                    3,
                    3
                ],
                "21": [
                    3,
                    5
                ],
                "22": [
                    3,
                    6
                ],
                "15": [
                    3,
                    1
                ]
            },
            "extra_info": null
        }
    ]
}