{
    "total_costs": {
        "num_comms": 2532,
        "epairs": 2532,
        "total_fidelity_loss": 226.3486114163845,
        "rgeo_mean_fid": 0.9127114338756411,
        "execution_time": 10.807203531265259,
        "total_fidelity_log_sum": -236.63525179312094,
        "total_fidelity": 1.7006538338493482e-103,
        "remote_hops": 2532,
        "remote_swaps": 0,
        "local_fidelity_loss": 5.3681974562710675,
        "remote_fidelity_loss": 220.98041396011342,
        "local_fidelity_log_sum": -5.3737353866902735,
        "remote_fidelity_log_sum": -231.26151640643067,
        "local_fidelity": 0.00463677875955264,
        "remote_fidelity": 3.667748499636046e-101,
        "local_gate_num": 8012
    },
    "num_records": 1,
    "records": [
        {
            "layer_start": 0,
            "layer_end": 402,
            "partition": [
                [
                    0,
                    2,
                    6,
                    7,
                    17,
                    37,
                    19,
                    34,
                    39,
                    35
                ],
                [
                    13,
                    18,
                    33,
                    3,
                    1,
                    10,
                    8,
                    4,
                    27,
                    30
                ],
                [
                    20,
                    23,
                    24,
                    25,
                    26,
                    28,
                    11,
                    32,
                    14,
                    31
                ],
                [
                    36,
                    38,
                    5,
                    29,
                    9,
                    12,
                    16,
                    21,
                    22,
                    15
                ]
            ],
            "mapping_type": "telegate",
            "costs": {
                "num_comms": 2532,
                "epairs": 2532,
                "total_fidelity_loss": 226.3486114163845,
                "rgeo_mean_fid": 0.9127114338756411,
                "execution_time": 0.0,
                "total_fidelity_log_sum": -236.63525179312094,
                "total_fidelity": 1.7006538338493482e-103,
                "remote_hops": 2532,
                "remote_swaps": 0,
                "local_fidelity_loss": 5.3681974562710675,
                "remote_fidelity_loss": 220.98041396011342,
                "local_fidelity_log_sum": -5.3737353866902735,
                "remote_fidelity_log_sum": -231.26151640643067,
                "local_fidelity": 0.00463677875955264,
                "remote_fidelity": 3.667748499636046e-101,
                "local_gate_num": 8012
            },
            "logical_phy_map": {
                "0": [
                    0,
                    1
                ],
                "2": [
                    0,
                    0
                ],
                "6": [
                    0,
                    8
                ],
                "7": [
                    0,
                    9
                ],
                "17": [
                    0,
                    2
                ],
                "37": [
                    0,
                    3
                ],
                "19": [
                    0,
                    5
                ],
                "34": [
                    0,
                    6
                ],
                "39": [
                    0,
                    7
                ],
                "35": [
                    0,
                    4
                ],
                "13": [
                    1,
                    5
                ],
                "18": [
                    1,
                    8
                ],
                "33": [
                    1,
                    6
                ],
                "3": [
                    1,
                    4
                ],
                "1": [
                    1,
                    2
                ],
                "10": [
                    1,
                    3
                ],
                "8": [
                    1,
                    1
                ],
                "4": [
                    1,
                    7
                ],
                "27": [
                    1,
                    9
                ],
                "30": [
                    1,
                    0
                ],
                "20": [
                    2,
                    5
                ],
                "23": [
                    2,
                    6
                ],
                "24": [
                    2,
                    9
                ],
                "25": [
                    2,
                    8
                ],
                "26": [
                    2,
                    0
                ],
                "28": [
                    2,
                    4
                ],
                "11": [
                    2,
                    2
                ],
                "32": [
                    2,
                    1
                ],
                "14": [
                    2,
                    7
                ],
                "31": [
                    2,
                    3
                ],
                "36": [
                    3,
                    6
                ],
                "38": [
                    3,
                    0
                ],
                "5": [
                    3,
                    7
                ],
                "29": [
                    3,
                    9
                ],
                "9": [
                    3,
                    4
                ],
                "12": [
                    3,
                    2
                ],
                "16": [
                    3,
                    5
                ],
                "21": [
                    3,
                    1
                ],
                "22": [
                    3,
                    8
                ],
                "15": [
                    3,
                    3
                ]
            },
            "extra_info": null
        }
    ]
}