{
    "total_costs": {
        "num_comms": 2532,
        "epairs": 2532,
        "total_fidelity_loss": 209.3744530536471,
        "rgeo_mean_fid": 0.9193309332594845,
        "execution_time": 8.31283712387085,
        "total_fidelity_log_sum": -218.10631910539075,
        "total_fidelity": 1.8950869645145088e-95,
        "remote_hops": 2532,
        "remote_swaps": 0,
        "local_fidelity_loss": 5.13741924163674,
        "remote_fidelity_loss": 204.23703381201037,
        "local_fidelity_log_sum": -5.14202734611537,
        "remote_fidelity_log_sum": -212.9642917592754,
        "local_fidelity": 0.0058458261786586765,
        "remote_fidelity": 3.241777819930554e-93,
        "local_gate_num": 7587
    },
    "num_records": 1,
    "records": [
        {
            "layer_start": 0,
            "layer_end": 402,
            "partition": [
                [
                    0,
                    2,
                    6,
                    7,
                    17,
                    37,
                    19,
                    34,
                    39,
                    35
                ],
                [
                    13,
                    18,
                    33,
                    3,
                    1,
                    10,
                    8,
                    4,
                    27,
                    30
                ],
                [
                    20,
                    23,
                    24,
                    25,
                    26,
                    28,
                    11,
                    32,
                    14,
                    31
                ],
                [
                    36,
                    38,
                    5,
                    29,
                    9,
                    12,
                    16,
                    21,
                    22,
                    15
                ]
            ],
            "mapping_type": "telegate",
            "costs": {
                "num_comms": 2532,
                "epairs": 2532,
                "total_fidelity_loss": 209.3744530536471,
                "rgeo_mean_fid": 0.9193309332594845,
                "execution_time": 0.0,
                "total_fidelity_log_sum": -218.10631910539075,
                "total_fidelity": 1.8950869645145088e-95,
                "remote_hops": 2532,
                "remote_swaps": 0,
                "local_fidelity_loss": 5.13741924163674,
                "remote_fidelity_loss": 204.23703381201037,
                "local_fidelity_log_sum": -5.14202734611537,
                "remote_fidelity_log_sum": -212.9642917592754,
                "local_fidelity": 0.0058458261786586765,
                "remote_fidelity": 3.241777819930554e-93,
                "local_gate_num": 7587
            },
            "logical_phy_map": {
                "0": [
                    0,
                    5
                ],
                "2": [
                    0,
                    0
                ],
                "6": [
                    0,
                    7
                ],
                "7": [
                    0,
                    6
                ],
                "17": [
                    0,
                    2
                ],
                "37": [
                    0,
                    4
                ],
                "19": [
                    0,
                    1
                ],
                "34": [
                    0,
                    9
                ],
                "39": [
                    0,
                    8
                ],
                "35": [
                    0,
                    3
                ],
                "13": [
                    1,
                    7
                ],
                "18": [
                    1,
                    6
                ],
                "33": [
                    1,
                    4
                ],
                "3": [
                    1,
                    8
                ],
                "1": [
                    1,
                    5
                ],
                "10": [
                    1,
                    9
                ],
                "8": [
                    1,
                    2
                ],
                "4": [
                    1,
                    1
                ],
                "27": [
                    1,
                    3
                ],
                "30": [
                    1,
                    0
                ],
                "20": [
                    2,
                    4
                ],
                "23": [
                    2,
                    1
                ],
                "24": [
                    2,
                    0
                ],
                "25": [
                    2,
                    5
                ],
                "26": [
                    2,
                    9
                ],
                "28": [
                    2,
                    3
                ],
                "11": [
                    2,
                    7
                ],
                "32": [
                    2,
                    8
                ],
                "14": [
                    2,
                    2
                ],
                "31": [
                    2,
                    6
                ],
                "36": [
                    3,
                    6
                ],
                "38": [
                    3,
                    0
                ],
                "5": [
                    3,
                    4
                ],
                "29": [
                    3,
                    7
                ],
                "9": [
                    3,
                    8
                ],
                "12": [
                    3,
                    2
                ],
                "16": [
                    3,
                    3
                ],
                "21": [
                    3,
                    1
                ],
                "22": [
                    3,
                    5
                ],
                "15": [
                    3,
                    9
                ]
            },
            "extra_info": null
        }
    ]
}