{
    "total_costs": {
        "num_comms": 1527,
        "epairs": 1527,
        "total_fidelity_loss": 129.5116773234674,
        "rgeo_mean_fid": 0.9183298282141412,
        "execution_time": 8.93557333946228,
        "total_fidelity_log_sum": -134.9484384976326,
        "total_fidelity": 2.469663703683791e-59,
        "remote_hops": 1527,
        "remote_swaps": 0,
        "local_fidelity_loss": 4.845635153244744,
        "remote_fidelity_loss": 124.66604217022265,
        "local_fidelity_log_sum": -4.850080253573911,
        "remote_fidelity_log_sum": -130.0983582440587,
        "local_fidelity": 0.007827749319158273,
        "remote_fidelity": 3.1550112337390955e-57,
        "local_gate_num": 7841
    },
    "num_records": 1,
    "records": [
        {
            "layer_start": 0,
            "layer_end": 402,
            "partition": [
                [
                    0,
                    2,
                    6,
                    7,
                    17,
                    37,
                    19,
                    34,
                    39,
                    35
                ],
                [
                    13,
                    18,
                    33,
                    3,
                    1,
                    10,
                    8,
                    4,
                    27,
                    30
                ],
                [
                    20,
                    23,
                    24,
                    25,
                    26,
                    28,
                    11,
                    32,
                    14,
                    31
                ],
                [
                    36,
                    38,
                    5,
                    29,
                    9,
                    12,
                    16,
                    21,
                    22,
                    15
                ]
            ],
            "mapping_type": "telegate",
            "costs": {
                "num_comms": 1527,
                "epairs": 1527,
                "total_fidelity_loss": 129.5116773234674,
                "rgeo_mean_fid": 0.9183298282141412,
                "execution_time": 0.0,
                "total_fidelity_log_sum": -134.9484384976326,
                "total_fidelity": 2.469663703683791e-59,
                "remote_hops": 1527,
                "remote_swaps": 0,
                "local_fidelity_loss": 4.845635153244744,
                "remote_fidelity_loss": 124.66604217022265,
                "local_fidelity_log_sum": -4.850080253573911,
                "remote_fidelity_log_sum": -130.0983582440587,
                "local_fidelity": 0.007827749319158273,
                "remote_fidelity": 3.1550112337390955e-57,
                "local_gate_num": 7841
            },
            "logical_phy_map": {
                "0": [
                    0,
                    0
                ],
                "2": [
                    0,
                    3
                ],
                "6": [
                    0,
                    7
                ],
                "7": [
                    0,
                    6
                ],
                "17": [
                    0,
                    1
                ],
                "37": [
                    0,
                    2
                ],
                "19": [
                    0,
                    4
                ],
                "34": [
                    0,
                    9
                ],
                "39": [
                    0,
                    8
                ],
                "35": [
                    0,
                    5
                ],
                "13": [
                    1,
                    3
                ],
                "18": [
                    1,
                    6
                ],
                "33": [
                    1,
                    8
                ],
                "3": [
                    1,
                    4
                ],
                "1": [
                    1,
                    2
                ],
                "10": [
                    1,
                    5
                ],
                "8": [
                    1,
                    1
                ],
                "4": [
                    1,
                    7
                ],
                "27": [
                    1,
                    9
                ],
                "30": [
                    1,
                    0
                ],
                "20": [
                    2,
                    4
                ],
                "23": [
                    2,
                    1
                ],
                "24": [
                    2,
                    0
                ],
                "25": [
                    2,
                    5
                ],
                "26": [
                    2,
                    9
                ],
                "28": [
                    2,
                    3
                ],
                "11": [
                    2,
                    7
                ],
                "32": [
                    2,
                    8
                ],
                "14": [
                    2,
                    2
                ],
                "31": [
                    2,
                    6
                ],
                "36": [
                    3,
                    6
                ],
                "38": [
                    3,
                    0
                ],
                "5": [
                    3,
                    8
                ],
                "29": [
                    3,
                    9
                ],
                "9": [
                    3,
                    2
                ],
                "12": [
                    3,
                    4
                ],
                "16": [
                    3,
                    3
                ],
                "21": [
                    3,
                    5
                ],
                "22": [
                    3,
                    7
                ],
                "15": [
                    3,
                    1
                ]
            },
            "extra_info": null
        }
    ]
}