{
    "total_costs": {
        "num_comms": 2,
        "epairs": 4,
        "total_fidelity_loss": 0.20601939651720452,
        "rgeo_mean_fid": 0.93,
        "execution_time": 0.15528273582458496,
        "total_fidelity_log_sum": -0.2112450685488529,
        "total_fidelity": 0.8095756410407666,
        "remote_hops": 0,
        "remote_swaps": 2,
        "local_fidelity_loss": 0.06601939651720462,
        "remote_fidelity_loss": 0.1399999999999999,
        "local_fidelity_log_sum": -0.06610368287918215,
        "remote_fidelity_log_sum": -0.14514138566967075,
        "local_fidelity": 0.9360338085799127,
        "remote_fidelity": 0.8649000000000001,
        "local_gate_num": 81
    },
    "num_records": 3,
    "records": [
        {
            "layer_start": 0,
            "layer_end": 9,
            "partition": [
                [
                    1,
                    3
                ],
                [
                    0,
                    2
                ]
            ],
            "mapping_type": "teledata",
            "costs": {
                "num_comms": 0,
                "epairs": 0,
                "total_fidelity_loss": 0.022366436246689266,
                "rgeo_mean_fid": 1.0,
                "execution_time": 0.0,
                "total_fidelity_log_sum": -0.022394596640793102,
                "total_fidelity": 0.9778543008897397,
                "remote_hops": 0,
                "remote_swaps": 0,
                "local_fidelity_loss": 0.022366436246689266,
                "remote_fidelity_loss": 0.0,
                "local_fidelity_log_sum": -0.022394596640793102,
                "remote_fidelity_log_sum": 0.0,
                "local_fidelity": 0.9778543008897397,
                "remote_fidelity": 1.0,
                "local_gate_num": 30
            },
            "logical_phy_map": {
                "1": [
                    0,
                    0
                ],
                "3": [
                    0,
                    1
                ],
                "0": [
                    1,
                    0
                ],
                "2": [
                    1,
                    1
                ]
            },
            "extra_info": null
        },
        {
            "layer_start": 12,
            "layer_end": 19,
            "partition": [
                [
                    0,
                    1
                ],
                [
                    2,
                    3
                ]
            ],
            "mapping_type": "teledata",
            "costs": {
                "num_comms": 1,
                "epairs": 2,
                "total_fidelity_loss": 0.09128652402382605,
                "rgeo_mean_fid": 0.93,
                "execution_time": 0.0,
                "total_fidelity_log_sum": -0.09388518243243132,
                "total_fidelity": 0.9103872846937193,
                "remote_hops": 0,
                "remote_swaps": 1,
                "local_fidelity_loss": 0.02128652402382609,
                "remote_fidelity_loss": 0.06999999999999995,
                "local_fidelity_log_sum": -0.02131448959759595,
                "remote_fidelity_log_sum": -0.07257069283483537,
                "local_fidelity": 0.9789110588104508,
                "remote_fidelity": 0.93,
                "local_gate_num": 22
            },
            "logical_phy_map": {
                "1": [
                    0,
                    0
                ],
                "3": [
                    1,
                    0
                ],
                "0": [
                    0,
                    1
                ],
                "2": [
                    1,
                    1
                ]
            },
            "extra_info": null
        },
        {
            "layer_start": 22,
            "layer_end": 32,
            "partition": [
                [
                    0,
                    3
                ],
                [
                    1,
                    2
                ]
            ],
            "mapping_type": "teledata",
            "costs": {
                "num_comms": 1,
                "epairs": 2,
                "total_fidelity_loss": 0.09236643624668922,
                "rgeo_mean_fid": 0.93,
                "execution_time": 0.0,
                "total_fidelity_log_sum": -0.09496528947562848,
                "total_fidelity": 0.9094044998274581,
                "remote_hops": 0,
                "remote_swaps": 1,
                "local_fidelity_loss": 0.022366436246689266,
                "remote_fidelity_loss": 0.06999999999999995,
                "local_fidelity_log_sum": -0.022394596640793102,
                "remote_fidelity_log_sum": -0.07257069283483537,
                "local_fidelity": 0.9778543008897398,
                "remote_fidelity": 0.93,
                "local_gate_num": 29
            },
            "logical_phy_map": {
                "1": [
                    1,
                    0
                ],
                "3": [
                    0,
                    0
                ],
                "0": [
                    0,
                    1
                ],
                "2": [
                    1,
                    1
                ]
            },
            "extra_info": null
        }
    ]
}