{
    "total_costs": {
        "num_comms": 9,
        "epairs": 9,
        "total_fidelity_loss": 0.6828050252423329,
        "rgeo_mean_fid": 0.93,
        "execution_time": 0.1061551570892334,
        "total_fidelity_log_sum": -0.7060840414617511,
        "total_fidelity": 0.49357323029499184,
        "remote_hops": 9,
        "remote_swaps": 0,
        "local_fidelity_loss": 0.052805025242333305,
        "remote_fidelity_loss": 0.6299999999999996,
        "local_fidelity_log_sum": -0.052947805948232715,
        "remote_fidelity_log_sum": -0.6531362355135184,
        "local_fidelity": 0.9484295135695845,
        "remote_fidelity": 0.5204110829884875,
        "local_gate_num": 54
    },
    "num_records": 1,
    "records": [
        {
            "layer_start": 0,
            "layer_end": 32,
            "partition": [
                [
                    0,
                    1,
                    2
                ],
                [
                    3
                ]
            ],
            "mapping_type": "telegate",
            "costs": {
                "num_comms": 9,
                "epairs": 9,
                "total_fidelity_loss": 0.6828050252423329,
                "rgeo_mean_fid": 0.93,
                "execution_time": 0.0,
                "total_fidelity_log_sum": -0.7060840414617511,
                "total_fidelity": 0.49357323029499184,
                "remote_hops": 9,
                "remote_swaps": 0,
                "local_fidelity_loss": 0.052805025242333305,
                "remote_fidelity_loss": 0.6299999999999996,
                "local_fidelity_log_sum": -0.052947805948232715,
                "remote_fidelity_log_sum": -0.6531362355135184,
                "local_fidelity": 0.9484295135695845,
                "remote_fidelity": 0.5204110829884875,
                "local_gate_num": 54
            },
            "logical_phy_map": {
                "0": [
                    0,
                    0
                ],
                "1": [
                    0,
                    1
                ],
                "2": [
                    0,
                    2
                ],
                "3": [
                    1,
                    null
                ]
            },
            "extra_info": null
        }
    ]
}