{
    "total_costs": {
        "num_comms": 2,
        "epairs": 4,
        "total_fidelity_loss": 0.18996368786199808,
        "rgeo_mean_fid": 0.93,
        "execution_time": 0.32047295570373535,
        "total_fidelity_log_sum": -0.19515346611689993,
        "total_fidelity": 0.8227083905053394,
        "remote_hops": 0,
        "remote_swaps": 2,
        "local_fidelity_loss": 0.04996368786199816,
        "remote_fidelity_loss": 0.1399999999999999,
        "local_fidelity_log_sum": -0.0500120804472292,
        "remote_fidelity_log_sum": -0.14514138566967075,
        "local_fidelity": 0.9512179332932585,
        "remote_fidelity": 0.8649000000000001,
        "local_gate_num": 81
    },
    "num_records": 3,
    "records": [
        {
            "layer_start": 0,
            "layer_end": 9,
            "partition": [
                [
                    1,
                    3
                ],
                [
                    0,
                    2
                ]
            ],
            "mapping_type": "teledata",
            "costs": {
                "num_comms": 0,
                "epairs": 0,
                "total_fidelity_loss": 0.016948520867797155,
                "rgeo_mean_fid": 1.0,
                "execution_time": 0.0,
                "total_fidelity_log_sum": -0.01696469741434432,
                "total_fidelity": 0.9831783927616881,
                "remote_hops": 0,
                "remote_swaps": 0,
                "local_fidelity_loss": 0.016948520867797155,
                "remote_fidelity_loss": 0.0,
                "local_fidelity_log_sum": -0.01696469741434432,
                "remote_fidelity_log_sum": 0.0,
                "local_fidelity": 0.9831783927616881,
                "remote_fidelity": 1.0,
                "local_gate_num": 30
            },
            "logical_phy_map": {
                "1": [
                    0,
                    0
                ],
                "3": [
                    0,
                    1
                ],
                "0": [
                    1,
                    0
                ],
                "2": [
                    1,
                    1
                ]
            },
            "extra_info": null
        },
        {
            "layer_start": 12,
            "layer_end": 19,
            "partition": [
                [
                    0,
                    1
                ],
                [
                    2,
                    3
                ]
            ],
            "mapping_type": "teledata",
            "costs": {
                "num_comms": 1,
                "epairs": 2,
                "total_fidelity_loss": 0.0860666461264038,
                "rgeo_mean_fid": 0.93,
                "execution_time": 0.0,
                "total_fidelity_log_sum": -0.08865337845337593,
                "total_fidelity": 0.9151627337261824,
                "remote_hops": 0,
                "remote_swaps": 1,
                "local_fidelity_loss": 0.016066646126403853,
                "remote_fidelity_loss": 0.06999999999999995,
                "local_fidelity_log_sum": -0.01608268561854056,
                "remote_fidelity_log_sum": -0.07257069283483537,
                "local_fidelity": 0.9840459502432068,
                "remote_fidelity": 0.93,
                "local_gate_num": 22
            },
            "logical_phy_map": {
                "1": [
                    0,
                    0
                ],
                "3": [
                    1,
                    0
                ],
                "0": [
                    0,
                    1
                ],
                "2": [
                    1,
                    1
                ]
            },
            "extra_info": null
        },
        {
            "layer_start": 22,
            "layer_end": 32,
            "partition": [
                [
                    0,
                    3
                ],
                [
                    1,
                    2
                ]
            ],
            "mapping_type": "teledata",
            "costs": {
                "num_comms": 1,
                "epairs": 2,
                "total_fidelity_loss": 0.0869485208677971,
                "rgeo_mean_fid": 0.93,
                "execution_time": 0.0,
                "total_fidelity_log_sum": -0.0895353902491797,
                "total_fidelity": 0.9143559052683702,
                "remote_hops": 0,
                "remote_swaps": 1,
                "local_fidelity_loss": 0.016948520867797152,
                "remote_fidelity_loss": 0.06999999999999995,
                "local_fidelity_log_sum": -0.01696469741434432,
                "remote_fidelity_log_sum": -0.07257069283483537,
                "local_fidelity": 0.9831783927616883,
                "remote_fidelity": 0.93,
                "local_gate_num": 29
            },
            "logical_phy_map": {
                "1": [
                    1,
                    0
                ],
                "3": [
                    0,
                    0
                ],
                "0": [
                    0,
                    1
                ],
                "2": [
                    1,
                    1
                ]
            },
            "extra_info": null
        }
    ]
}