{
    "total_costs": {
        "num_comms": 12,
        "epairs": 12,
        "total_fidelity_loss": 0.8619232245690941,
        "rgeo_mean_fid": 0.93,
        "execution_time": 0.1685342788696289,
        "total_fidelity_log_sum": -0.8927946077621656,
        "total_fidelity": 0.4095097330817109,
        "remote_hops": 12,
        "remote_swaps": 0,
        "local_fidelity_loss": 0.02192322456909469,
        "remote_fidelity_loss": 0.8399999999999994,
        "local_fidelity_log_sum": -0.021946293744140928,
        "remote_fidelity_log_sum": -0.8708483140180246,
        "local_fidelity": 0.9782927740823897,
        "remote_fidelity": 0.4185962974793708,
        "local_gate_num": 48
    },
    "num_records": 1,
    "records": [
        {
            "layer_start": 0,
            "layer_end": 32,
            "partition": [
                [
                    0,
                    1
                ],
                [
                    2,
                    3
                ]
            ],
            "mapping_type": "telegate",
            "costs": {
                "num_comms": 12,
                "epairs": 12,
                "total_fidelity_loss": 0.8619232245690941,
                "rgeo_mean_fid": 0.93,
                "execution_time": 0.0,
                "total_fidelity_log_sum": -0.8927946077621656,
                "total_fidelity": 0.4095097330817109,
                "remote_hops": 12,
                "remote_swaps": 0,
                "local_fidelity_loss": 0.02192322456909469,
                "remote_fidelity_loss": 0.8399999999999994,
                "local_fidelity_log_sum": -0.021946293744140928,
                "remote_fidelity_log_sum": -0.8708483140180246,
                "local_fidelity": 0.9782927740823897,
                "remote_fidelity": 0.4185962974793708,
                "local_gate_num": 48
            },
            "logical_phy_map": {
                "0": [
                    0,
                    0
                ],
                "1": [
                    0,
                    1
                ],
                "2": [
                    1,
                    0
                ],
                "3": [
                    1,
                    1
                ]
            },
            "extra_info": null
        }
    ]
}