{
    "total_costs": {
        "num_comms": 2592,
        "epairs": 2592,
        "total_fidelity_loss": 219.54330692662163,
        "rgeo_mean_fid": 0.9178832949356176,
        "execution_time": 12.072174072265625,
        "total_fidelity_log_sum": -228.91478449571233,
        "total_fidelity": 3.833295218657771e-100,
        "remote_hops": 2592,
        "remote_swaps": 0,
        "local_fidelity_loss": 6.812934724928917,
        "remote_fidelity_loss": 212.73037220169272,
        "local_fidelity_log_sum": -6.819196732862371,
        "remote_fidelity_log_sum": -222.09558776284996,
        "local_fidelity": 0.0010925982181238872,
        "remote_fidelity": 3.5084216275219317e-97,
        "local_gate_num": 9449
    },
    "num_records": 1,
    "records": [
        {
            "layer_start": 0,
            "layer_end": 502,
            "partition": [
                [
                    2,
                    4,
                    9,
                    41,
                    32,
                    28,
                    44,
                    14,
                    27,
                    18
                ],
                [
                    13,
                    15,
                    17,
                    26,
                    31,
                    7,
                    33,
                    1,
                    39,
                    20
                ],
                [
                    21,
                    22,
                    23,
                    29,
                    8,
                    38,
                    49,
                    47,
                    30,
                    19
                ],
                [
                    34,
                    35,
                    36,
                    42,
                    3,
                    25,
                    16,
                    48,
                    10,
                    11
                ],
                [
                    40,
                    43,
                    45,
                    46,
                    37,
                    6,
                    0,
                    24,
                    5,
                    12
                ]
            ],
            "mapping_type": "telegate",
            "costs": {
                "num_comms": 2592,
                "epairs": 2592,
                "total_fidelity_loss": 219.54330692662163,
                "rgeo_mean_fid": 0.9178832949356176,
                "execution_time": 0.0,
                "total_fidelity_log_sum": -228.91478449571233,
                "total_fidelity": 3.833295218657771e-100,
                "remote_hops": 2592,
                "remote_swaps": 0,
                "local_fidelity_loss": 6.812934724928917,
                "remote_fidelity_loss": 212.73037220169272,
                "local_fidelity_log_sum": -6.819196732862371,
                "remote_fidelity_log_sum": -222.09558776284996,
                "local_fidelity": 0.0010925982181238872,
                "remote_fidelity": 3.5084216275219317e-97,
                "local_gate_num": 9449
            },
            "logical_phy_map": {
                "2": [
                    0,
                    5
                ],
                "4": [
                    0,
                    9
                ],
                "9": [
                    0,
                    1
                ],
                "41": [
                    0,
                    8
                ],
                "32": [
                    0,
                    0
                ],
                "28": [
                    0,
                    3
                ],
                "44": [
                    0,
                    2
                ],
                "14": [
                    0,
                    4
                ],
                "27": [
                    0,
                    7
                ],
                "18": [
                    0,
                    6
                ],
                "13": [
                    1,
                    7
                ],
                "15": [
                    1,
                    6
                ],
                "17": [
                    1,
                    2
                ],
                "26": [
                    1,
                    8
                ],
                "31": [
                    1,
                    9
                ],
                "7": [
                    1,
                    0
                ],
                "33": [
                    1,
                    5
                ],
                "1": [
                    1,
                    4
                ],
                "39": [
                    1,
                    3
                ],
                "20": [
                    1,
                    1
                ],
                "21": [
                    2,
                    5
                ],
                "22": [
                    2,
                    0
                ],
                "23": [
                    2,
                    8
                ],
                "29": [
                    2,
                    9
                ],
                "8": [
                    2,
                    7
                ],
                "38": [
                    2,
                    4
                ],
                "49": [
                    2,
                    6
                ],
                "47": [
                    2,
                    3
                ],
                "30": [
                    2,
                    2
                ],
                "19": [
                    2,
                    1
                ],
                "34": [
                    3,
                    3
                ],
                "35": [
                    3,
                    1
                ],
                "36": [
                    3,
                    8
                ],
                "42": [
                    3,
                    6
                ],
                "3": [
                    3,
                    9
                ],
                "25": [
                    3,
                    5
                ],
                "16": [
                    3,
                    2
                ],
                "48": [
                    3,
                    7
                ],
                "10": [
                    3,
                    0
                ],
                "11": [
                    3,
                    4
                ],
                "40": [
                    4,
                    6
                ],
                "43": [
                    4,
                    4
                ],
                "45": [
                    4,
                    1
                ],
                "46": [
                    4,
                    3
                ],
                "37": [
                    4,
                    5
                ],
                "6": [
                    4,
                    2
                ],
                "0": [
                    4,
                    9
                ],
                "24": [
                    4,
                    7
                ],
                "5": [
                    4,
                    8
                ],
                "12": [
                    4,
                    0
                ]
            },
            "extra_info": null
        }
    ]
}