{
    "total_costs": {
        "num_comms": 3081,
        "epairs": 3081,
        "total_fidelity_loss": 244.48489928219806,
        "rgeo_mean_fid": 0.9227514543296225,
        "execution_time": 1.6652653217315674,
        "total_fidelity_log_sum": -254.2617898940721,
        "total_fidelity": 3.762770150381382e-111,
        "remote_hops": 3081,
        "remote_swaps": 0,
        "local_fidelity_loss": 6.55736469279504,
        "remote_fidelity_loss": 237.92753458940302,
        "local_fidelity_log_sum": -6.5636826798219685,
        "remote_fidelity_log_sum": -247.69810721425014,
        "local_fidelity": 0.0014106810460491732,
        "remote_fidelity": 2.6673429553190585e-108,
        "local_gate_num": 10666
    },
    "num_records": 1,
    "records": [
        {
            "layer_start": 0,
            "layer_end": 601,
            "partition": [
                [
                    2,
                    6,
                    7,
                    8,
                    10,
                    12,
                    17,
                    19,
                    51,
                    47,
                    52,
                    32,
                    21,
                    25,
                    18,
                    13,
                    5,
                    9,
                    24,
                    4
                ],
                [
                    22,
                    37,
                    39,
                    1,
                    14,
                    48,
                    49,
                    54,
                    46,
                    50,
                    11,
                    59,
                    36,
                    15,
                    31,
                    26,
                    38,
                    55,
                    42,
                    20
                ],
                [
                    43,
                    44,
                    45,
                    57,
                    58,
                    0,
                    34,
                    3,
                    30,
                    29,
                    23,
                    53,
                    56,
                    33,
                    27,
                    40,
                    28,
                    35,
                    41,
                    16
                ]
            ],
            "mapping_type": "telegate",
            "costs": {
                "num_comms": 3081,
                "epairs": 3081,
                "total_fidelity_loss": 244.48489928219806,
                "rgeo_mean_fid": 0.9227514543296225,
                "execution_time": 0.0,
                "total_fidelity_log_sum": -254.2617898940721,
                "total_fidelity": 3.762770150381382e-111,
                "remote_hops": 3081,
                "remote_swaps": 0,
                "local_fidelity_loss": 6.55736469279504,
                "remote_fidelity_loss": 237.92753458940302,
                "local_fidelity_log_sum": -6.5636826798219685,
                "remote_fidelity_log_sum": -247.69810721425014,
                "local_fidelity": 0.0014106810460491732,
                "remote_fidelity": 2.6673429553190585e-108,
                "local_gate_num": 10666
            },
            "logical_phy_map": {
                "2": [
                    0,
                    0
                ],
                "6": [
                    0,
                    1
                ],
                "7": [
                    0,
                    2
                ],
                "8": [
                    0,
                    3
                ],
                "10": [
                    0,
                    4
                ],
                "12": [
                    0,
                    5
                ],
                "17": [
                    0,
                    6
                ],
                "19": [
                    0,
                    7
                ],
                "51": [
                    0,
                    8
                ],
                "47": [
                    0,
                    9
                ],
                "52": [
                    0,
                    10
                ],
                "32": [
                    0,
                    11
                ],
                "21": [
                    0,
                    12
                ],
                "25": [
                    0,
                    13
                ],
                "18": [
                    0,
                    14
                ],
                "13": [
                    0,
                    15
                ],
                "5": [
                    0,
                    16
                ],
                "9": [
                    0,
                    17
                ],
                "24": [
                    0,
                    18
                ],
                "4": [
                    0,
                    19
                ],
                "22": [
                    1,
                    0
                ],
                "37": [
                    1,
                    1
                ],
                "39": [
                    1,
                    2
                ],
                "1": [
                    1,
                    3
                ],
                "14": [
                    1,
                    4
                ],
                "48": [
                    1,
                    5
                ],
                "49": [
                    1,
                    6
                ],
                "54": [
                    1,
                    7
                ],
                "46": [
                    1,
                    8
                ],
                "50": [
                    1,
                    9
                ],
                "11": [
                    1,
                    10
                ],
                "59": [
                    1,
                    11
                ],
                "36": [
                    1,
                    12
                ],
                "15": [
                    1,
                    13
                ],
                "31": [
                    1,
                    14
                ],
                "26": [
                    1,
                    15
                ],
                "38": [
                    1,
                    16
                ],
                "55": [
                    1,
                    17
                ],
                "42": [
                    1,
                    18
                ],
                "20": [
                    1,
                    19
                ],
                "43": [
                    2,
                    0
                ],
                "44": [
                    2,
                    1
                ],
                "45": [
                    2,
                    2
                ],
                "57": [
                    2,
                    3
                ],
                "58": [
                    2,
                    4
                ],
                "0": [
                    2,
                    5
                ],
                "34": [
                    2,
                    6
                ],
                "3": [
                    2,
                    7
                ],
                "30": [
                    2,
                    8
                ],
                "29": [
                    2,
                    9
                ],
                "23": [
                    2,
                    10
                ],
                "53": [
                    2,
                    11
                ],