{
    "total_costs": {
        "num_comms": 2316,
        "epairs": 2316,
        "total_fidelity_log_sum": -166.3824208869199,
        "total_fidelity_loss": 163.8826250272156,
        "geo_mean_fidelity": 0.9976188979493559,
        "total_fidelity": 5.508492000843799e-73,
        "execution_time": 16.119979858398438,
        "remote_hops": 2316,
        "remote_swaps": 0,
        "local_fidelity": 1.7124372138889785e-26,
        "remote_fidelity": 3.216755601996003e-47,
        "local_fidelity_loss": 59.26598747272798,
        "remote_fidelity_loss": 104.61663755448762,
        "local_fidelity_log_sum": -59.32929479078431,
        "remote_fidelity_log_sum": -107.05312609613559,
        "local_gate_num": 67477
    },
    "records": [
        {
            "layer_start": 0,
            "layer_end": 601,
            "partition": [
                [
                    38,
                    50,
                    46,
                    29,
                    3,
                    53,
                    0,
                    1,
                    11,
                    37,
                    22,
                    51,
                    9,
                    41,
                    16,
                    27,
                    40,
                    57,
                    23,
                    54,
                    14,
                    39,
                    6,
                    48,
                    28,
                    43,
                    33,
                    49,
                    34,
                    32
                ],
                [
                    20,
                    10,
                    19,
                    44,
                    52,
                    15,
                    5,
                    26,
                    35,
                    2,
                    4,
                    31,
                    42,
                    8,
                    58,
                    24,
                    30,
                    12,
                    36,
                    18,
                    25,
                    21,
                    45,
                    13,
                    47,
                    55,
                    59,
                    7,
                    17,
                    56
                ]
            ],
            "mapping_type": "telegate",
            "costs": {
                "num_comms": 2316,
                "epairs": 2316,
                "total_fidelity_log_sum": -166.3824208869199,
                "total_fidelity_loss": 163.8826250272156,
                "geo_mean_fidelity": 0.9976188979493559,
                "total_fidelity": 5.508492000843799e-73,
                "execution_time": 0.0,
                "remote_hops": 2316,
                "remote_swaps": 0,
                "local_fidelity": 1.7124372138889785e-26,
                "remote_fidelity": 3.216755601996003e-47,
                "local_fidelity_loss": 59.26598747272798,
                "remote_fidelity_loss": 104.61663755448762,
                "local_fidelity_log_sum": -59.32929479078431,
                "remote_fidelity_log_sum": -107.05312609613559,
                "local_gate_num": 67477
            },
            "extra_info": null
        }
    ]
}