{
    "total_costs": {
        "num_comms": 2241,
        "epairs": 2241,
        "total_fidelity_loss": 166.67953629947056,
        "rgeo_mean_fid": 0.9300000000000027,
        "execution_time": 1.8331615924835205,
        "total_fidelity_log_sum": -172.4506209678322,
        "total_fidelity": 1.2754014690258295e-75,
        "remote_hops": 2241,
        "remote_swaps": 0,
        "local_fidelity_loss": 9.80953629947937,
        "remote_fidelity_loss": 156.8699999999912,
        "local_fidelity_log_sum": -9.819698324972663,
        "remote_fidelity_log_sum": -162.63092264285956,
        "local_fidelity": 5.4369983788675735e-05,
        "remote_fidelity": 2.3457823235391e-71,
        "local_gate_num": 14572
    },
    "num_records": 1,
    "records": [
        {
            "layer_start": 0,
            "layer_end": 601,
            "partition": [
                [
                    7,
                    8,
                    13,
                    15,
                    17,
                    20,
                    25,
                    52,
                    36,
                    47,
                    31,
                    22,
                    2,
                    44,
                    59,
                    55,
                    37,
                    48,
                    42,
                    45,
                    58,
                    34,
                    30,
                    10,
                    26,
                    4,
                    18,
                    39,
                    6,
                    11
                ],
                [
                    33,
                    46,
                    49,
                    50,
                    53,
                    54,
                    57,
                    3,
                    27,
                    23,
                    0,
                    40,
                    1,
                    12,
                    28,
                    41,
                    24,
                    21,
                    32,
                    19,
                    9,
                    16,
                    51,
                    35,
                    29,
                    38,
                    56,
                    14,
                    5,
                    43
                ]
            ],
            "mapping_type": "telegate",
            "costs": {
                "num_comms": 2241,
                "epairs": 2241,
                "total_fidelity_loss": 166.67953629947056,
                "rgeo_mean_fid": 0.9300000000000027,
                "execution_time": 0.0,
                "total_fidelity_log_sum": -172.4506209678322,
                "total_fidelity": 1.2754014690258295e-75,
                "remote_hops": 2241,
                "remote_swaps": 0,
                "local_fidelity_loss": 9.80953629947937,
                "remote_fidelity_loss": 156.8699999999912,
                "local_fidelity_log_sum": -9.819698324972663,
                "remote_fidelity_log_sum": -162.63092264285956,
                "local_fidelity": 5.4369983788675735e-05,
                "remote_fidelity": 2.3457823235391e-71,
                "local_gate_num": 14572
            },
            "logical_phy_map": {
                "7": [
                    0,
                    0
                ],
                "8": [
                    0,
                    1
                ],
                "13": [
                    0,
                    2
                ],
                "15": [
                    0,
                    3
                ],
                "17": [
                    0,
                    4
                ],
                "20": [
                    0,
                    5
                ],
                "25": [
                    0,
                    6
                ],
                "52": [
                    0,
                    7
                ],
                "36": [
                    0,
                    8
                ],
                "47": [
                    0,
                    9
                ],
                "31": [
                    0,
                    10
                ],
                "22": [
                    0,
                    11
                ],
                "2": [
                    0,
                    12
                ],
                "44": [
                    0,
                    13
                ],
                "59": [
                    0,
                    14
                ],
                "55": [
                    0,
                    15
                ],
                "37": [
                    0,
                    16
                ],
                "48": [
                    0,
                    17
                ],
                "42": [
                    0,
                    18
                ],
                "45": [
                    0,
                    19
                ],
                "58": [
                    0,
                    20
                ],
                "34": [
                    0,
                    21
                ],
                "30": [
                    0,
                    22
                ],
                "10": [
                    0,
                    23
                ],
                "26": [
                    0,
                    24
                ],
                "4": [
                    0,
                    25
                ],
                "18": [
                    0,
                    26
                ],
                "39": [
                    0,
                    27
                ],
                "6": [
                    0,
                    28
                ],
                "11": [
                    0,
                    29
                ],
                "33": [
                    1,
                    0
                ],
                "46": [
                    1,
                    1
                ],
                "49": [
                    1,
                    2
                ],
                "50": [
                    1,
                    3
                ],
                "53": [
                    1,
                    4
                ],
                "54": [
                    1,
                    5
                ],
                "57": [
                    1,
                    6
                ],
                "3": [
                    1,
                    7
                ],
                "27": [
                    1,
                    8
                ],
                "23": [
                    1,
                    9
                ],
                "0": [
                    1,
                    10
                ],
                "40": [
                    1,
                    11
                ],
                "1": [
                    1,
                    12
                ],
                "12": [
                    1,
                    13
                ],
                "28": [
                    1,
                    14
                ],
                "41": [
                    1,
                    15
                ],
                "24": [
                    1,
                    16
                ],
                "21": [
                    1,
                    17
                ],
                "32": [
                    1,
                    18
                ],
                "19": [
                    1,
                    19
                ],
                "9": [
                    1,
                    20
                ],
                "16": [
                    1,
                    21
                ],
                "51": [
                    1,
                    22
                ],