{
    "total_costs": {
        "num_comms": 2316,
        "epairs": 2316,
        "total_fidelity_loss": 221.82799707180777,
        "rgeo_mean_fid": 0.9300000000000028,
        "execution_time": 44.08530831336975,
        "total_fidelity_log_sum": -227.8455788023619,
        "total_fidelity": 1.116663704010589e-99,
        "remote_hops": 2316,
        "remote_swaps": 0,
        "local_fidelity_loss": 59.707997071817104,
        "remote_fidelity_loss": 162.11999999999068,
        "local_fidelity_log_sum": -59.77185419689009,
        "remote_fidelity_log_sum": -168.07372460547182,
        "local_fidelity": 1.10005284653393e-26,
        "remote_fidelity": 1.0151000540828532e-73,
        "local_gate_num": 66324
    },
    "num_records": 1,
    "records": [
        {
            "layer_start": 0,
            "layer_end": 601,
            "partition": [
                [
                    38,
                    50,
                    46,
                    29,
                    3,
                    53,
                    0,
                    1,
                    11,
                    37,
                    22,
                    51,
                    9,
                    41,
                    16,
                    27,
                    40,
                    57,
                    23,
                    54,
                    14,
                    39,
                    6,
                    48,
                    28,
                    43,
                    33,
                    49,
                    34,
                    32
                ],
                [
                    20,
                    10,
                    19,
                    44,
                    52,
                    15,
                    5,
                    26,
                    35,
                    2,
                    4,
                    31,
                    42,
                    8,
                    58,
                    24,
                    30,
                    12,
                    36,
                    18,
                    25,
                    21,
                    45,
                    13,
                    47,
                    55,
                    59,
                    7,
                    17,
                    56
                ]
            ],
            "mapping_type": "telegate",
            "costs": {
                "num_comms": 2316,
                "epairs": 2316,
                "total_fidelity_loss": 221.82799707180777,
                "rgeo_mean_fid": 0.9300000000000028,
                "execution_time": 0.0,
                "total_fidelity_log_sum": -227.8455788023619,
                "total_fidelity": 1.116663704010589e-99,
                "remote_hops": 2316,
                "remote_swaps": 0,
                "local_fidelity_loss": 59.707997071817104,
                "remote_fidelity_loss": 162.11999999999068,
                "local_fidelity_log_sum": -59.77185419689009,
                "remote_fidelity_log_sum": -168.07372460547182,
                "local_fidelity": 1.10005284653393e-26,
                "remote_fidelity": 1.0151000540828532e-73,
                "local_gate_num": 66324
            },
            "logical_phy_map": {
                "38": [
                    0,
                    21
                ],
                "50": [
                    0,
                    16
                ],
                "46": [
                    0,
                    15
                ],
                "29": [
                    0,
                    24
                ],
                "3": [
                    0,
                    2
                ],
                "53": [
                    0,
                    26
                ],
                "0": [
                    0,
                    5
                ],
                "1": [
                    0,
                    3
                ],
                "11": [
                    0,
                    7
                ],
                "37": [
                    0,
                    0
                ],
                "22": [
                    0,
                    14
                ],
                "51": [
                    0,
                    25
                ],
                "9": [
                    0,
                    19
                ],
                "41": [
                    0,
                    8
                ],
                "16": [
                    0,
                    10
                ],
                "27": [
                    0,
                    18
                ],
                "40": [
                    0,
                    6
                ],
                "57": [
                    0,
                    17
                ],
                "23": [
                    0,
                    9
                ],
                "54": [
                    0,
                    11
                ],
                "14": [
                    0,
                    20
                ],
                "39": [
                    0,
                    12
                ],
                "6": [
                    0,
                    4
                ],
                "48": [
                    0,
                    13
                ],
                "28": [
                    0,
                    22
                ],
                "43": [
                    0,
                    27
                ],
                "33": [
                    0,
                    1
                ],
                "49": [
                    0,
                    28
                ],
                "34": [
                    0,
                    29
                ],
                "32": [
                    0,
                    23
                ],
                "20": [
                    1,
                    10
                ],
                "10": [
                    1,
                    14
                ],
                "19": [
                    1,
                    16
                ],
                "44": [
                    1,
                    11
                ],
                "52": [
                    1,
                    25
                ],
                "15": [
                    1,
                    17
                ],
                "5": [
                    1,
                    4
                ],
                "26": [
                    1,
                    22
                ],
                "35": [
                    1,
                    21
                ],
                "2": [
                    1,
                    24
                ],
                "4": [
                    1,
                    6
                ],
                "31": [
                    1,
                    15
                ],
                "42": [
                    1,
                    19
                ],
                "8": [
                    1,
                    7
                ],
                "58": [
                    1,
                    2
                ],
                "24": [
                    1,
                    1
                ],
                "30": [
                    1,
                    20
                ],
                "12": [
                    1,
                    29
                ],
                "36": [
                    1,
                    12
                ],
                "18": [
                    1,
                    13
                ],
                "25": [
                    1,
                    23
                ],
                "21": [
                    1,
                    26
                ],
                "45": [
                    1,
                    5
                ],