{
    "total_costs": {
        "exec_time (sec)": 0.43672704696655273,
        "num_comms": 3126,
        "remote_hops": 3126,
        "remote_swaps": 0,
        "fidelity_loss": 62.52000000000022,
        "fidelity": 3.7386311033048635e-28
    },
    "records": [
        {
            "layer_start": 0,
            "layer_end": 761,
            "partition": [
                [
                    32,
                    13,
                    51,
                    7,
                    17,
                    31,
                    45,
                    10,
                    2,
                    4,
                    18,
                    58,
                    12,
                    36,
                    5,
                    15,
                    44,
                    47,
                    19,
                    52
                ],
                [
                    53,
                    27,
                    23,
                    3,
                    29,
                    0,
                    1,
                    11,
                    22,
                    33,
                    41,
                    24,
                    40,
                    28,
                    30,
                    34,
                    38,
                    56,
                    43,
                    57
                ],
                [
                    21,
                    8,
                    9,
                    16,
                    42,
                    35,
                    6,
                    14,
                    46,
                    59,
                    26,
                    37,
                    20,
                    48,
                    39,
                    50,
                    25,
                    49,
                    54,
                    55
                ]
            ],
            "mapping_type": "telegate",
            "costs": {
                "num_comms": 3126,
                "remote_hops": 3126,
                "remote_swaps": 0,
                "fidelity_loss": 62.52000000000022,
                "fidelity": 3.7386311033048635e-28
            },
            "extra_info": null
        }
    ]
}