{
    "total_costs": {
        "num_comms": 2316,
        "epairs": 2316,
        "geo_mean_fidelity": 0.9982789991684264,
        "total_fidelity_loss": 115.59078645409426,
        "total_fidelity": 3.000419677995255e-51,
        "execution_time": 20.053719997406006,
        "remote_hops": 2316,
        "remote_swaps": 0,
        "local_fidelity": 7.987903466630879e-27,
        "remote_fidelity": 3.7562042287183097e-25,
        "local_fidelity_loss": 60.02694836055216,
        "remote_fidelity_loss": 55.5638380935421,
        "local_fidelity_log_sum": -60.09186918015536,
        "remote_fidelity_log_sum": -56.241218390991065,
        "local_gate_num": 65222
    },
    "records": [
        {
            "layer_start": 0,
            "layer_end": 601,
            "partition": [
                [
                    38,
                    50,
                    46,
                    29,
                    3,
                    53,
                    0,
                    1,
                    11,
                    37,
                    22,
                    51,
                    9,
                    41,
                    16,
                    27,
                    40,
                    57,
                    23,
                    54,
                    14,
                    39,
                    6,
                    48,
                    28,
                    43,
                    33,
                    49,
                    34,
                    32
                ],
                [
                    20,
                    10,
                    19,
                    44,
                    52,
                    15,
                    5,
                    26,
                    35,
                    2,
                    4,
                    31,
                    42,
                    8,
                    58,
                    24,
                    30,
                    12,
                    36,
                    18,
                    25,
                    21,
                    45,
                    13,
                    47,
                    55,
                    59,
                    7,
                    17,
                    56
                ]
            ],
            "mapping_type": "telegate",
            "costs": {
                "num_comms": 2316,
                "epairs": 2316,
                "geo_mean_fidelity": 0.9982789991684264,
                "total_fidelity_loss": 115.59078645409426,
                "total_fidelity": 3.000419677995255e-51,
                "execution_time": 0.0,
                "remote_hops": 2316,
                "remote_swaps": 0,
                "local_fidelity": 7.987903466630879e-27,
                "remote_fidelity": 3.7562042287183097e-25,
                "local_fidelity_loss": 60.02694836055216,
                "remote_fidelity_loss": 55.5638380935421,
                "local_fidelity_log_sum": -60.09186918015536,
                "remote_fidelity_log_sum": -56.241218390991065,
                "local_gate_num": 65222
            },
            "extra_info": null
        }
    ]
}