{
    "total_costs": {
        "num_comms": 2265,
        "epairs": 2265,
        "total_fidelity_log_sum": -196.5456206838815,
        "total_fidelity_loss": 194.13231190472862,
        "geo_mean_fidelity": 0.997188362268565,
        "total_fidelity": 4.378461091148654e-86,
        "execution_time": 19.619612455368042,
        "remote_hops": 2265,
        "remote_swaps": 0,
        "local_fidelity": 3.183784867435963e-45,
        "remote_fidelity": 1.3752377354173476e-41,
        "local_fidelity_loss": 101.97234892326789,
        "remote_fidelity_loss": 92.15996298146074,
        "local_fidelity_log_sum": -102.45825848578923,
        "remote_fidelity_log_sum": -94.08736219809228,
        "local_gate_num": 67541
    },
    "num_records": 1,
    "records": [
        {
            "layer_start": 0,
            "layer_end": 601,
            "partition": [
                [
                    53,
                    32,
                    33,
                    52,
                    38,
                    56,
                    39,
                    45,
                    3,
                    13,
                    0,
                    1,
                    11,
                    51,
                    16,
                    22,
                    4,
                    41,
                    5,
                    28,
                    47,
                    57,
                    18,
                    23,
                    24,
                    43,
                    27,
                    55,
                    31,
                    44,
                    29,
                    30,
                    34,
                    40,
                    17
                ],
                [
                    46,
                    50,
                    25,
                    19,
                    7,
                    21,
                    37,
                    49,
                    12,
                    35,
                    36,
                    2,
                    9,
                    6,
                    26,
                    14,
                    15,
                    20,
                    48,
                    10,
                    42,
                    8,
                    59,
                    54,
                    58
                ]
            ],
            "mapping_type": "telegate",
            "costs": {
                "num_comms": 2265,
                "epairs": 2265,
                "total_fidelity_log_sum": -196.5456206838815,
                "total_fidelity_loss": 194.13231190472862,
                "geo_mean_fidelity": 0.997188362268565,
                "total_fidelity": 4.378461091148654e-86,
                "execution_time": 0.0,
                "remote_hops": 2265,
                "remote_swaps": 0,
                "local_fidelity": 3.183784867435963e-45,
                "remote_fidelity": 1.3752377354173476e-41,
                "local_fidelity_loss": 101.97234892326789,
                "remote_fidelity_loss": 92.15996298146074,
                "local_fidelity_log_sum": -102.45825848578923,
                "remote_fidelity_log_sum": -94.08736219809228,
                "local_gate_num": 67541
            },
            "logical_phy_map": {
                "53": [
                    0,
                    29
                ],
                "32": [
                    0,
                    32
                ],
                "33": [
                    0,
                    12
                ],
                "52": [
                    0,
                    31
                ],
                "38": [
                    0,
                    15
                ],
                "56": [
                    0,
                    21
                ],
                "39": [
                    0,
                    22
                ],
                "45": [
                    0,
                    13
                ],
                "3": [
                    0,
                    27
                ],
                "13": [
                    0,
                    17
                ],
                "0": [
                    0,
                    2
                ],
                "1": [
                    0,
                    33
                ],
                "11": [
                    0,
                    19
                ],
                "51": [
                    0,
                    7
                ],
                "16": [
                    0,
                    8
                ],
                "22": [
                    0,
                    20
                ],
                "4": [
                    0,
                    6
                ],
                "41": [
                    0,
                    9
                ],
                "5": [
                    0,
                    10
                ],
                "28": [
                    0,
                    30
                ],
                "47": [
                    0,
                    28
                ],
                "57": [
                    0,
                    26
                ],
                "18": [
                    0,
                    4
                ],
                "23": [
                    0,
                    14
                ],
                "24": [
                    0,
                    0
                ],
                "43": [
                    0,
                    23
                ],
                "27": [
                    0,
                    25
                ],
                "55": [
                    0,
                    24
                ],
                "31": [
                    0,
                    34
                ],
                "44": [
                    0,
                    11
                ],
                "29": [
                    0,
                    16
                ],
                "30": [
                    0,
                    3
                ],
                "34": [
                    0,
                    18
                ],
                "40": [
                    0,
                    1
                ],
                "17": [
                    0,
                    5
                ],
                "46": [
                    1,
                    null
                ],
                "50": [
                    1,
                    null
                ],
                "25": [
                    1,
                    null
                ],
                "19": [
                    1,
                    null
                ],
                "7": [
                    1,
                    null
                ],
                "21": [
                    1,
                    null
                ],
                "37": [
                    1,
                    null
                ],
                "49": [
                    1,
                    null
                ],
                "12": [
                    1,
                    null
                ],
                "35": [
                    1,
                    null
                ],
                "36": [
                    1,
                    null
                ],
                "2": [
                    1,
                    null
                ],
                "9": [
                    1,
                    null
                ],
                "6": [
                    1,
                    null
                ],
                "26": [
                    1,
                    null
                ],
                "14": [
                    1,
                    null
                ],
                "15": [
                    1,
                    null
                ],