{
    "total_costs": {
        "num_comms": 2364,
        "epairs": 2364,
        "total_fidelity_loss": 224.72604037148494,
        "rgeo_mean_fid": 0.9300000000000028,
        "execution_time": 18.568492650985718,
        "total_fidelity_log_sum": -230.8758915336379,
        "total_fidelity": 5.393544949183033e-101,
        "remote_hops": 2364,
        "remote_swaps": 0,
        "local_fidelity_loss": 59.24604037149457,
        "remote_fidelity_loss": 165.47999999999035,
        "local_fidelity_log_sum": -59.31877367209423,
        "remote_fidelity_log_sum": -171.55711786154367,
        "local_fidelity": 1.7305490805437205e-26,
        "remote_fidelity": 3.11666684858683e-75,
        "local_gate_num": 65907
    },
    "num_records": 1,
    "records": [
        {
            "layer_start": 0,
            "layer_end": 601,
            "partition": [
                [
                    51,
                    7,
                    19,
                    16,
                    30,
                    45,
                    10,
                    3,
                    24,
                    2,
                    4,
                    18,
                    42,
                    8,
                    58,
                    34,
                    36,
                    25,
                    35,
                    12,
                    44,
                    39,
                    5,
                    17,
                    6,
                    52,
                    21,
                    47,
                    13,
                    56,
                    23
                ],
                [
                    33,
                    53,
                    57,
                    29,
                    27,
                    50,
                    26,
                    38,
                    46,
                    28,
                    0,
                    1,
                    11,
                    37,
                    22,
                    40,
                    41,
                    55,
                    20,
                    31,
                    43,
                    54,
                    49,
                    59,
                    14,
                    48,
                    15,
                    9,
                    32
                ]
            ],
            "mapping_type": "telegate",
            "costs": {
                "num_comms": 2364,
                "epairs": 2364,
                "total_fidelity_loss": 224.72604037148494,
                "rgeo_mean_fid": 0.9300000000000028,
                "execution_time": 0.0,
                "total_fidelity_log_sum": -230.8758915336379,
                "total_fidelity": 5.393544949183033e-101,
                "remote_hops": 2364,
                "remote_swaps": 0,
                "local_fidelity_loss": 59.24604037149457,
                "remote_fidelity_loss": 165.47999999999035,
                "local_fidelity_log_sum": -59.31877367209423,
                "remote_fidelity_log_sum": -171.55711786154367,
                "local_fidelity": 1.7305490805437205e-26,
                "remote_fidelity": 3.11666684858683e-75,
                "local_gate_num": 65907
            },
            "logical_phy_map": {
                "51": [
                    0,
                    3
                ],
                "7": [
                    0,
                    22
                ],
                "19": [
                    0,
                    30
                ],
                "16": [
                    0,
                    4
                ],
                "30": [
                    0,
                    17
                ],
                "45": [
                    0,
                    13
                ],
                "10": [
                    0,
                    15
                ],
                "3": [
                    0,
                    19
                ],
                "24": [
                    0,
                    29
                ],
                "2": [
                    0,
                    25
                ],
                "4": [
                    0,
                    8
                ],
                "18": [
                    0,
                    18
                ],
                "42": [
                    0,
                    20
                ],
                "8": [
                    0,
                    10
                ],
                "58": [
                    0,
                    7
                ],
                "34": [
                    0,
                    21
                ],
                "36": [
                    0,
                    0
                ],
                "25": [
                    0,
                    14
                ],
                "35": [
                    0,
                    24
                ],
                "12": [
                    0,
                    23
                ],
                "44": [
                    0,
                    2
                ],
                "39": [
                    0,
                    5
                ],
                "5": [
                    0,
                    12
                ],
                "17": [
                    0,
                    28
                ],
                "6": [
                    0,
                    11
                ],
                "52": [
                    0,
                    27
                ],
                "21": [
                    0,
                    26
                ],
                "47": [
                    0,
                    16
                ],
                "13": [
                    0,
                    1
                ],
                "56": [
                    0,
                    6
                ],
                "23": [
                    0,
                    9
                ],
                "33": [
                    1,
                    28
                ],
                "53": [
                    1,
                    4
                ],
                "57": [
                    1,
                    22
                ],
                "29": [
                    1,
                    20
                ],
                "27": [
                    1,
                    23
                ],
                "50": [
                    1,
                    1
                ],
                "26": [
                    1,
                    29
                ],
                "38": [
                    1,
                    10
                ],
                "46": [
                    1,
                    0
                ],
                "28": [
                    1,
                    25
                ],
                "0": [
                    1,
                    6
                ],
                "1": [
                    1,
                    14
                ],
                "11": [
                    1,
                    30
                ],
                "37": [
                    1,
                    9
                ],
                "22": [
                    1,
                    16
                ],
                "40": [
                    1,
                    3
                ],
                "41": [
                    1,
                    18
                ],
                "55": [
                    1,
                    8
                ],
                "20": [
                    1,
                    15
                ],
                "31": [
                    1,
                    5
                ],
                "43": [
                    1,
                    7
                ],
                "54": [
                    1,
                    17
                ],