{
    "total_costs": {
        "num_comms": 5,
        "epairs": 6,
        "total_fidelity_log_sum": -0.3820279738542173,
        "total_fidelity_loss": 0.37612161114015263,
        "geo_mean_fidelity": 0.9983184727377289,
        "total_fidelity": 0.682475961455304,
        "execution_time": 0.27559852600097656,
        "remote_hops": 4,
        "remote_swaps": 1,
        "local_fidelity": 0.8696514793718261,
        "remote_fidelity": 0.7847695055360289,
        "local_fidelity_loss": 0.13953670109036242,
        "remote_fidelity_loss": 0.2365849100497902,
        "local_fidelity_log_sum": -0.13966274601768025,
        "remote_fidelity_log_sum": -0.24236522783653702,
        "local_gate_num": 222
    },
    "num_records": 4,
    "records": [
        {
            "layer_start": 0,
            "layer_end": 12,
            "partition": [
                [
                    0,
                    2,
                    3,
                    4
                ],
                [
                    1,
                    5
                ]
            ],
            "mapping_type": "teledata",
            "costs": {
                "num_comms": 0,
                "epairs": 0,
                "total_fidelity_log_sum": -0.023698718086856457,
                "total_fidelity_loss": 0.023677775034125503,
                "geo_mean_fidelity": 0.9994735004698377,
                "total_fidelity": 0.9765798912978834,
                "execution_time": 0.0,
                "remote_hops": 0,
                "remote_swaps": 0,
                "local_fidelity": 0.9765798912978834,
                "remote_fidelity": 1.0,
                "local_fidelity_loss": 0.023677775034125503,
                "remote_fidelity_loss": 0.0,
                "local_fidelity_log_sum": -0.023698718086856457,
                "remote_fidelity_log_sum": 0.0,
                "local_gate_num": 45
            },
            "logical_phy_map": {
                "0": [
                    0,
                    1
                ],
                "2": [
                    0,
                    2
                ],
                "3": [
                    0,
                    0
                ],
                "4": [
                    0,
                    3
                ],
                "1": [
                    1,
                    null
                ],
                "5": [
                    1,
                    null
                ]
            },
            "extra_info": null
        },
        {
            "layer_start": 15,
            "layer_end": 32,
            "partition": [
                [
                    0,
                    2
                ],
                [
                    1,
                    3,
                    4,
                    5
                ]
            ],
            "mapping_type": "teledata",
            "costs": {
                "num_comms": 2,
                "epairs": 2,
                "total_fidelity_log_sum": -0.14280103530239582,
                "total_fidelity_loss": 0.14044722428433803,
                "geo_mean_fidelity": 0.9980186178218803,
                "total_fidelity": 0.8669265395139171,
                "execution_time": 0.0,
                "remote_hops": 2,
                "remote_swaps": 0,
                "local_fidelity": 0.9551805066454419,
                "remote_fidelity": 0.9076049327666146,
                "local_fidelity_loss": 0.04581326026442196,
                "remote_fidelity_loss": 0.09463396401991608,
                "local_fidelity_log_sum": -0.045854944167781006,
                "remote_fidelity_log_sum": -0.09694609113461482,
                "local_gate_num": 70
            },
            "logical_phy_map": {
                "0": [
                    0,
                    null
                ],
                "2": [
                    0,
                    null
                ],
                "3": [
                    1,
                    3
                ],
                "4": [
                    1,
                    1
                ],
                "1": [
                    1,
                    0
                ],
                "5": [
                    1,
                    2
                ]
            },
            "extra_info": null
        },
        {
            "layer_start": 35,
            "layer_end": 42,
            "partition": [
                [
                    0,
                    4
                ],
                [
                    1,
                    2,
                    3,
                    5
                ]
            ],
            "mapping_type": "teledata",
            "costs": {
                "num_comms": 1,
                "epairs": 2,
                "total_fidelity_log_sum": -0.08645191557629583,
                "total_fidelity_loss": 0.0852618866629698,
                "geo_mean_fidelity": 0.9982724556140732,
                "total_fidelity": 0.9171796497793048,
                "execution_time": 0.0,
                "remote_hops": 0,
                "remote_swaps": 1,
                "local_fidelity": 0.9627332832219034,
                "remote_fidelity": 0.952683017990042,
                "local_fidelity_loss": 0.03794490465301175,
                "remote_fidelity_loss": 0.04731698200995804,
                "local_fidelity_log_sum": -0.037978870008988426,
                "remote_fidelity_log_sum": -0.04847304556730741,
                "local_gate_num": 49
            },
            "logical_phy_map": {
                "0": [
                    0,
                    null
                ],
                "2": [
                    1,
                    1
                ],
                "3": [
                    1,
                    3
                ],
                "4": [
                    0,
                    null
                ],
                "1": [
                    1,
                    0
                ],
                "5": [
                    1,
                    2
                ]
            },
            "extra_info": null
        },
        {
            "layer_start": 45,
            "layer_end": 65,
            "partition": [
                [
                    0,
                    3,
                    4,
                    5
                ],
                [
                    1,
                    2
                ]
            ],
            "mapping_type": "teledata",
            "costs": {
                "num_comms": 2,
                "epairs": 2,
                "total_fidelity_log_sum": -0.1290763048886692,
                "total_fidelity_loss": 0.1267347251587193,
                "geo_mean_fidelity": 0.9978510405784778,
                "total_fidelity": 0.8789068980938186,
                "execution_time": 0.0,
                "remote_hops": 2,
                "remote_swaps": 0,
                "local_fidelity": 0.9683804774117777,
                "remote_fidelity": 0.9076049327666146,
                "local_fidelity_loss": 0.03210076113880323,
                "remote_fidelity_loss": 0.09463396401991608,
                "local_fidelity_log_sum": -0.03213021375405438,
                "remote_fidelity_log_sum": -0.09694609113461482,
                "local_gate_num": 58
            },
            "logical_phy_map": {
                "0": [
                    0,
                    3
                ],
                "2": [
                    1,
                    null
                ],
                "3": [
                    0,
                    2
                ],
                "4": [
                    0,
                    0
                ],
                "1": [
                    1,
                    null
                ],
                "5": [
                    0,
                    1
                ]
            },
            "extra_info": null
        }
    ]
}