{
    "total_costs": {
        "num_comms": 21,
        "epairs": 21,
        "total_fidelity_log_sum": -0.7933749678909865,
        "total_fidelity_loss": 0.7826867838908977,
        "geo_mean_fidelity": 0.9952605186448134,
        "total_fidelity": 0.4523156655041884,
        "execution_time": 0.20227813720703125,
        "remote_hops": 21,
        "remote_swaps": 0,
        "local_fidelity": 0.8794600687691724,
        "remote_fidelity": 0.5143106339520521,
        "local_fidelity_loss": 0.12817558498021445,
        "remote_fidelity_loss": 0.6545111989106833,
        "local_fidelity_log_sum": -0.12844711803060477,
        "remote_fidelity_log_sum": -0.6649278498603817,
        "local_gate_num": 146
    },
    "num_records": 1,
    "records": [
        {
            "layer_start": 0,
            "layer_end": 62,
            "partition": [
                [
                    1,
                    2,
                    5
                ],
                [
                    3,
                    4,
                    0
                ]
            ],
            "mapping_type": "telegate",
            "costs": {
                "num_comms": 21,
                "epairs": 21,
                "total_fidelity_log_sum": -0.7933749678909865,
                "total_fidelity_loss": 0.7826867838908977,
                "geo_mean_fidelity": 0.9952605186448134,
                "total_fidelity": 0.4523156655041884,
                "execution_time": 0.0,
                "remote_hops": 21,
                "remote_swaps": 0,
                "local_fidelity": 0.8794600687691724,
                "remote_fidelity": 0.5143106339520521,
                "local_fidelity_loss": 0.12817558498021445,
                "remote_fidelity_loss": 0.6545111989106833,
                "local_fidelity_log_sum": -0.12844711803060477,
                "remote_fidelity_log_sum": -0.6649278498603817,
                "local_gate_num": 146
            },
            "logical_phy_map": {
                "1": [
                    0,
                    2
                ],
                "2": [
                    0,
                    1
                ],
                "5": [
                    0,
                    0
                ],
                "3": [
                    1,
                    0
                ],
                "4": [
                    1,
                    1
                ],
                "0": [
                    1,
                    2
                ]
            },
            "extra_info": null
        }
    ]
}