{
    "total_costs": {
        "num_comms": 6246,
        "epairs": 6246,
        "total_fidelity_loss": 539.5204044450485,
        "rgeo_mean_fid": 0.9200248758712428,
        "execution_time": 27.440152883529663,
        "total_fidelity_log_sum": -561.0036445114466,
        "total_fidelity": 2.286719320147318e-244,
        "remote_hops": 6246,
        "remote_swaps": 0,
        "local_fidelity_loss": 40.33020961301882,
        "remote_fidelity_loss": 499.19019483202965,
        "local_fidelity_log_sum": -40.370998329474126,
        "remote_fidelity_log_sum": -520.6326461819725,
        "local_fidelity": 2.9315560127128765e-18,
        "remote_fidelity": 7.800360321381601e-227,
        "local_gate_num": 46522
    },
    "num_records": 1,
    "records": [
        {
            "layer_start": 0,
            "layer_end": 802,
            "partition": [
                [
                    0,
                    7,
                    8,
                    13,
                    65,
                    37,
                    57,
                    20,
                    2,
                    58,
                    31,
                    23,
                    22,
                    76,
                    63,
                    27,
                    47,
                    74,
                    44,
                    6
                ],
                [
                    25,
                    26,
                    28,
                    35,
                    39,
                    68,
                    73,
                    17,
                    48,
                    70,
                    21,
                    10,
                    59,
                    19,
                    45,
                    42,
                    24,
                    14,
                    71,
                    69
                ],
                [
                    49,
                    53,
                    9,
                    34,
                    66,
                    18,
                    72,
                    16,
                    75,
                    61,
                    1,
                    30,
                    33,
                    79,
                    55,
                    5,
                    54,
                    43,
                    52,
                    12
                ],
                [
                    62,
                    64,
                    67,
                    78,
                    4,
                    41,
                    11,
                    40,
                    38,
                    29,
                    3,
                    50,
                    15,
                    56,
                    36,
                    46,
                    77,
                    51,
                    60,
                    32
                ]
            ],
            "mapping_type": "telegate",
            "costs": {
                "num_comms": 6246,
                "epairs": 6246,
                "total_fidelity_loss": 539.5204044450485,
                "rgeo_mean_fid": 0.9200248758712428,
                "execution_time": 0.0,
                "total_fidelity_log_sum": -561.0036445114466,
                "total_fidelity": 2.286719320147318e-244,
                "remote_hops": 6246,
                "remote_swaps": 0,
                "local_fidelity_loss": 40.33020961301882,
                "remote_fidelity_loss": 499.19019483202965,
                "local_fidelity_log_sum": -40.370998329474126,
                "remote_fidelity_log_sum": -520.6326461819725,
                "local_fidelity": 2.9315560127128765e-18,
                "remote_fidelity": 7.800360321381601e-227,
                "local_gate_num": 46522
            },
            "logical_phy_map": {
                "0": [
                    0,
                    8
                ],
                "7": [
                    0,
                    4
                ],
                "8": [
                    0,
                    7
                ],
                "13": [
                    0,
                    2
                ],
                "65": [
                    0,
                    1
                ],
                "37": [
                    0,
                    14
                ],
                "57": [
                    0,
                    13
                ],
                "20": [
                    0,
                    6
                ],
                "2": [
                    0,
                    19
                ],
                "58": [
                    0,
                    17
                ],
                "31": [
                    0,
                    16
                ],
                "23": [
                    0,
                    15
                ],
                "22": [
                    0,
                    18
                ],
                "76": [
                    0,
                    5
                ],
                "63": [
                    0,
                    11
                ],
                "27": [
                    0,
                    9
                ],
                "47": [
                    0,
                    12
                ],
                "74": [
                    0,
                    10
                ],
                "44": [
                    0,
                    0
                ],
                "6": [
                    0,
                    3
                ],
                "25": [
                    1,
                    16
                ],
                "26": [
                    1,
                    17
                ],
                "28": [
                    1,
                    13
                ],
                "35": [
                    1,
                    11
                ],
                "39": [
                    1,
                    8
                ],
                "68": [
                    1,
                    14
                ],
                "73": [
                    1,
                    12
                ],
                "17": [
                    1,
                    4
                ],
                "48": [
                    1,
                    15
                ],
                "70": [
                    1,
                    2
                ],
                "21": [
                    1,
                    9
                ],
                "10": [
                    1,
                    18
                ],
                "59": [
                    1,
                    19
                ],
                "19": [
                    1,
                    6
                ],
                "45": [
                    1,
                    10
                ],
                "42": [
                    1,
                    3
                ],
                "24": [
                    1,
                    5
                ],
                "14": [
                    1,
                    0
                ],
                "71": [
                    1,
                    7
                ],
                "69": [
                    1,
                    1
                ],
                "49": [
                    2,
                    0
                ],
                "53": [
                    2,
                    11
                ],
                "9": [
                    2,
                    3
                ],
                "34": [
                    2,
                    14
                ],
                "66": [
                    2,
                    16
                ],
                "18": [
                    2,
                    1
                ],