{
    "total_costs": {
        "num_comms": 7185,
        "epairs": 7185,
        "total_fidelity_log_sum": -346.21411510915374,
        "total_fidelity_loss": 341.59090249256377,
        "geo_mean_fidelity": 0.9969770667041852,
        "total_fidelity": 4.376432666955248e-151,
        "execution_time": 33.69817662239075,
        "remote_hops": 7185,
        "remote_swaps": 0,
        "local_fidelity": 2.1902955333523397e-41,
        "remote_fidelity": 1.9981014435330255e-110,
        "local_fidelity_loss": 93.52229686704923,
        "remote_fidelity_loss": 248.06860562551452,
        "local_fidelity_log_sum": -93.62195233129118,
        "remote_fidelity_log_sum": -252.59216277786254,
        "local_gate_num": 107171
    },
    "records": [
        {
            "layer_start": 0,
            "layer_end": 901,
            "partition": [
                [
                    43,
                    37,
                    5,
                    88,
                    80,
                    36,
                    53,
                    47,
                    56,
                    14,
                    60,
                    63,
                    4,
                    64,
                    1,
                    13,
                    6,
                    78,
                    7,
                    68,
                    38,
                    77,
                    9,
                    83,
                    26,
                    33,
                    52,
                    57,
                    11,
                    28
                ],
                [
                    25,
                    76,
                    73,
                    35,
                    81,
                    34,
                    42,
                    89,
                    2,
                    0,
                    16,
                    24,
                    54,
                    44,
                    51,
                    10,
                    84,
                    20,
                    49,
                    8,
                    17,
                    31,
                    82,
                    65,
                    67,
                    45,
                    46,
                    40,
                    19,
                    32
                ],
                [
                    58,
                    23,
                    69,
                    22,
                    85,
                    48,
                    29,
                    3,
                    18,
                    71,
                    79,
                    15,
                    27,
                    59,
                    62,
                    55,
                    66,
                    74,
                    75,
                    41,
                    72,
                    50,
                    70,
                    21,
                    30,
                    39,
                    86,
                    12,
                    87,
                    61
                ]
            ],
            "mapping_type": "telegate",
            "costs": {
                "num_comms": 7185,
                "epairs": 7185,
                "total_fidelity_log_sum": -346.21411510915374,
                "total_fidelity_loss": 341.59090249256377,
                "geo_mean_fidelity": 0.9969770667041852,
                "total_fidelity": 4.376432666955248e-151,
                "execution_time": 0.0,
                "remote_hops": 7185,
                "remote_swaps": 0,
                "local_fidelity": 2.1902955333523397e-41,
                "remote_fidelity": 1.9981014435330255e-110,
                "local_fidelity_loss": 93.52229686704923,
                "remote_fidelity_loss": 248.06860562551452,
                "local_fidelity_log_sum": -93.62195233129118,
                "remote_fidelity_log_sum": -252.59216277786254,
                "local_gate_num": 107171
            },
            "extra_info": null
        }
    ]
}