{
    "total_costs": {
        "num_comms": 7176,
        "epairs": 7176,
        "total_fidelity_log_sum": -976.9223568134296,
        "total_fidelity_loss": 525.292558558666,
        "geo_mean_fidelity": 0.9916215307819879,
        "total_fidelity": 0.0,
        "execution_time": 44.41152620315552,
        "remote_hops": 7176,
        "remote_swaps": 0,
        "local_fidelity": 1.0450331726840225e-287,
        "remote_fidelity": 5.1154178134747836e-138,
        "local_fidelity_loss": 216.03165901922412,
        "remote_fidelity_loss": 309.2608995394419,
        "local_fidelity_log_sum": -660.7978730602845,
        "remote_fidelity_log_sum": -316.1244837531451,
        "local_gate_num": 108934
    },
    "num_records": 1,
    "records": [
        {
            "layer_start": 0,
            "layer_end": 901,
            "partition": [
                [
                    49,
                    25,
                    7,
                    52,
                    76,
                    5,
                    59,
                    80,
                    61,
                    42,
                    29,
                    4,
                    0,
                    48,
                    11,
                    84,
                    46,
                    87,
                    45,
                    86,
                    8,
                    55,
                    81,
                    88,
                    24,
                    82,
                    18,
                    70,
                    71,
                    64,
                    27
                ],
                [
                    19,
                    36,
                    43,
                    38,
                    62,
                    37,
                    14,
                    75,
                    33,
                    1,
                    13,
                    6,
                    15,
                    22,
                    68,
                    47,
                    77,
                    28,
                    54,
                    2,
                    9,
                    16,
                    39,
                    41,
                    44,
                    10,
                    26,
                    20,
                    40,
                    31,
                    21
                ],
                [
                    78,
                    23,
                    56,
                    85,
                    69,
                    65,
                    51,
                    74,
                    12,
                    32,
                    30,
                    50,
                    57,
                    3,
                    34,
                    67,
                    79,
                    58,
                    60,
                    17,
                    73,
                    72,
                    83,
                    35,
                    66,
                    53,
                    63,
                    89
                ]
            ],
            "mapping_type": "telegate",
            "costs": {
                "num_comms": 7176,
                "epairs": 7176,
                "total_fidelity_log_sum": -976.9223568134296,
                "total_fidelity_loss": 525.292558558666,
                "geo_mean_fidelity": 0.9916215307819879,
                "total_fidelity": 0.0,
                "execution_time": 0.0,
                "remote_hops": 7176,
                "remote_swaps": 0,
                "local_fidelity": 1.0450331726840225e-287,
                "remote_fidelity": 5.1154178134747836e-138,
                "local_fidelity_loss": 216.03165901922412,
                "remote_fidelity_loss": 309.2608995394419,
                "local_fidelity_log_sum": -660.7978730602845,
                "remote_fidelity_log_sum": -316.1244837531451,
                "local_gate_num": 108934
            },
            "logical_phy_map": {
                "49": [
                    0,
                    2
                ],
                "25": [
                    0,
                    28
                ],
                "7": [
                    0,
                    10
                ],
                "52": [
                    0,
                    16
                ],
                "76": [
                    0,
                    23
                ],
                "5": [
                    0,
                    25
                ],
                "59": [
                    0,
                    17
                ],
                "80": [
                    0,
                    7
                ],
                "61": [
                    0,
                    21
                ],
                "42": [
                    0,
                    26
                ],
                "29": [
                    0,
                    24
                ],
                "4": [
                    0,
                    20
                ],
                "0": [
                    0,
                    5
                ],
                "48": [
                    0,
                    13
                ],
                "11": [
                    0,
                    19
                ],
                "84": [
                    0,
                    4
                ],
                "46": [
                    0,
                    30
                ],
                "87": [
                    0,
                    12
                ],
                "45": [
                    0,
                    3
                ],
                "86": [
                    0,
                    6
                ],
                "8": [
                    0,
                    8
                ],
                "55": [
                    0,
                    14
                ],
                "81": [
                    0,
                    0
                ],
                "88": [
                    0,
                    22
                ],
                "24": [
                    0,
                    18
                ],
                "82": [
                    0,
                    1
                ],
                "18": [
                    0,
                    9
                ],
                "70": [
                    0,
                    29
                ],
                "71": [
                    0,
                    15
                ],
                "64": [
                    0,
                    11
                ],
                "27": [
                    0,
                    27
                ],
                "19": [
                    1,
                    25
                ],
                "36": [
                    1,
                    28
                ],
                "43": [
                    1,
                    16
                ],
                "38": [
                    1,
                    1
                ],
                "62": [
                    1,
                    8
                ],
                "37": [
                    1,
                    2
                ],
                "14": [
                    1,
                    6
                ],
                "75": [
                    1,
                    12
                ],
                "33": [
                    1,
                    19
                ],
                "1": [
                    1,
                    18
                ],
                "13": [
                    1,
                    15
                ],
                "6": [
                    1,
                    26
                ],
                "15": [
                    1,
                    23
                ],