{
    "total_costs": {
        "num_comms": 7185,
        "epairs": 7185,
        "total_fidelity_loss": 531.3426319522133,
        "rgeo_mean_fid": 0.9390154237237319,
        "execution_time": 47.875481843948364,
        "total_fidelity_log_sum": -545.5312909879507,
        "total_fidelity": 1.19886593005788e-237,
        "remote_hops": 7185,
        "remote_swaps": 0,
        "local_fidelity_loss": 93.32726263943333,
        "remote_fidelity_loss": 438.01536931278,
        "local_fidelity_log_sum": -93.42684723234642,
        "remote_fidelity_log_sum": -452.1044437556042,
        "local_fidelity": 2.6621700018966233e-41,
        "remote_fidelity": 4.5033409932640136e-197,
        "local_gate_num": 107577
    },
    "num_records": 1,
    "records": [
        {
            "layer_start": 0,
            "layer_end": 901,
            "partition": [
                [
                    43,
                    37,
                    5,
                    88,
                    80,
                    36,
                    53,
                    47,
                    56,
                    14,
                    60,
                    63,
                    4,
                    64,
                    1,
                    13,
                    6,
                    78,
                    7,
                    68,
                    38,
                    77,
                    9,
                    83,
                    26,
                    33,
                    52,
                    57,
                    11,
                    28
                ],
                [
                    25,
                    76,
                    73,
                    35,
                    81,
                    34,
                    42,
                    89,
                    2,
                    0,
                    16,
                    24,
                    54,
                    44,
                    51,
                    10,
                    84,
                    20,
                    49,
                    8,
                    17,
                    31,
                    82,
                    65,
                    67,
                    45,
                    46,
                    40,
                    19,
                    32
                ],
                [
                    58,
                    23,
                    69,
                    22,
                    85,
                    48,
                    29,
                    3,
                    18,
                    71,
                    79,
                    15,
                    27,
                    59,
                    62,
                    55,
                    66,
                    74,
                    75,
                    41,
                    72,
                    50,
                    70,
                    21,
                    30,
                    39,
                    86,
                    12,
                    87,
                    61
                ]
            ],
            "mapping_type": "telegate",
            "costs": {
                "num_comms": 7185,
                "epairs": 7185,
                "total_fidelity_loss": 531.3426319522133,
                "rgeo_mean_fid": 0.9390154237237319,
                "execution_time": 0.0,
                "total_fidelity_log_sum": -545.5312909879507,
                "total_fidelity": 1.19886593005788e-237,
                "remote_hops": 7185,
                "remote_swaps": 0,
                "local_fidelity_loss": 93.32726263943333,
                "remote_fidelity_loss": 438.01536931278,
                "local_fidelity_log_sum": -93.42684723234642,
                "remote_fidelity_log_sum": -452.1044437556042,
                "local_fidelity": 2.6621700018966233e-41,
                "remote_fidelity": 4.5033409932640136e-197,
                "local_gate_num": 107577
            },
            "logical_phy_map": {
                "43": [
                    0,
                    0
                ],
                "37": [
                    0,
                    4
                ],
                "5": [
                    0,
                    11
                ],
                "88": [
                    0,
                    6
                ],
                "80": [
                    0,
                    20
                ],
                "36": [
                    0,
                    13
                ],
                "53": [
                    0,
                    29
                ],
                "47": [
                    0,
                    1
                ],
                "56": [
                    0,
                    19
                ],
                "14": [
                    0,
                    16
                ],
                "60": [
                    0,
                    28
                ],
                "63": [
                    0,
                    14
                ],
                "4": [
                    0,
                    15
                ],
                "64": [
                    0,
                    10
                ],
                "1": [
                    0,
                    17
                ],
                "13": [
                    0,
                    9
                ],
                "6": [
                    0,
                    12
                ],
                "78": [
                    0,
                    22
                ],
                "7": [
                    0,
                    24
                ],
                "68": [
                    0,
                    8
                ],
                "38": [
                    0,
                    2
                ],
                "77": [
                    0,
                    21
                ],
                "9": [
                    0,
                    26
                ],
                "83": [
                    0,
                    5
                ],
                "26": [
                    0,
                    3
                ],
                "33": [
                    0,
                    18
                ],
                "52": [
                    0,
                    23
                ],
                "57": [
                    0,
                    27
                ],
                "11": [
                    0,
                    7
                ],
                "28": [
                    0,
                    25
                ],
                "25": [
                    1,
                    21
                ],
                "76": [
                    1,
                    3
                ],
                "73": [
                    1,
                    8
                ],
                "35": [
                    1,
                    6
                ],
                "81": [
                    1,
                    11
                ],
                "34": [
                    1,
                    26
                ],
                "42": [
                    1,
                    5
                ],
                "89": [
                    1,
                    29
                ],
                "2": [
                    1,
                    16
                ],
                "0": [
                    1,
                    1
                ],
                "16": [
                    1,
                    19
                ],
                "24": [
                    1,
                    24
                ],
                "54": [
                    1,
                    4
                ],
                "44": [
                    1,
                    27
                ],