{
    "total_costs": {
        "num_comms": 7059,
        "epairs": 7059,
        "total_fidelity_loss": 634.9467852100668,
        "rgeo_mean_fid": 0.9228342265849471,
        "execution_time": 35.55107855796814,
        "total_fidelity_log_sum": -657.2574563274854,
        "total_fidelity": 3.603408736773083e-286,
        "remote_hops": 7059,
        "remote_swaps": 0,
        "local_fidelity_loss": 90.2951986837635,
        "remote_fidelity_loss": 544.6515865263033,
        "local_fidelity_log_sum": -90.37977808324104,
        "remote_fidelity_log_sum": -566.8776782442444,
        "local_fidelity": 5.604812684074719e-40,
        "remote_fidelity": 6.429133210841565e-247,
        "local_gate_num": 107795
    },
    "num_records": 1,
    "records": [
        {
            "layer_start": 0,
            "layer_end": 901,
            "partition": [
                [
                    5,
                    6,
                    7,
                    11,
                    14,
                    28,
                    80,
                    81,
                    40,
                    68,
                    33,
                    56,
                    38,
                    89,
                    31,
                    62,
                    60,
                    75,
                    52,
                    88,
                    29,
                    55,
                    8,
                    47,
                    4,
                    24,
                    48,
                    49,
                    64,
                    25
                ],
                [
                    34,
                    36,
                    44,
                    45,
                    46,
                    50,
                    51,
                    54,
                    84,
                    76,
                    16,
                    73,
                    9,
                    82,
                    10,
                    67,
                    19,
                    0,
                    87,
                    61,
                    86,
                    59,
                    77,
                    20,
                    26,
                    37,
                    43,
                    1,
                    71,
                    53
                ],
                [
                    63,
                    66,
                    69,
                    70,
                    72,
                    74,
                    85,
                    23,
                    32,
                    12,
                    18,
                    27,
                    15,
                    21,
                    39,
                    30,
                    3,
                    22,
                    41,
                    58,
                    65,
                    35,
                    13,
                    2,
                    83,
                    78,
                    42,
                    57,
                    17,
                    79
                ]
            ],
            "mapping_type": "telegate",
            "costs": {
                "num_comms": 7059,
                "epairs": 7059,
                "total_fidelity_loss": 634.9467852100668,
                "rgeo_mean_fid": 0.9228342265849471,
                "execution_time": 0.0,
                "total_fidelity_log_sum": -657.2574563274854,
                "total_fidelity": 3.603408736773083e-286,
                "remote_hops": 7059,
                "remote_swaps": 0,
                "local_fidelity_loss": 90.2951986837635,
                "remote_fidelity_loss": 544.6515865263033,
                "local_fidelity_log_sum": -90.37977808324104,
                "remote_fidelity_log_sum": -566.8776782442444,
                "local_fidelity": 5.604812684074719e-40,
                "remote_fidelity": 6.429133210841565e-247,
                "local_gate_num": 107795
            },
            "logical_phy_map": {
                "5": [
                    0,
                    11
                ],
                "6": [
                    0,
                    22
                ],
                "7": [
                    0,
                    3
                ],
                "11": [
                    0,
                    5
                ],
                "14": [
                    0,
                    9
                ],
                "28": [
                    0,
                    28
                ],
                "80": [
                    0,
                    7
                ],
                "81": [
                    0,
                    26
                ],
                "40": [
                    0,
                    14
                ],
                "68": [
                    0,
                    20
                ],
                "33": [
                    0,
                    16
                ],
                "56": [
                    0,
                    13
                ],
                "38": [
                    0,
                    17
                ],
                "89": [
                    0,
                    10
                ],
                "31": [
                    0,
                    12
                ],
                "62": [
                    0,
                    4
                ],
                "60": [
                    0,
                    27
                ],
                "75": [
                    0,
                    29
                ],
                "52": [
                    0,
                    8
                ],
                "88": [
                    0,
                    23
                ],
                "29": [
                    0,
                    1
                ],
                "55": [
                    0,
                    24
                ],
                "8": [
                    0,
                    2
                ],
                "47": [
                    0,
                    0
                ],
                "4": [
                    0,
                    25
                ],
                "24": [
                    0,
                    6
                ],
                "48": [
                    0,
                    21
                ],
                "49": [
                    0,
                    15
                ],
                "64": [
                    0,
                    19
                ],
                "25": [
                    0,
                    18
                ],
                "34": [
                    1,
                    12
                ],
                "36": [
                    1,
                    20
                ],
                "44": [
                    1,
                    13
                ],
                "45": [
                    1,
                    5
                ],
                "46": [
                    1,
                    7
                ],
                "50": [
                    1,
                    1
                ],
                "51": [
                    1,
                    3
                ],
                "54": [
                    1,
                    6
                ],
                "84": [
                    1,
                    19
                ],
                "76": [
                    1,
                    14
                ],
                "16": [
                    1,
                    0
                ],
                "73": [
                    1,
                    2
                ],
                "9": [
                    1,
                    24
                ],
                "82": [
                    1,
                    26
                ],