{
    "total_costs": {
        "exec_time (sec)": 1.4870173931121826,
        "num_comms": 7245,
        "remote_hops": 7245,
        "remote_swaps": 0,
        "fidelity_loss": 144.90000000000316,
        "fidelity": 2.709682410130544e-64
    },
    "records": [
        {
            "layer_start": 0,
            "layer_end": 1146,
            "partition": [
                [
                    68,
                    20,
                    13,
                    9,
                    14,
                    53,
                    43,
                    55,
                    40,
                    62,
                    38,
                    64,
                    26,
                    1,
                    8,
                    47,
                    84,
                    2,
                    37,
                    28,
                    48,
                    36,
                    46,
                    33,
                    77,
                    7,
                    29,
                    81,
                    80,
                    88
                ],
                [
                    42,
                    89,
                    45,
                    31,
                    76,
                    0,
                    16,
                    34,
                    54,
                    44,
                    51,
                    19,
                    49,
                    5,
                    35,
                    17,
                    73,
                    10,
                    57,
                    61,
                    83,
                    4,
                    82,
                    56,
                    67,
                    24,
                    65,
                    6,
                    50,
                    69
                ],
                [
                    27,
                    12,
                    79,
                    32,
                    72,
                    63,
                    74,
                    85,
                    78,
                    25,
                    3,
                    18,
                    60,
                    71,
                    22,
                    30,
                    58,
                    70,
                    39,
                    86,
                    15,
                    52,
                    59,
                    75,
                    21,
                    41,
                    11,
                    23,
                    66,
                    87
                ]
            ],
            "mapping_type": "telegate",
            "costs": {
                "num_comms": 7245,
                "remote_hops": 7245,
                "remote_swaps": 0,
                "fidelity_loss": 144.90000000000316,
                "fidelity": 2.709682410130544e-64
            },
            "extra_info": null
        }
    ]
}