{
    "total_costs": {
        "num_comms": 7059,
        "epairs": 7059,
        "total_fidelity_loss": 716.1009632075867,
        "rgeo_mean_fid": 0.9124073802185807,
        "execution_time": 33.96748900413513,
        "total_fidelity_log_sum": -745.1319883247555,
        "total_fidelity": 5e-324,
        "remote_hops": 7059,
        "remote_swaps": 0,
        "local_fidelity_loss": 97.93575544395121,
        "remote_fidelity_loss": 618.1652077636355,
        "local_fidelity_log_sum": -98.04263638430932,
        "remote_fidelity_log_sum": -647.0893519404462,
        "local_fidelity": 2.634050075778204e-43,
        "remote_fidelity": 9.389990522222106e-282,
        "local_gate_num": 109206
    },
    "num_records": 1,
    "records": [
        {
            "layer_start": 0,
            "layer_end": 901,
            "partition": [
                [
                    5,
                    6,
                    7,
                    11,
                    14,
                    28,
                    80,
                    81,
                    40,
                    68,
                    33,
                    56,
                    38,
                    89,
                    31,
                    62,
                    60,
                    75,
                    52,
                    88,
                    29,
                    55,
                    8,
                    47,
                    4,
                    24,
                    48,
                    49,
                    64,
                    25
                ],
                [
                    34,
                    36,
                    44,
                    45,
                    46,
                    50,
                    51,
                    54,
                    84,
                    76,
                    16,
                    73,
                    9,
                    82,
                    10,
                    67,
                    19,
                    0,
                    87,
                    61,
                    86,
                    59,
                    77,
                    20,
                    26,
                    37,
                    43,
                    1,
                    71,
                    53
                ],
                [
                    63,
                    66,
                    69,
                    70,
                    72,
                    74,
                    85,
                    23,
                    32,
                    12,
                    18,
                    27,
                    15,
                    21,
                    39,
                    30,
                    3,
                    22,
                    41,
                    58,
                    65,
                    35,
                    13,
                    2,
                    83,
                    78,
                    42,
                    57,
                    17,
                    79
                ]
            ],
            "mapping_type": "telegate",
            "costs": {
                "num_comms": 7059,
                "epairs": 7059,
                "total_fidelity_loss": 716.1009632075867,
                "rgeo_mean_fid": 0.9124073802185807,
                "execution_time": 0.0,
                "total_fidelity_log_sum": -745.1319883247555,
                "total_fidelity": 5e-324,
                "remote_hops": 7059,
                "remote_swaps": 0,
                "local_fidelity_loss": 97.93575544395121,
                "remote_fidelity_loss": 618.1652077636355,
                "local_fidelity_log_sum": -98.04263638430932,
                "remote_fidelity_log_sum": -647.0893519404462,
                "local_fidelity": 2.634050075778204e-43,
                "remote_fidelity": 9.389990522222106e-282,
                "local_gate_num": 109206
            },
            "logical_phy_map": {
                "5": [
                    0,
                    9
                ],
                "6": [
                    0,
                    7
                ],
                "7": [
                    0,
                    20
                ],
                "11": [
                    0,
                    15
                ],
                "14": [
                    0,
                    24
                ],
                "28": [
                    0,
                    3
                ],
                "80": [
                    0,
                    29
                ],
                "81": [
                    0,
                    1
                ],
                "40": [
                    0,
                    23
                ],
                "68": [
                    0,
                    22
                ],
                "33": [
                    0,
                    0
                ],
                "56": [
                    0,
                    13
                ],
                "38": [
                    0,
                    5
                ],
                "89": [
                    0,
                    12
                ],
                "31": [
                    0,
                    10
                ],
                "62": [
                    0,
                    26
                ],
                "60": [
                    0,
                    14
                ],
                "75": [
                    0,
                    2
                ],
                "52": [
                    0,
                    28
                ],
                "88": [
                    0,
                    11
                ],
                "29": [
                    0,
                    27
                ],
                "55": [
                    0,
                    17
                ],
                "8": [
                    0,
                    19
                ],
                "47": [
                    0,
                    18
                ],
                "4": [
                    0,
                    25
                ],
                "24": [
                    0,
                    16
                ],
                "48": [
                    0,
                    6
                ],
                "49": [
                    0,
                    8
                ],
                "64": [
                    0,
                    21
                ],
                "25": [
                    0,
                    4
                ],
                "34": [
                    1,
                    15
                ],
                "36": [
                    1,
                    23
                ],
                "44": [
                    1,
                    16
                ],
                "45": [
                    1,
                    26
                ],
                "46": [
                    1,
                    13
                ],
                "50": [
                    1,
                    3
                ],
                "51": [
                    1,
                    27
                ],
                "54": [
                    1,
                    1
                ],
                "84": [
                    1,
                    21
                ],
                "76": [
                    1,
                    5
                ],
                "16": [
                    1,
                    0
                ],
                "73": [
                    1,
                    4
                ],
                "9": [
                    1,
                    8
                ],
                "82": [
                    1,
                    9
                ],
                "10": [
                    1,
                    12
                ],