{
    "total_costs": {
        "num_comms": 6897,
        "epairs": 6897,
        "total_fidelity_log_sum": -531.9485885366569,
        "total_fidelity_loss": 522.0520508934449,
        "geo_mean_fidelity": 0.9959413733449336,
        "total_fidelity": 9.498681865448101e-232,
        "execution_time": 37.505730628967285,
        "remote_hops": 6897,
        "remote_swaps": 0,
        "local_fidelity": 5.810177145916286e-77,
        "remote_fidelity": 1.6348351568117506e-155,
        "local_fidelity_loss": 174.79548845387046,
        "remote_fidelity_loss": 347.2565624395744,
        "local_fidelity_log_sum": -175.53944110033171,
        "remote_fidelity_log_sum": -356.40914743632516,
        "local_gate_num": 123903
    },
    "num_records": 1,
    "records": [
        {
            "layer_start": 0,
            "layer_end": 901,
            "partition": [
                [
                    71,
                    80,
                    75,
                    68,
                    9,
                    57,
                    2,
                    33,
                    4,
                    42,
                    61,
                    32,
                    1,
                    8,
                    30,
                    49,
                    41,
                    84,
                    45,
                    48,
                    7,
                    85,
                    11,
                    74,
                    29,
                    38,
                    37,
                    56,
                    53,
                    81,
                    24,
                    28,
                    21,
                    40,
                    55
                ],
                [
                    51,
                    78,
                    72,
                    66,
                    43,
                    62,
                    22,
                    47,
                    64,
                    3,
                    10,
                    50,
                    54,
                    16,
                    44,
                    26,
                    36,
                    6,
                    73,
                    67,
                    89,
                    14,
                    34,
                    13,
                    58,
                    12,
                    17,
                    19,
                    65,
                    63,
                    69,
                    20,
                    31,
                    35,
                    60
                ],
                [
                    88,
                    77,
                    76,
                    0,
                    27,
                    39,
                    59,
                    52,
                    70,
                    23,
                    79,
                    46,
                    86,
                    25,
                    87,
                    15,
                    82,
                    5,
                    83,
                    18
                ]
            ],
            "mapping_type": "telegate",
            "costs": {
                "num_comms": 6897,
                "epairs": 6897,
                "total_fidelity_log_sum": -531.9485885366569,
                "total_fidelity_loss": 522.0520508934449,
                "geo_mean_fidelity": 0.9959413733449336,
                "total_fidelity": 9.498681865448101e-232,
                "execution_time": 0.0,
                "remote_hops": 6897,
                "remote_swaps": 0,
                "local_fidelity": 5.810177145916286e-77,
                "remote_fidelity": 1.6348351568117506e-155,
                "local_fidelity_loss": 174.79548845387046,
                "remote_fidelity_loss": 347.2565624395744,
                "local_fidelity_log_sum": -175.53944110033171,
                "remote_fidelity_log_sum": -356.40914743632516,
                "local_gate_num": 123903
            },
            "logical_phy_map": {
                "71": [
                    0,
                    34
                ],
                "80": [
                    0,
                    8
                ],
                "75": [
                    0,
                    33
                ],
                "68": [
                    0,
                    0
                ],
                "9": [
                    0,
                    31
                ],
                "57": [
                    0,
                    11
                ],
                "2": [
                    0,
                    7
                ],
                "33": [
                    0,
                    14
                ],
                "4": [
                    0,
                    28
                ],
                "42": [
                    0,
                    30
                ],
                "61": [
                    0,
                    18
                ],
                "32": [
                    0,
                    3
                ],
                "1": [
                    0,
                    15
                ],
                "8": [
                    0,
                    20
                ],
                "30": [
                    0,
                    6
                ],
                "49": [
                    0,
                    13
                ],
                "41": [
                    0,
                    10
                ],
                "84": [
                    0,
                    22
                ],
                "45": [
                    0,
                    16
                ],
                "48": [
                    0,
                    5
                ],
                "7": [
                    0,
                    26
                ],
                "85": [
                    0,
                    17
                ],
                "11": [
                    0,
                    21
                ],
                "74": [
                    0,
                    24
                ],
                "29": [
                    0,
                    19
                ],
                "38": [
                    0,
                    4
                ],
                "37": [
                    0,
                    2
                ],
                "56": [
                    0,
                    27
                ],
                "53": [
                    0,
                    23
                ],
                "81": [
                    0,
                    9
                ],
                "24": [
                    0,
                    25
                ],
                "28": [
                    0,
                    32
                ],
                "21": [
                    0,
                    12
                ],
                "40": [
                    0,
                    1
                ],
                "55": [
                    0,
                    29
                ],
                "51": [
                    1,
                    30
                ],
                "78": [
                    1,
                    4
                ],
                "72": [
                    1,
                    6
                ],
                "66": [
                    1,
                    19
                ],
                "43": [
                    1,
                    33
                ],
                "62": [
                    1,
                    10
                ],
                "22": [
                    1,
                    27
                ],
                "47": [
                    1,
                    32
                ],
                "64": [
                    1,
                    24
                ],