{
    "total_costs": {
        "num_comms": 18073,
        "epairs": 18073,
        "total_fidelity_log_sum": -1662.1525233550108,
        "total_fidelity_loss": 1642.513429917482,
        "geo_mean_fidelity": 0.997110332586288,
        "total_fidelity": 0.0,
        "execution_time": 149.673992395401,
        "remote_hops": 18073,
        "remote_swaps": 0,
        "local_fidelity": 7.4e-323,
        "remote_fidelity": 6e-323,
        "local_fidelity_loss": 907.0889870878029,
        "remote_fidelity_loss": 735.424442829679,
        "local_fidelity_log_sum": -911.3459382110367,
        "remote_fidelity_log_sum": -750.8065851439741,
        "local_gate_num": 556301
    },
    "records": [
        {
            "layer_start": 0,
            "layer_end": 5404,
            "partition": [
                [
                    31,
                    19,
                    74,
                    38,
                    28,
                    102,
                    126,
                    61,
                    45,
                    89,
                    73,
                    32,
                    58,
                    68,
                    40,
                    43,
                    18,
                    56,
                    10,
                    22,
                    41,
                    66,
                    97,
                    3,
                    94,
                    35,
                    115,
                    14,
                    23,
                    27,
                    103,
                    65,
                    84,
                    7,
                    29,
                    21,
                    114,
                    12,
                    44,
                    62,
                    63,
                    36,
                    60,
                    119,
                    123,
                    91,
                    34,
                    100,
                    4,
                    48
                ],
                [
                    83,
                    71,
                    122,
                    64,
                    49,
                    15,
                    42,
                    86,
                    69,
                    50,
                    47,
                    25,
                    5,
                    87,
                    2,
                    95,
                    1,
                    11,
                    107,
                    111,
                    75,
                    105,
                    13,
                    77,
                    33,
                    52,
                    30,
                    112,
                    51,
                    108,
                    85,
                    109,
                    37,
                    101,
                    53,
                    106,
                    72,
                    24,
                    113,
                    46,
                    67,
                    79,
                    70,
                    59,
                    81,
                    90,
                    82,
                    120,
                    54,
                    104
                ],
                [
                    98,
                    78,
                    118,
                    80,
                    99,
                    128,
                    57,
                    96,
                    121,
                    16,
                    129,
                    17,
                    116,
                    55,
                    20,
                    127,
                    76,
                    0,
                    9,
                    6,
                    88,
                    39,
                    92,
                    26,
                    117,
                    124,
                    125,
                    8,
                    110,
                    93
                ]
            ],
            "mapping_type": "telegate",
            "costs": {
                "num_comms": 18073,
                "epairs": 18073,
                "total_fidelity_log_sum": -1662.1525233550108,
                "total_fidelity_loss": 1642.513429917482,
                "geo_mean_fidelity": 0.997110332586288,
                "total_fidelity": 0.0,
                "execution_time": 0.0,
                "remote_hops": 18073,
                "remote_swaps": 0,
                "local_fidelity": 7.4e-323,
                "remote_fidelity": 6e-323,
                "local_fidelity_loss": 907.0889870878029,
                "remote_fidelity_loss": 735.424442829679,
                "local_fidelity_log_sum": -911.3459382110367,
                "remote_fidelity_log_sum": -750.8065851439741,
                "local_gate_num": 556301
            },
            "extra_info": null
        }
    ]
}