{
    "total_costs": {
        "num_comms": 3120,
        "epairs": 3120,
        "total_fidelity_log_sum": -570.7937387001973,
        "total_fidelity_loss": 566.1662352191876,
        "geo_mean_fidelity": 0.9978993504578225,
        "total_fidelity": 1.280645646871731e-248,
        "execution_time": 66.36514139175415,
        "remote_hops": 3120,
        "remote_swaps": 0,
        "local_fidelity": 2.379331667443227e-193,
        "remote_fidelity": 5.382375498107342e-56,
        "local_fidelity_loss": 441.4651048650255,
        "remote_fidelity_loss": 124.70113035416202,
        "local_fidelity_log_sum": -443.53210331165866,
        "remote_fidelity_log_sum": -127.26163538853861,
        "local_gate_num": 268317
    },
    "records": [
        {
            "layer_start": 0,
            "layer_end": 2737,
            "partition": [
                [
                    47,
                    15,
                    35,
                    19,
                    58,
                    65,
                    13,
                    10,
                    48,
                    3,
                    56,
                    64,
                    41,
                    57,
                    0,
                    8,
                    25,
                    27,
                    30,
                    37,
                    21,
                    22,
                    14,
                    33,
                    29,
                    42,
                    1,
                    36,
                    34,
                    67,
                    52,
                    59,
                    49,
                    68,
                    46,
                    69,
                    24,
                    62,
                    54,
                    55,
                    7,
                    20,
                    5,
                    6,
                    12,
                    38,
                    51,
                    2,
                    61,
                    31
                ],
                [
                    50,
                    16,
                    11,
                    4,
                    26,
                    43,
                    9,
                    39,
                    17,
                    40,
                    66,
                    18,
                    60,
                    53,
                    63,
                    23,
                    28,
                    44,
                    32,
                    45
                ]
            ],
            "mapping_type": "telegate",
            "costs": {
                "num_comms": 3120,
                "epairs": 3120,
                "total_fidelity_log_sum": -570.7937387001973,
                "total_fidelity_loss": 566.1662352191876,
                "geo_mean_fidelity": 0.9978993504578225,
                "total_fidelity": 1.280645646871731e-248,
                "execution_time": 0.0,
                "remote_hops": 3120,
                "remote_swaps": 0,
                "local_fidelity": 2.379331667443227e-193,
                "remote_fidelity": 5.382375498107342e-56,
                "local_fidelity_loss": 441.4651048650255,
                "remote_fidelity_loss": 124.70113035416202,
                "local_fidelity_log_sum": -443.53210331165866,
                "remote_fidelity_log_sum": -127.26163538853861,
                "local_gate_num": 268317
            },
            "extra_info": null
        }
    ]
}