{
    "total_costs": {
        "num_comms": 4725,
        "epairs": 4725,
        "total_fidelity_log_sum": -286.5467914684467,
        "total_fidelity_loss": 282.59680354011056,
        "geo_mean_fidelity": 0.9973851005358952,
        "total_fidelity": 3.583518560300044e-125,
        "execution_time": 23.19573974609375,
        "remote_hops": 4725,
        "remote_swaps": 0,
        "local_fidelity": 4.797840543806974e-44,
        "remote_fidelity": 7.469023881849576e-82,
        "local_fidelity_loss": 99.63790604635419,
        "remote_fidelity_loss": 182.95889749375638,
        "local_fidelity_log_sum": -99.74557816175684,
        "remote_fidelity_log_sum": -186.80121330668985,
        "local_gate_num": 104714
    },
    "records": [
        {
            "layer_start": 0,
            "layer_end": 2737,
            "partition": [
                [
                    19,
                    63,
                    24,
                    13,
                    26,
                    60,
                    51,
                    61,
                    27,
                    1,
                    17,
                    30,
                    32,
                    23,
                    28,
                    40,
                    52,
                    22,
                    53,
                    44,
                    59,
                    6,
                    42,
                    41,
                    67,
                    25,
                    46,
                    56,
                    31,
                    50
                ],
                [
                    37,
                    55,
                    10,
                    36,
                    65,
                    11,
                    0,
                    48,
                    45,
                    39,
                    69,
                    2,
                    33,
                    34,
                    35,
                    29,
                    47,
                    38,
                    49,
                    9,
                    43,
                    7,
                    21,
                    57,
                    58,
                    54,
                    62,
                    66,
                    3,
                    4
                ],
                [
                    68,
                    8,
                    14,
                    12,
                    15,
                    16,
                    5,
                    18,
                    20,
                    64
                ]
            ],
            "mapping_type": "telegate",
            "costs": {
                "num_comms": 4725,
                "epairs": 4725,
                "total_fidelity_log_sum": -286.5467914684467,
                "total_fidelity_loss": 282.59680354011056,
                "geo_mean_fidelity": 0.9973851005358952,
                "total_fidelity": 3.583518560300044e-125,
                "execution_time": 0.0,
                "remote_hops": 4725,
                "remote_swaps": 0,
                "local_fidelity": 4.797840543806974e-44,
                "remote_fidelity": 7.469023881849576e-82,
                "local_fidelity_loss": 99.63790604635419,
                "remote_fidelity_loss": 182.95889749375638,
                "local_fidelity_log_sum": -99.74557816175684,
                "remote_fidelity_log_sum": -186.80121330668985,
                "local_gate_num": 104714
            },
            "extra_info": null
        }
    ]
}