{
    "total_costs": {
        "num_comms": 2,
        "epairs": 2,
        "total_fidelity_log_sum": -0.07726811129178285,
        "total_fidelity_loss": 0.0759857551587299,
        "geo_mean_fidelity": 0.9808683503879855,
        "total_fidelity": 0.9256416453570003,
        "execution_time": 0.016633033752441406,
        "remote_hops": 2,
        "remote_swaps": 0,
        "local_fidelity": 0.9945884601406471,
        "remote_fidelity": 0.9306780467029582,
        "local_fidelity_loss": 0.00541888092697812,
        "remote_fidelity_loss": 0.07056687423175179,
        "local_fidelity_log_sum": -0.005426235281731322,
        "remote_fidelity_log_sum": -0.07184187601005153,
        "local_gate_num": 2
    },
    "records": [
        {
            "layer_start": 0,
            "layer_end": 2,
            "partition": [
                [
                    0,
                    1
                ],
                [
                    2,
                    3
                ]
            ],
            "mapping_type": "telegate",
            "costs": {
                "num_comms": 2,
                "epairs": 2,
                "total_fidelity_log_sum": -0.07726811129178285,
                "total_fidelity_loss": 0.0759857551587299,
                "geo_mean_fidelity": 0.9808683503879855,
                "total_fidelity": 0.9256416453570003,
                "execution_time": 0.0,
                "remote_hops": 2,
                "remote_swaps": 0,
                "local_fidelity": 0.9945884601406471,
                "remote_fidelity": 0.9306780467029582,
                "local_fidelity_loss": 0.00541888092697812,
                "remote_fidelity_loss": 0.07056687423175179,
                "local_fidelity_log_sum": -0.005426235281731322,
                "remote_fidelity_log_sum": -0.07184187601005153,
                "local_gate_num": 2
            },
            "extra_info": null
        }
    ]
}