{
    "total_costs": {
        "num_comms": 2,
        "epairs": 2,
        "total_fidelity_log_sum": -0.1046063060555617,
        "total_fidelity_loss": 0.10224775218579797,
        "geo_mean_fidelity": 0.9934834314013501,
        "total_fidelity": 0.9006790446808588,
        "execution_time": 0.030904054641723633,
        "remote_hops": 2,
        "remote_swaps": 0,
        "local_fidelity": 0.9931802286554279,
        "remote_fidelity": 0.9068636473968097,
        "local_fidelity_loss": 0.006835526374018203,
        "remote_fidelity_loss": 0.09541222581177977,
        "local_fidelity_log_sum": -0.006843132256468061,
        "remote_fidelity_log_sum": -0.09776317379909365,
        "local_gate_num": 14
    },
    "records": [
        {
            "layer_start": 0,
            "layer_end": 5,
            "partition": [
                [
                    0,
                    1
                ],
                [
                    2,
                    3
                ]
            ],
            "mapping_type": "telegate",
            "costs": {
                "num_comms": 2,
                "epairs": 2,
                "total_fidelity_log_sum": -0.1046063060555617,
                "total_fidelity_loss": 0.10224775218579797,
                "geo_mean_fidelity": 0.9934834314013501,
                "total_fidelity": 0.9006790446808588,
                "execution_time": 0.0,
                "remote_hops": 2,
                "remote_swaps": 0,
                "local_fidelity": 0.9931802286554279,
                "remote_fidelity": 0.9068636473968097,
                "local_fidelity_loss": 0.006835526374018203,
                "remote_fidelity_loss": 0.09541222581177977,
                "local_fidelity_log_sum": -0.006843132256468061,
                "remote_fidelity_log_sum": -0.09776317379909365,
                "local_gate_num": 14
            },
            "logical_phy_map": {
                "0": [
                    0,
                    0
                ],
                "1": [
                    0,
                    1
                ],
                "2": [
                    1,
                    0
                ],
                "3": [
                    1,
                    1
                ]
            },
            "extra_info": null
        }
    ]
}