{
    "total_costs": {
        "num_comms": 2,
        "epairs": 2,
        "total_fidelity_log_sum": -0.08405938585449797,
        "total_fidelity_loss": 0.08252629927019844,
        "geo_mean_fidelity": 0.9792044267386396,
        "total_fidelity": 0.9193766565055671,
        "execution_time": 0.09298515319824219,
        "remote_hops": 2,
        "remote_swaps": 0,
        "local_fidelity": 0.9945884601406471,
        "remote_fidelity": 0.9243789701476688,
        "local_fidelity_loss": 0.00541888092697812,
        "remote_fidelity_loss": 0.07710741834322032,
        "local_fidelity_log_sum": -0.005426235281731322,
        "remote_fidelity_log_sum": -0.07863315057276665,
        "local_gate_num": 2
    },
    "records": [
        {
            "layer_start": 0,
            "layer_end": 2,
            "partition": [
                [
                    0,
                    1
                ],
                [
                    2,
                    3
                ]
            ],
            "mapping_type": "telegate",
            "costs": {
                "num_comms": 2,
                "epairs": 2,
                "total_fidelity_log_sum": -0.08405938585449797,
                "total_fidelity_loss": 0.08252629927019844,
                "geo_mean_fidelity": 0.9792044267386396,
                "total_fidelity": 0.9193766565055671,
                "execution_time": 0.0,
                "remote_hops": 2,
                "remote_swaps": 0,
                "local_fidelity": 0.9945884601406471,
                "remote_fidelity": 0.9243789701476688,
                "local_fidelity_loss": 0.00541888092697812,
                "remote_fidelity_loss": 0.07710741834322032,
                "local_fidelity_log_sum": -0.005426235281731322,
                "remote_fidelity_log_sum": -0.07863315057276665,
                "local_gate_num": 2
            },
            "extra_info": null
        }
    ]
}