{
    "total_costs": {
        "num_comms": 120,
        "epairs": 120,
        "geo_mean_fidelity": 0.995015411638852,
        "total_fidelity_loss": 5.324573311781805,
        "total_fidelity": 0.004419174556483244,
        "execution_time": 0.6767380237579346,
        "remote_hops": 120,
        "remote_swaps": 0,
        "local_fidelity": 0.484082296759599,
        "remote_fidelity": 0.009128973701506497,
        "local_fidelity_loss": 0.7247089811629528,
        "remote_fidelity_loss": 4.5998643306188525,
        "local_fidelity_log_sum": -0.7255003520924813,
        "remote_fidelity_log_sum": -4.6963020001672255,
        "local_gate_num": 965
    },
    "records": [
        {
            "layer_start": 0,
            "layer_end": 308,
            "partition": [
                [
                    0,
                    1,
                    2,
                    3,
                    4,
                    5,
                    6,
                    7,
                    8,
                    9,
                    10,
                    11,
                    12,
                    13,
                    14,
                    15,
                    16,
                    17,
                    18,
                    19,
                    20,
                    21,
                    22,
                    23,
                    24,
                    25,
                    26,
                    27,
                    28,
                    29
                ],
                [
                    30,
                    31,
                    32,
                    33,
                    34,
                    35,
                    36,
                    37,
                    38,
                    39,
                    40,
                    41,
                    42,
                    43,
                    44,
                    45,
                    46,
                    47,
                    48,
                    49,
                    50,
                    51,
                    52,
                    53,
                    54,
                    55,
                    56,
                    57,
                    58,
                    59
                ],
                [
                    60,
                    61,
                    62,
                    63,
                    64,
                    65,
                    66,
                    67,
                    68,
                    69,
                    70,
                    71,
                    72,
                    73,
                    74,
                    75,
                    76,
                    77,
                    78,
                    79,
                    80,
                    81,
                    82,
                    83,
                    84,
                    85,
                    86,
                    87,
                    88,
                    89
                ]
            ],
            "mapping_type": "telegate",
            "costs": {
                "num_comms": 120,
                "epairs": 120,
                "geo_mean_fidelity": 0.995015411638852,
                "total_fidelity_loss": 5.324573311781805,
                "total_fidelity": 0.004419174556483244,
                "execution_time": 0.0,
                "remote_hops": 120,
                "remote_swaps": 0,
                "local_fidelity": 0.484082296759599,
                "remote_fidelity": 0.009128973701506497,
                "local_fidelity_loss": 0.7247089811629528,
                "remote_fidelity_loss": 4.5998643306188525,
                "local_fidelity_log_sum": -0.7255003520924813,
                "remote_fidelity_log_sum": -4.6963020001672255,
                "local_gate_num": 965
            },
            "extra_info": null
        }
    ]
}