{
    "total_costs": {
        "num_comms": 26,
        "epairs": 52,
        "geo_mean_fidelity": 0.998747025657839,
        "total_fidelity_loss": 2.1594491030232508,
        "total_fidelity": 0.11286731550613266,
        "execution_time": 6.008708238601685,
        "remote_hops": 0,
        "remote_swaps": 26,
        "local_fidelity": 0.3113451607384592,
        "remote_fidelity": 0.3625150788868215,
        "local_fidelity_loss": 1.1655733444017655,
        "remote_fidelity_loss": 0.9938757586214854,
        "local_fidelity_log_sum": -1.166853140619027,
        "remote_fidelity_log_sum": -1.0146892086233732,
        "local_gate_num": 1714
    },
    "records": [
        {
            "layer_start": 0,
            "layer_end": 91,
            "partition": [
                [
                    30,
                    31,
                    32,
                    33,
                    34,
                    35,
                    36,
                    37,
                    38,
                    39,
                    40,
                    41,
                    42,
                    43,
                    44,
                    45,
                    46,
                    47,
                    48,
                    49,
                    50,
                    51,
                    52,
                    53,
                    54,
                    55,
                    56,
                    57,
                    58,
                    59
                ],
                [
                    0,
                    1,
                    2,
                    3,
                    4,
                    5,
                    6,
                    7,
                    8,
                    9,
                    10,
                    11,
                    12,
                    13,
                    14,
                    15,
                    16,
                    17,
                    18,
                    19,
                    20,
                    21,
                    22,
                    23,
                    24,
                    25,
                    26,
                    27,
                    28,
                    29
                ],
                [
                    60,
                    61,
                    62,
                    63,
                    64,
                    65,
                    66,
                    67,
                    68,
                    69,
                    70,
                    71,
                    72,
                    73,
                    74,
                    75,
                    76,
                    77,
                    78,
                    79,
                    80,
                    81,
                    82,
                    83,
                    84,
                    85,
                    86,
                    87,
                    88,
                    89
                ]
            ],
            "mapping_type": "teledata",
            "costs": {
                "num_comms": 0,
                "epairs": 0,
                "geo_mean_fidelity": 0.9994269284943242,
                "total_fidelity_loss": 0.3722028488239465,
                "total_fidelity": 0.6889385128873912,
                "execution_time": 0.0,
                "remote_hops": 0,
                "remote_swaps": 0,
                "local_fidelity": 0.6889385128873912,
                "remote_fidelity": 1.0,
                "local_fidelity_loss": 0.3722028488239465,
                "remote_fidelity_loss": 0.0,
                "local_fidelity_log_sum": -0.3726032530430227,
                "remote_fidelity_log_sum": 0.0,
                "local_gate_num": 650
            },
            "extra_info": null
        },
        {
            "layer_start": 92,
            "layer_end": 178,
            "partition": [
                [
                    0,
                    30,
                    31,
                    32,
                    33,
                    34,
                    35,
                    36,
                    37,
                    38,
                    39,
                    40,
                    41,
                    42,
                    43,
                    44,
                    45,
                    46,
                    47,
                    48,
                    49,
                    50,
                    51,
                    52,
                    53,
                    54,
                    55,
                    56,
                    57,
                    58
                ],
                [
                    1,
                    2,
                    3,
                    4,
                    5,
                    6,
                    7,
                    8,
                    9,
                    10,
                    11,
                    12,
                    13,
                    14,
                    15,
                    16,
                    17,
                    18,
                    19,
                    20,
                    21,
                    22,
                    23,
                    24,
                    25,
                    26,
                    27,
                    28,
                    29,
                    59
                ],
                [
                    60,
                    61,
                    62,
                    63,
                    64,
                    65,
                    66,
                    67,
                    68,
                    69,
                    70,
                    71,
                    72,
                    73,
                    74,
                    75,
                    76,
                    77,
                    78,
                    79,
                    80,
                    81,
                    82,
                    83,
                    84,
                    85,
                    86,
                    87,
                    88,
                    89
                ]
            ],
            "mapping_type": "teledata",
            "costs": {
                "num_comms": 1,
                "epairs": 2,
                "geo_mean_fidelity": 0.9991389929078826,
                "total_fidelity_loss": 0.3756111421685937,
                "total_fidelity": 0.6863125288414703,
                "execution_time": 0.0,
                "remote_hops": 0,
                "remote_swaps": 1,
                "local_fidelity": 0.7066286252691437,
                "remote_fidelity": 0.9712492592273129,
                "local_fidelity_loss": 0.34686040139590657,
                "remote_fidelity_loss": 0.028750740772687133,
                "local_fidelity_log_sum": -0.3472500335994977,
                "remote_fidelity_log_sum": -0.029172140000892084,
                "local_gate_num": 436
            },
            "extra_info": null
        },
        {
            "layer_start": 179,
            "layer_end": 217,